path,bytes,sha256
01_Evidence/engine_and_native_inventory.json,2825,4359f77e6bc06f83c1ea09ef2626f88b7c13c1eeab2fae7119586394e5c42360
02_Gameplay/HotUpdate/AlgorithmDependencies/1.js,213,e48cb0694992f5f553ff9d435d8a7f0e5d719952e6faa888b71460b8011b2c57
02_Gameplay/HotUpdate/AlgorithmDependencies/10.js,704,0f7e58449b25fd005bf9a33e66f2f56ae690031c56ce56b49c8b9331e39708c4
02_Gameplay/HotUpdate/AlgorithmDependencies/11.js,1136,df59529b8fdaeeab61aa853f92ddaefafb7179cc8b2505665ec82b741471a09c
02_Gameplay/HotUpdate/AlgorithmDependencies/12.js,2081,aafa6f9df37003160f29b512da82e0dc84eaff4e03c1796510f7693fc72e2235
02_Gameplay/HotUpdate/AlgorithmDependencies/13.js,1137,a1479923736d3aa07aa740acbf4d7fecd473840a9652a432ee02df1b1c2a3c81
02_Gameplay/HotUpdate/AlgorithmDependencies/14.js,4543,6c5db38f84b6b36e42a343a1c9981deac1fbd063c3be48d9ffaf53e9d41cd3e4
02_Gameplay/HotUpdate/AlgorithmDependencies/15.js,1088,54b338b5c61f2dabd97877827f1ea2f364e8d70cc3624af36f83dcec0a2b305b
02_Gameplay/HotUpdate/AlgorithmDependencies/16.js,1238,7876df0b5c9c9ebd3e88a1ea02d2b221e7175282cda6e6ce014a738230f3f609
02_Gameplay/HotUpdate/AlgorithmDependencies/17.js,899,607108498f8cc40fab3423282ad2f4799f80ecc2f283ab162df7b9dee0e0af11
02_Gameplay/HotUpdate/AlgorithmDependencies/18.js,755,9ad5c9339486d93b2c8158aa21ed41544b9df0a7012c5cf20f3195a3b21bed80
02_Gameplay/HotUpdate/AlgorithmDependencies/19.js,854,7c7ff4a80093461a068989f06910be2a922a50b61dc65c809c830d5553431ca9
02_Gameplay/HotUpdate/AlgorithmDependencies/2.js,3549,e9abec3cba927316892ecc70b7c865bf53d2b2e8fde9b5efd224b73248e4254b
02_Gameplay/HotUpdate/AlgorithmDependencies/20.js,750,c295e67644807e9bd4266f5072a3274eba1f654dcd78f232214375e77e9831a7
02_Gameplay/HotUpdate/AlgorithmDependencies/21.js,747,eabdae3e15a05749c70c2d577659e0594b4e3e9c41a98ba22b4209d6502d7e4f
02_Gameplay/HotUpdate/AlgorithmDependencies/22.js,682,49404456a3b7a54c55df3c46d4910356c8ba46d01adf9dbaaedef8d0d7f684b0
02_Gameplay/HotUpdate/AlgorithmDependencies/23.js,553,262b29427d8ab6faa0dabf4df2a1e55ddec6fb5d7709c6a0a900177901643cfb
02_Gameplay/HotUpdate/AlgorithmDependencies/24.js,778,96ec23cd47d44f1469e04041ec02a2dfc7afe4f2192a8044d360bcc75d582b65
02_Gameplay/HotUpdate/AlgorithmDependencies/25.js,1266,0a75fd262421b116d691873838906ad9febcf8a4ab94607ed4154e98470e13db
02_Gameplay/HotUpdate/AlgorithmDependencies/26.js,3437,df5d339738449fe53c2d3b4446f6bd2f0962bcc7cdc5ef8adb411f44724c8d78
02_Gameplay/HotUpdate/AlgorithmDependencies/27.js,3529,53ce03ea0f1eef86f693f66db961785981ac31dfc0a96eb2a627db120cc3ea21
02_Gameplay/HotUpdate/AlgorithmDependencies/28.js,1569,39a570cb2acd81809a2637b1955aaff669edd79828662afc72162942711dc5a6
02_Gameplay/HotUpdate/AlgorithmDependencies/29.js,3889,c9ab98d47ec6072921ad57ac0e09f0aa4f37ebe47ee45b42aa4871d13326893e
02_Gameplay/HotUpdate/AlgorithmDependencies/3.js,14565,135b1321d9d8bf22125e8829ed79ee21de2b028cb392488400838d7c8e9367cd
02_Gameplay/HotUpdate/AlgorithmDependencies/30.js,1726,d5d3ceb39ab72c43aaf91703ce979ebecf41be8ffd6701a1696ec8dba5858eb2
02_Gameplay/HotUpdate/AlgorithmDependencies/31.js,884,278d88951a739448a2a493f8cf74fcca40d95c531fb38e7259f4ad39475d52e2
02_Gameplay/HotUpdate/AlgorithmDependencies/32.js,2248,07ba50775f3a1ba14f0c3d3c2d6c51b4d6890f28513370d62e62f34baea52e2f
02_Gameplay/HotUpdate/AlgorithmDependencies/33.js,3510,c3e49e7c8af8d694ff8a59a8b801caedf380438a12d4526b7348f962c5f8a4ec
02_Gameplay/HotUpdate/AlgorithmDependencies/34.js,1142,6bf5cb03b2b96b26cdf7b02b3b9f479e4df110453305b308fb62b317a61ff672
02_Gameplay/HotUpdate/AlgorithmDependencies/35.js,6297,9b8ede62e8e48a5fd3166ed46e667175711642ee306cfba419a7d2e9c52a4063
02_Gameplay/HotUpdate/AlgorithmDependencies/36.js,12473,30e2cf0323c5f3435f9720e6b4de264432041aa27cf7211d2a250b9a95e19be1
02_Gameplay/HotUpdate/AlgorithmDependencies/37.js,1032,2d65fe1e343123ff84586fc2b764fa699fb93e80c33dcfaf53b6453a6d0b6f4d
02_Gameplay/HotUpdate/AlgorithmDependencies/4.js,5383,fbb8f7c8e65f5ca20d560fdf71ad759a453b24cb8a220bf5a4d7121436617c9b
02_Gameplay/HotUpdate/AlgorithmDependencies/5.js,5212,4300baf662854c30351a9ba1bad6db7e06042765b6e63caa739596e811c006c7
02_Gameplay/HotUpdate/AlgorithmDependencies/6.js,1525,37928b032bb7254fd576294a065a8bd2f8fd5fd9cf51cc1bb6ccff1b13acea51
02_Gameplay/HotUpdate/AlgorithmDependencies/7.js,1710,ea455f827d7107cd9dce5a59b2fa093d26d3c918defdf4a16e18c2211160a902
02_Gameplay/HotUpdate/AlgorithmDependencies/8.js,1305,44756d174098194c5a7379adf5468d7ea34b34b1f86896a5b88bcb112701ac3b
02_Gameplay/HotUpdate/AlgorithmDependencies/9.js,1119,ebebfdaf76bfabc172c9c02e5a868eb402bbd5b11c53420777345bacadb18dd6
02_Gameplay/HotUpdate/module_manifest.json,65891,3b352d72bde9cc6b6a0ac376bc9758660612aba9483b693f02de9a9cb6bc3a8e
02_Gameplay/HotUpdate/Modules/AccountCheckManager.js,2067,38c49142da6847ef6586ca5498f8ed3e811dd45e89d7665cbf23fc01fcb1a2cb
02_Gameplay/HotUpdate/Modules/AccountDetailsView.js,6309,3f1344cae258cc159a6ea79a9197539c0e9fa5c84dee551140480bddafa9e36c
02_Gameplay/HotUpdate/Modules/AdaptNotchScreen.js,1984,f86b420ac34b2e9904b18375584a8d818f2d690fc405d5dc85431d384c369f3e
02_Gameplay/HotUpdate/Modules/AudioManager.js,1001,131c4d240f819687889744d5a6b1aee1b96cf00ee1b6cef5229d8f796f358282
02_Gameplay/HotUpdate/Modules/BaoXiangFly.js,2806,7501e8a356fd5fb0b733f48631b218d67dec16998b0e447757dd518b9a554e70
02_Gameplay/HotUpdate/Modules/BaoXiangOkSpin.js,2575,c6652bb7afe6a09833066cf2534749e89f234ba6903183144fba0810189fba66
02_Gameplay/HotUpdate/Modules/BaseRecord.js,621,270adac3b7b7cf738a172caf4efe81e747d1fe9f3e826262b5052080cef84a56
02_Gameplay/HotUpdate/Modules/BaseScene.js,597,db5a5b3076f6d7f8b5ee769bffbf6937acbf6fde7ee0de1f192d436dd86f44a4
02_Gameplay/HotUpdate/Modules/BaseTodayDataRecord.js,5675,438f698f89f39e265f40b078dae898e3aa3dfdfff573f6036619cff3706971ac
02_Gameplay/HotUpdate/Modules/BaseUI.js,4825,259a19d9e68d445162722e74bfc4e8570cdc10774ce8ff73c65772f9f076d030
02_Gameplay/HotUpdate/Modules/CashTimeDialog.js,4575,710f1af60ae16ea785141bc75e668efc75169fb97fffa939481d534862bbf216
02_Gameplay/HotUpdate/Modules/ChinaDialog.js,1844,be12ed497b0f421c625fcdeae1047882299c5bb47f6f1f47e18998b0cf1ce8c1
02_Gameplay/HotUpdate/Modules/CircleProgress.js,1892,63b3661756658028f019e1dc3cf97307ae6685702152c73805c5c7810d01f5f5
02_Gameplay/HotUpdate/Modules/CoinItem.js,14208,524c1b6dc3ae1b5524aa46d42e4cb319d1fff5723886cdcc98c51fb3c44ae6d0
02_Gameplay/HotUpdate/Modules/CollectDialog.js,5289,53fecbe4d5b54b4dbe75bc475439e6fd3b2bdd53a40886f7731a51cd05284a19
02_Gameplay/HotUpdate/Modules/CollectSuccessDialog.js,3566,532d285d20ef86542e61f20ee583bb78a55b6a605fc6dff4898767c263b86b5d
02_Gameplay/HotUpdate/Modules/CommonInterface.js,380,852df3b3f65af0bfef3ffca9a47835b110da2ebb2abba9a8f3ad19fd0aeb8cc9
02_Gameplay/HotUpdate/Modules/CongratulationsViewNew.js,336,d93db32820fcf8e34658fae414cba529e67a8b19c6e9dc13d8e86478e076d879
02_Gameplay/HotUpdate/Modules/Controller.js,455,7b5844ae9a0049aa470e5c480576aac478b043a6a393613f14b7032b9c0fe06e
02_Gameplay/HotUpdate/Modules/DateUtils.js,2415,213f00657497ee9c17c5214f920372183fe9f026e09a31e742d8d985d831e85f
02_Gameplay/HotUpdate/Modules/DebugComponent.js,2450,47ecb9708c280ed4999119b265be4a9f76c3fa14b23aa1cc94ccd07c033c7d90
02_Gameplay/HotUpdate/Modules/DebugDialog.js,7617,29eea4d23b4fb88a97f3980d281218bebc58c2608c4cab1b4095164bbd94660a
02_Gameplay/HotUpdate/Modules/EventCenter.js,1895,1edff3f51d0f37153b3c15db5e2c74853b532bf2d27815d92233e74364bc82c9
02_Gameplay/HotUpdate/Modules/EventManager.js,1301,cedb94f3991d33712ba13318e106c82f0a21f241462a13ce3b7be0696319796f
02_Gameplay/HotUpdate/Modules/FailDialog.js,4671,e81e288b9c011c31e88a5371e0b92e2eadb07722cb0d848fa44e5093e5284ff9
02_Gameplay/HotUpdate/Modules/FlyAnimation.js,6907,fa060a9e58e6251525348d3d9020e0c0538acba09245e792a062c3d768e7314a
02_Gameplay/HotUpdate/Modules/FontView.js,1599,c34ea4f26580f19d69b82f1818b7c0284bc70408fe9cc2b369d362dfef029998
02_Gameplay/HotUpdate/Modules/GameClickManager.js,2122,2e56d4d09f2d3b1f9c868f7cff4099d2b1a3328752450f402a90beb6a3681c09
02_Gameplay/HotUpdate/Modules/GameClickSpine.js,1365,fff5476a2fe3b8d63f081462894d2d2b49356f9d62bcf5531f861dfbbb361f71
02_Gameplay/HotUpdate/Modules/GameEventConsts.js,1006,7d79c4f89418ad887e8724e77231457a2aa05d20016c11feea60c675ea5061b6
02_Gameplay/HotUpdate/Modules/GameFakeWDDialog.js,6543,5cdfdc7c7ed1faadb3aa78f8aebecc52f4f4e78b17287d073f01b46504e30109
02_Gameplay/HotUpdate/Modules/GameFakeWDItem.js,3513,5eec40732fad2a3248279a73696b1a0836335237c7a41e9d917c7b6abe1d8985
02_Gameplay/HotUpdate/Modules/GameLocalData.js,3254,8f66590c9f77a0a5e8ccbc674118221c558182783c0c5b306d45c62e2f559b11
02_Gameplay/HotUpdate/Modules/GameManagement.js,19861,d899e5ffac3d1b8331315f51905161b9cc8e22c94b6d213aac941bd3637a399a
02_Gameplay/HotUpdate/Modules/GameObjectFlyTo.js,1262,4f96a598e1418304d60e272430db18e9a8bb444666f09d2b2143e0c3431ec2fb
02_Gameplay/HotUpdate/Modules/GameRealTXYZ.js,10290,09c9ff000ce7649771c072443ae7ff3af0330e0edc43a00c2fc9ee4a2a4d86e1
02_Gameplay/HotUpdate/Modules/GameRealWDAccount.js,3968,886886011beb1bd69097554dc0d619147f06ddcef8251b969b235a7389a95b28
02_Gameplay/HotUpdate/Modules/GameRealWDAccountBR.js,8516,e1995f582746a6275ea36def9de2f91c00dc5cf6f30fd5dacb133fb1d73c3364
02_Gameplay/HotUpdate/Modules/GameRealWDAccountID.js,7869,f2e5d2a14ce18320ba42b9989e1baf71e994859f075249c92f36fe42208a33ea
02_Gameplay/HotUpdate/Modules/GameRealWDActiveTips.js,2259,c19efd05ead6550bd30b89474c3d6a6a396bc04a13f284ea6c8986b7ed006b25
02_Gameplay/HotUpdate/Modules/GameRealWDADIDTips.js,2194,0ad69b8f348b3e62300e493c4dce291b62c2309a7c9ed313c0d361cc0f9316c2
02_Gameplay/HotUpdate/Modules/GameRealWDDialog.js,9986,19a05fddbdc3039911c9014bfdfbe9ac029e607f723cff7b6e615166dc27b42c
02_Gameplay/HotUpdate/Modules/GameRealWDEmailOccupy.js,1994,0825a311193897bcc943c5e63d1d89a3ac2e8ec218f3c668fcbbc837cf084f0a
02_Gameplay/HotUpdate/Modules/GameRealWDHelp.js,1603,aaf18a124cf53071e4caf0417bd1f66db8f841e2fe04d2f36896f1c2f6728383
02_Gameplay/HotUpdate/Modules/GameRealWDItem.js,2265,5f0861d84a6edeb0cfb7868242713407302be7aa44ddb4aea20c624bcde89992
02_Gameplay/HotUpdate/Modules/GameRealWDRecord.js,5606,b70778ba24d8daf92084a1799d561e9a494e2d43999846de162e798bb5410406
02_Gameplay/HotUpdate/Modules/GameRealWDRecordItem.js,4858,ac8d78ae186b611ca0731c256b9d2956a67d5824a493b69a8e739133e7efeedc
02_Gameplay/HotUpdate/Modules/GameRealWDTXSuccess.js,2212,e58a091f314a3c5e40c6b1c3bf6e3f5a858e49d9f9fc97adc8d106ce08bdb599
02_Gameplay/HotUpdate/Modules/GameRealWDTXTips.js,4467,4b00d26fef74d0e6e4eb83ae5164bf31bd58c34790deff7cb693b40c777c09f9
02_Gameplay/HotUpdate/Modules/GameScene.js,75056,935bbbdd84fb3dcd36f4f03bb5096210ccdfbe72ef748fecdfe81667c7fe7db9
02_Gameplay/HotUpdate/Modules/GameUtils.js,7752,829cb5c5dbb0c848c8e770fa64dee2a3cd9b73c0a886a78709db820f5eba3187
02_Gameplay/HotUpdate/Modules/GameWDValidate1.js,2651,2450084d9caec9c880217a6743b231668fe107e24952211d61d7afe899f2196e
02_Gameplay/HotUpdate/Modules/GameWDValidate2.js,5161,c07501d5323c855d9ca1e4c8734d9082e7d3dbb2f1feeff6c803978d57a0f325
02_Gameplay/HotUpdate/Modules/GameWithdrawDialog.js,9906,e054c3673fbd8272ffc216b119a2185a9c6cda59307af11f9d72c107265991b0
02_Gameplay/HotUpdate/Modules/GameWithdrawItem.js,1725,db48618fa79bf83e7a034f7fd857c74a9be02b0a9bc267c6586ce0e4cddc5a24
02_Gameplay/HotUpdate/Modules/GuideDialog.js,9645,e47488ec6be9c74450e7007ab53a63ee561827ac53a51121d5066cf8f4698f41
02_Gameplay/HotUpdate/Modules/GuidePropsDialog.js,2353,3129284ff6ef3ff2295a370caf7b019415927813a2df570ed93f976f44116cfa
02_Gameplay/HotUpdate/Modules/HtmlBtn.js,3554,1002703fecd4085d233077c3e06595f4790486f13074dba91129a5e8a761aae0
02_Gameplay/HotUpdate/Modules/HtmlDialog.js,3699,6e0066ce1e3016b4d40bec12fbb41ba2774ae113000405d2e5ea1204a29f28f2
02_Gameplay/HotUpdate/Modules/HtmlItem.js,7520,b093360e20524e324df954d20058abce80909b4a08eee4ba2d0ff775c17236d4
02_Gameplay/HotUpdate/Modules/HWL_TStool.js,14495,23294b99b6ca721d40c81163f11b40da915b898f077effd1f61980a3cd4be05b
02_Gameplay/HotUpdate/Modules/ImagesPanel.js,1744,382cd2e408b00d9bc1f3b717573dcfe8a0bc071ef3de58cd55c1bb8642fe4bfb
02_Gameplay/HotUpdate/Modules/JBlab.js,1840,9bd079f0f8c15626df1c2439c9e0cddfa1675ee150b5b33b09c1bd6a3fca55c0
02_Gameplay/HotUpdate/Modules/Lab.js,1824,e6eada50b4d6fbd0aa1f8b5be6bb7c84fe0ae15e49dba6a453e1fe2ddf9de4f6
02_Gameplay/HotUpdate/Modules/LanguageDialog.js,3102,4c3af44133415d530965fec080c48f666b9e743fbb11aac6ba1946474f0f8132
02_Gameplay/HotUpdate/Modules/LinkScript.js,973,362bf43d677d1f6577ffa86001196ce40c9633a9e78d3a4b41d59ce2538240ad
02_Gameplay/HotUpdate/Modules/LoadAllResources.js,3148,d9af1c149b4bf58c261848e24f4f4cd29927c875caaf11308d209a36cd15527e
02_Gameplay/HotUpdate/Modules/LoaderCoinSprite.js,1556,f77ee153102c9d5e144588a7d10e36bcd860f7abb4a568c35fa5bd8c127167c3
02_Gameplay/HotUpdate/Modules/LoaderRealCoinSprite.js,1705,9dacbf2c05ff3420564e8fbeeb10c86a8312843ff6d7a97b18f8ffd5e23d2608
02_Gameplay/HotUpdate/Modules/LoadingScene.js,10599,11526933662724b93182cf68965b60b5049ee810892428f0d1bdf5fc608f0e7c
02_Gameplay/HotUpdate/Modules/LogUtils.js,1154,77d8f2aa60ca2af223994259cbc7a7132a0757be72bb3a6d7c49c96585eab248
02_Gameplay/HotUpdate/Modules/LuckDrawDialog.js,5585,035a5eafef7391984b2ebdb56af9c673575e7ce4589ebf417a6ec7380004d9a8
02_Gameplay/HotUpdate/Modules/LuckyDrawRewardDialog.js,7036,292feedde49748a15e42a7f268bd8afa6ffbde965835adc542d3e13efbd391b0
02_Gameplay/HotUpdate/Modules/mergeRuleDialog.js,2245,30f68240d3e5db38c7adef15106bbd1ac1a885d27adeb60f525cc521ca73919c
02_Gameplay/HotUpdate/Modules/MKNotice.js,884,1f8bc695e7af4ede76c98bcb620d531e394b9be5612e802143e709c9791d9e1c
02_Gameplay/HotUpdate/Modules/MKNoticeConsts.js,1067,354ac9b89761ef7e8bd1462935828407cab26f87cda47b6ba7f1b6be522152a3
02_Gameplay/HotUpdate/Modules/NativeCall.js,3193,32585636aa45b734a8e2e3d6f6e9895f6ffda43fde9ad8987b28d751e9ba5dbd
02_Gameplay/HotUpdate/Modules/NewGamePlayData.js,4627,46aa4527c889832d93aed4c795ef1bdc437e578d487a2425c068ad6d13ce0481
02_Gameplay/HotUpdate/Modules/PlatformLoader.js,2205,a0613f2697ad8e55c810a87b0ca9dd414df8eab02878a9c649509e3409f73d65
02_Gameplay/HotUpdate/Modules/PlayData.js,2711,9ef92b6c7f945044a28fbc5e15f38f9fec34bd5ec66e394e9548be338481bcd4
02_Gameplay/HotUpdate/Modules/PreviewSpine.js,316,eb5e46e62e55aaad1163e1aa60a56d60cd4092805f798717dc30980a88b6d4d1
02_Gameplay/HotUpdate/Modules/PrivacyPolicyView.js,1994,126787838ec15b853f9618b012a789ade59dddb70166f3ba2e7f3def756112b0
02_Gameplay/HotUpdate/Modules/ResManager.js,2516,3b59b8321c83ab9b14d554a9ece0967cf937ae22132a49cab2e05c38ed9d522f
02_Gameplay/HotUpdate/Modules/RewardDialog.js,7812,aacb111bd494afcc6f91b971e4c8a17b5d3ed39b95a940b10932525513287331
02_Gameplay/HotUpdate/Modules/RewardRealToast.js,1906,1dead30a7ec50abd7da8cd709e9aacd45c36ace388524ec5e2938619b7b62350
02_Gameplay/HotUpdate/Modules/RewardToast.js,1761,30a326ea31c8bbb32c8e878e2ae3bd37c35deb7855f2c5ab529598bce3dea4e9
02_Gameplay/HotUpdate/Modules/ScoreDialog.js,3194,7dbaf0664df8651e354e22de8e3840b957b50c8160dbb37e134991ae48fca865
02_Gameplay/HotUpdate/Modules/ServerConfig.js,15912,d5b449289ead936610dd9b08ae7840cfa3f2890d4cd173fec1a455da781ad9d9
02_Gameplay/HotUpdate/Modules/SettingDialog.js,5045,316f3ca7d2986dce7041292e31406e27d06811739479456a1b658a0fa877310a
02_Gameplay/HotUpdate/Modules/Singleton.js,536,256e758f90da37d15961b0ce38da32d510c66a376bb1f67416eb3cb83ce07338
02_Gameplay/HotUpdate/Modules/SoundManager.js,3422,167608bac941c8e56d700ed1f3d235ff7f6053af3fb9d351d6fb72be9c20e156
02_Gameplay/HotUpdate/Modules/SuccessDialog.js,5796,87b16c664add9429638793f9be74a001f8fd42783e8c90356833f6bfb902d928
02_Gameplay/HotUpdate/Modules/Toast.js,2357,0a0fa61d70299fa4c52900a334f7344e32a681f791240fd3d45d66ed147eda4a
02_Gameplay/HotUpdate/Modules/TouchButton.js,2609,b1d088e2a6b09442bb591335f08458ef2d8493f57b4f8be361443ee2a3d1275f
02_Gameplay/HotUpdate/Modules/ts.js,2033,52cf9dc76f4235baef5b74857b136b9da3ac644c4cb8f7e4c330e129d77beaa2
02_Gameplay/HotUpdate/Modules/UI_TopRewardLayer.js,12982,072fe55c2ee737aa1a8f9f556ac21af0aac0b628501c8b672fb92c0f714ca472
02_Gameplay/HotUpdate/Modules/UIConfig.js,499,120d5563f50d35e1c06d78191d3b1230eabc4e9b29c023e570ee140ea24d321e
02_Gameplay/HotUpdate/Modules/UIManagerNew.js,4419,b5fef0d8e8976297d10faeccdc1f3ddece3e732e7302a038d1891bbb9eacf0b1
02_Gameplay/HotUpdate/Modules/UIUtils.js,1918,e4dee4e2a066d6800742171f1c1df6fd7e0eda40bc81bc4ab6eaa5d87ed2d84c
02_Gameplay/HotUpdate/Modules/UpdateDialog.js,2278,2fea1a38eba31d9bd928f0fedb12a7b6d0621a3bbb208eb58cf06cbd160e8975
02_Gameplay/HotUpdate/Modules/UserDefaultManager.js,760,a832444b1bed086d473f5faef381453857e579cf226e435373fdb2af8e48d5d5
02_Gameplay/HotUpdate/Modules/WinRewardView.js,3754,141731e696060cb5f8e24d1c846ec1ba8b2a0ff0a4d7b27ca5d3de3275b3dfee
02_Gameplay/HotUpdate/Modules/WithDrawPlatfrom.js,10604,c22ab6fe49c26f73baa3a36bb8654a2ddc38b6dcb37a870aa890bfa884be1195
02_Gameplay/HotUpdate/original_bundle.js.txt,565167,6c6e74e6161abdf59afeb7d486d5f1738639e4289078784cc45c65e23ff19bb7
02_Gameplay/HotUpdate/README.md,12172,414ba08b267f274754ca44dc6fe44278aa6b2329e332fdac2402b65d1930e23c
02_Gameplay/module_body_inventory.json,104831,2e553e164fb7eb30eec450cdff308a43b3a6062d20a95a5cf45840588525ed10
02_Gameplay/NativeCocosAssembly/__lcxx_override.asm,3755,e57baeabcaf7cfc4a0f5c17411a9b167865fbcfb4b35c8ecd08db7a8e99ca843
02_Gameplay/NativeCocosAssembly/branch_references.csv,19458996,5c5024209748d33195199d489cfa1d819ce75b8979c40d8a1f29775fc5d03af8
02_Gameplay/NativeCocosAssembly/coverage.json,1339,c123bf5bf6eb868505d5b3746da008cbcb8abb373b97814dd8856f5ace571c25
02_Gameplay/NativeCocosAssembly/functions.csv,4322817,4b9b7fd03042dafd4bf5413f3db2734dd81729bf9ffc26b732ea767f1887fd94
02_Gameplay/NativeCocosAssembly/plt.asm,4932655,d11ee761fbbf53c1c68d18a41444731dbac46f486d1666a4e9de2222952870f9
02_Gameplay/NativeCocosAssembly/text.asm,231346518,cb0289e1789b20b6195a2b016337b455930bbc8283a18fcfecb3452247d7941c
02_Gameplay/Packaged/module_manifest.json,16399,336312f1ad4d59f772c4c7fdb03127b47cef1747c52821a8ea8a1e982cef8d85
02_Gameplay/Packaged/Modules/AddHeartView.js,2855,7ed419d6170940767fe0d706bcc7248714f355f7611d084828a4797a73bad97d
02_Gameplay/Packaged/Modules/AudioManager.js,850,71fea8cce6736c5916367212ca194ba3f923b6dc721ab3b55f4a8730a27140c7
02_Gameplay/Packaged/Modules/BaseRecord.js,594,1b2dc86fb8eac8d94d5e744c838cf022d04f03fe8fdb254617add0143aef8e1c
02_Gameplay/Packaged/Modules/BaseUI.js,2003,b63f60cfc44258b7cc4ce3159a028a3505ec273d7035824dbff9fc72a0a8d5bf
02_Gameplay/Packaged/Modules/Block.js,7863,24020751f556a588d5160e256f4cfa020bcaec07d34b5ab2d7d87860fdb95b8e
02_Gameplay/Packaged/Modules/BlockUtils.js,2177,3b72a48b5f59cfb3d32dc52a21ca9bb012c8fb80dd334e3593742f6d3ed8fa28
02_Gameplay/Packaged/Modules/EventCenter.js,1683,3c21a8f88360e7c12bbf33318307b8ae0ca3b4d3047f5bf56b2376bc985b1b38
02_Gameplay/Packaged/Modules/FailureView.js,2574,b6e4cd9e5eaa3f6b62970d6eb6dc57f4e95bb418b1833868a693b299ed1f591f
02_Gameplay/Packaged/Modules/Game.js,919,7e293a62441f5117fe748dca17199be9929756811e04a3b3c542ad49a302a29e
02_Gameplay/Packaged/Modules/GameEventConsts.js,800,6c87560d88d862b18bc85a4ecc151dc2db70ddbbe344234cf19c45c8319a11ec
02_Gameplay/Packaged/Modules/GameMapLayer.js,4611,84abd9b8d58cc0a2b07066707dfe368ace80501ba64f344fbdf7331610d9b6c0
02_Gameplay/Packaged/Modules/GameMapTouch.js,1707,7661131d41b9e181082d0dc2fb7bdbf24059b6a41754ac43fcc659437d64c1c4
02_Gameplay/Packaged/Modules/GameMenu.js,2535,49b09f5bfe9dbcd0db45c9e8059b5f78accf267393e561c27ce5b544c5310b35
02_Gameplay/Packaged/Modules/GameModel.js,3144,40bebad6010fc579f00e3b9792c24d94ebc51d6b906fbdd75565d2b4995603a4
02_Gameplay/Packaged/Modules/GameScene.js,2249,bf3aa522a818dec8f9418481ef913b4e0774f0778abd7626d143c6fa941c07ec
02_Gameplay/Packaged/Modules/GuideView.js,2596,495403f1ecef9ad6d1e57c92ca6bca94f9bf73ac0bd91e4d50cad0ffe24b07fd
02_Gameplay/Packaged/Modules/HomeView.js,1783,173a3eeda8d50c06b9098a89aeceddc9e4f4b7d408e5c8a4edff7ec3da315ec9
02_Gameplay/Packaged/Modules/HonorItem.js,2006,e93975bc2dfb490dce2ee95f3f34422afc9cacd8d4589fb7c2a7f0cc4d5bf21b
02_Gameplay/Packaged/Modules/HonorView.js,1568,5c2334ef225fe572ccc9fa0c86901699c476e15e430924ace0afa31dca810090
02_Gameplay/Packaged/Modules/ImagesPanel.js,1609,45e943ed7745013a9bafe412d054e0bee0482cc964a8c460afdec3f656de2515
02_Gameplay/Packaged/Modules/InfoView.js,1817,8c860d8c7749307d9d2def4b0516629ade54bc0bf4bdd453958a7596d15a4df9
02_Gameplay/Packaged/Modules/Item.js,2251,d873bf2f0a51082667df6b3688e764b7b15d27f3483cb2f99b3729f54f858f70
02_Gameplay/Packaged/Modules/LevelManager.js,13441,a0fbbfb94ae7e6a10555f0bf87f68b6a80352b144a55a27fc691b6dc7db8d2bd
02_Gameplay/Packaged/Modules/LevelUtils.js,1192,1fd0f52527e319647ada1d5f2860927935f4098aefc2f01fb27e1dba640abc00
02_Gameplay/Packaged/Modules/LoadAllResources.js,2865,2313ad873d93034d8aa80343d462e815569a52ec7f4427fd2eb5c9b822ea7ffe
02_Gameplay/Packaged/Modules/LoadScene.js,2797,e51f4d20bb58b0f7d325a0de1cc646a143b512c1d8fde14df0072f184b71d3a8
02_Gameplay/Packaged/Modules/LocalDataManager.js,2943,747f6c5f731b9b940894832e53490cbd9f137bbb957df8d8669f2ea0cda6532b
02_Gameplay/Packaged/Modules/PhysicsManager.js,1402,8474b466fc6bc91d29e9a300b2717d7597530f907ab5dee51c91d9c68ca3cab5
02_Gameplay/Packaged/Modules/PolicyView.js,1716,5ac4f6e2719a92b4298162ff22e1e51c9052af6d0b63293e8ad10ab94b49da2e
02_Gameplay/Packaged/Modules/PoolManager.js,1115,bdd2d10a0d51063d89643f495bf665142123b5a23ed7e8d2480affdd8524c938
02_Gameplay/Packaged/Modules/ResManager.js,1744,851c0252b5afa8025f7c36f24e2ee6394d6001f960dd193e7114641de3480958
02_Gameplay/Packaged/Modules/SettingView.js,2781,9ddbceda9d24508dc3c672698318f9ee687cce2ce6468c38b1233c02a769ab4c
02_Gameplay/Packaged/Modules/Singleton.js,531,8de741fe31ce687dc19c25be0ca23058c674fb53b7043e136ef026f0ee794751
02_Gameplay/Packaged/Modules/SoundManager.js,2094,3b606976070c9dfbf73814485691f65a85345463f877df3f8e5ece21e0ce0f8f
02_Gameplay/Packaged/Modules/ToastView.js,1480,ade16e29e0518b1110005dde6525622f3193c0b4562ece7119c3edaf5c1c6a52
02_Gameplay/Packaged/Modules/TouchButton.js,2604,d1b37cd7a377dda9bde8b66b2fa813c177ea261d12914ce5c0968813c2ffdc64
02_Gameplay/Packaged/Modules/UIManager.js,1989,ee27a7f49757ce1ab4693a657203722f8798bec10630d068ad81c78ef9602c67
02_Gameplay/Packaged/Modules/UserDefault.js,741,91211b6e9e1284bb252afe3fc8c2bb8607b7a6a6f3e1db923cb0a53066006b0b
02_Gameplay/Packaged/Modules/Utils.js,1482,0b844aac6a7a5c1ec13353dcf756cfde042b16b0a24b0490ff626ed6b7afd65e
02_Gameplay/Packaged/Modules/Wall.js,1538,22cb526f194df3f6950bc373f2f18cec2f20460b32ef1f76f5035217d3fa0fbf
02_Gameplay/Packaged/original_bundle.js.txt,88758,fabc46f311f07e6d1fbd62caf04d8d9e1a9dec7252ddc1aba1f85f6cc9078a2a
02_Gameplay/Packaged/README.md,3862,2b1ab262e540e8d2dca75ded9ef6632a035937ca7208c1563aae0d64757a8c07
02_Gameplay/README.md,1981,7930b406d282639d8d691bf30b29d16a574666cf13a6c6defd10ec50519283ee
03_Configuration/CapturedDevice/COIN.json,2491,5eeee654de420f5241e89f7a412be96f3301e0bdd691fc9b15986176367e4f43
03_Configuration/CapturedDevice/coin_adId.json,2,12ae32cb1ec02d01eda3581b127c1fee3b0dc53572ed6baf239721a03d82e126
03_Configuration/CapturedDevice/coin_clientId.json,40,34b6a57f9b6041f8ccbc4b9dcd7140f2e006228f103f7ebb47295b26e9160844
03_Configuration/CapturedDevice/coin_country.json,4,b5e86cefc9cfb8c972b2ede02131e8a270e7fbc4216e7be80bf800aea5de029b
03_Configuration/CapturedDevice/coinGameData.json,49574,a3a4aed30ae69ead757ae4d803a14de28ecd42e81878c585a9a191a57f84d2be
03_Configuration/CapturedDevice/coinGameData_app_version.json,3,ec6c168f4411ec8fa9ab8d47dd25954ce53728404fed0e7a9bc7f29dab38c30d
03_Configuration/CapturedDevice/CoinMerge_LoginDaysRecord.json,46,94398fb4060b2c1bbc8b1e8002d83392d190bff4ecdd569c95458beacaec7ba9
03_Configuration/CapturedDevice/RandomAB.json,3,955cca1ceba45052d85984d3a2565f4ce25b7488602c60a165598bf80b26e472
03_Configuration/EffectiveRuntime/Cached.normalized.json,51181,a9363c0806c80ae2aa3a9b814ea9809f1d3e642a9ed1a26d2a52fc55c0c28215
03_Configuration/EffectiveRuntime/CodeDefaults.json,2978,f563ef02d86a08a48cfd4cdb81103a46d59bf2a1345c2ff4431b248e08ad55a5
03_Configuration/EffectiveRuntime/HotUpdate.CoinItem.constants.json,2853,cdb89f55839a0bab44bb642689c0cf807ab6a75a88f45ef4e49ac910a977d4db
03_Configuration/EffectiveRuntime/HotUpdate.GameUtils.defaults.json,1430,81c33337e20150fa6ec2366b1ace42a5993287d22ca4b3a12cda9dd4e994d446
03_Configuration/EffectiveRuntime/Packaged.GMConfig.json,328,e6f06d94e055b80e2b880daab4d579f9083935fb8a6bfdd050364709c7bdb8b3
03_Configuration/EffectiveRuntime/PackagedDefault.normalized.json,51120,e736d446f836e93733ad1d18cd89849b319f8d2e41c5e6427fe790b6c5547104
03_Configuration/field_code_references.json,399435,e72ed2fdf13ea75ca60c968cc4d2f9f6dc037111eee97f62c768e30633ea0d0a
03_Configuration/field_values.csv,3747823,c6ca90f208e8f3633bb406c360b72bcf8d6c620ea93521a403a2e5fd10a857d1
03_Configuration/HotUpdate/config/data.json,49509,4a085446271a9d6781c6f2768301fd8a7e844fe923dccdafe8095c83926490d0
03_Configuration/HotUpdate/config/detailsData.json,8352,2c0ef5b6c53dd6c60d3917ddc58428253cfc73627419595df2b7f9270f71e86b
03_Configuration/HotUpdate/config/language.json,138297,224be3f326d867ccb4aaad77f217c69295eb0355749d27dc08695aabf7227708
03_Configuration/Packaged/Json/next_config.json,4285,e20c89f6bcd45f773452c0001fa86441af74c283ae962e7def131de147f5533e
03_Configuration/packaged_vs_cached_diff.json,1778,bfb44123654f57da85cf58c78fef30691d14c2e36ce9cd1d814a129e65e674f2
03_Configuration/README.md,13542,547a93225639326448b2c0726928d90d74458a6d342bb07dd1cc44be38cdf5af
03_Configuration/ServerCapture/request_response_metadata.json,402,c834bad07b783396cd54d2d79766169672dcdc4f6ae9865faf38b3bea20dffac
04_Assets/asset_inventory.csv,124868,0315146d186a92578be434ef46b7606b5513137843920b38d33a35b9bb056fe2
04_Assets/HotUpdate/aliases.json,60618,574a50318b66fa6b472935ea6f3042a811bb8fe06077effad454bdebee177e31
04_Assets/HotUpdate/animation_inventory.json,493,8e7825e51f58b2338a0649b39265b3daec658cd21ad7190236bf7d735c16ad28
04_Assets/HotUpdate/AnimationSource/9e5ac82f-a6bf-4ddc-b593-73402ca19872.json,843,dcd0b0d1cdb698b803dd67ba58d421e1a9bd74fa6e99cd81dc510927ebc9088b
04_Assets/HotUpdate/AnimationSource/b00460f7-cc4e-43f7-adba-350fc6c6bc97.json,776,9bf41a638b734bfc058403fe244067a22142d4e9b991bc240f77948207ea670d
04_Assets/HotUpdate/AnimationSource/fc76c26f-dc4d-4612-a4c0-bd967708d216.json,399,9b4990d9b0e3a4d193e758542fe33c792b8f74162bd0b6cdc710f2acf91c16ad
04_Assets/HotUpdate/Audio/Audio/bgm_game.mp3,574952,bfc52095b0710093d5ed7a6793300ddca6bbe81fdbd510aaffcaa8a12c88c95d
04_Assets/HotUpdate/Audio/Audio/ChouJiangJiangli.mp3,20739,3044168127a2563a9400c57f431494f56ecf939343a119a24cb9b10b8b7e4f3e
04_Assets/HotUpdate/Audio/Audio/ChouJiangOpen.mp3,41935,03a824969190ac0f47d41b18193ab215228b0e2f4517e80b2cb7dfbbd18688fd
04_Assets/HotUpdate/Audio/Audio/ChouJiangTiaoDong.mp3,5692,8509122d758837cea9cd231bf111551e2dfa198c0a58d8df249100c6c341e2b8
04_Assets/HotUpdate/Audio/Audio/click.mp3,8276,5e43392d745f64e1055560de95e3e57b5ef3927f4dcabf0c6cd43838c0c1302c
04_Assets/HotUpdate/Audio/Audio/collect.mp3,12539,84457d7ea95ced14b6fc4ba892941aeba8f7dae89fbfd2e8302ff5bddc86b413
04_Assets/HotUpdate/Audio/Audio/fail.mp3,56421,c60229d9ba3515b46d595a80b2c73ef9f40a68b895edbb8d5b07ffd3fad0f018
04_Assets/HotUpdate/Audio/Audio/fly_red_bag.mp3,21221,dc268c163b1fe6e511ceb7feb79421eeb35331983214acb6d553e9d1c81ba372
04_Assets/HotUpdate/Audio/Audio/guide_redbag_show.mp3,54720,82f176c26a64a86ed9bf334dda2896fb41a3f9c50e45f1fecbf6d881cf410f35
04_Assets/HotUpdate/Audio/Audio/no_click.mp3,6168,962521f72350b7653ca67701722c69eebdf037aad7f139629e4349bba4a0aba2
04_Assets/HotUpdate/Audio/Audio/redbag_show.mp3,12577,3d023c90d6fb3baabe8e9f13e0007500cbb2d61e5ee998eb9e49468687477250
04_Assets/HotUpdate/Audio/Audio/reward.mp3,54720,82f176c26a64a86ed9bf334dda2896fb41a3f9c50e45f1fecbf6d881cf410f35
04_Assets/HotUpdate/Audio/Audio/sfx_bom.wav,34604,a069ca1023ac545d3f0b36e7f0b7c75590800169f2b4bacf67852638b1e75bc3
04_Assets/HotUpdate/Audio/Audio/sfx_combo_2.mp3,30302,16b2b0df1588010b2f1b3a7c2b4eeb5475b3b5f22d7dcda160ef54d2492b9869
04_Assets/HotUpdate/Audio/Audio/sfx_combo_3.mp3,30302,ed0b59d6d470b30e9c86b30693310b9ccd8a224d0405a1e073dc1ab3408559d1
04_Assets/HotUpdate/Audio/Audio/sfx_combo_4.mp3,45975,b6336eae7958f163b58b8d259fbadb0b705e05a8271d8ceb5618a9f5c75860de
04_Assets/HotUpdate/Audio/Audio/sfx_combo_5.mp3,59559,47ddb4a1604953c635f0e40085570db066edb04511ce61fcc9bda4a7faeb37c4
04_Assets/HotUpdate/Audio/Audio/sfx_merge.mp3,3988,beef071489685364bf53ef22eb5c4d783d7775fb80d3f0fbfb782b1315477a1a
04_Assets/HotUpdate/Audio/Audio/sfx_merge_2.mp3,5960,a54fb41f2573ea6a50e01529e0039dbf5dd44be206fe5b94c3e55d31020ed518
04_Assets/HotUpdate/Audio/Audio/sfx_merge_3.mp3,6584,57f913c854205b512c1de55a48bd0006ce41eed989c7d09b13215cff8039f66b
04_Assets/HotUpdate/Audio/Audio/sfx_merge_4.mp3,6896,bda3f4c9f443cf845ad6cd30c50636bfb0029afb946c5e8f088ac60a1a4eaa44
04_Assets/HotUpdate/Audio/Audio/sfx_merge_5.mp3,6272,f0a42e064b66a4398573d7e92942772623e472dcb7bbafa49682e95acc903026
04_Assets/HotUpdate/Audio/Audio/sfx_merge_6.mp3,5960,83cd3b3990b495d9a54d424efba4cdb315ae859209d9fea2143f5995048e7985
04_Assets/HotUpdate/Audio/Audio/sfx_merge_7.mp3,5960,83cd3b3990b495d9a54d424efba4cdb315ae859209d9fea2143f5995048e7985
04_Assets/HotUpdate/Audio/Audio/sfx_merge_8.mp3,5960,83cd3b3990b495d9a54d424efba4cdb315ae859209d9fea2143f5995048e7985
04_Assets/HotUpdate/Audio/Audio/success.mp3,64624,1e2f6e9ee0319221a8dd791f3ce3e7671713277f5c1c1011c994cd90000fc12e
04_Assets/HotUpdate/Audio/Audio/zhuangji.mp3,36029,e2507798e2c3f2a343b671b2299047c9c56910663e4b7fa8efd874b54693a8ca
04_Assets/HotUpdate/ContactSheets/page_01.jpg,340004,0d8d8c41f567fdb5c32a2c9cd86860a4cb8923f158403db2050a42713c812418
04_Assets/HotUpdate/ContactSheets/page_02.jpg,323165,ab057de3b8dde7225c869de61a122f8db00a89541a10633b08377221710d17ee
04_Assets/HotUpdate/ContactSheets/page_03.jpg,332887,1a38993fafccc8b3f9e351886bc072a565bf4039e5ca1db6011c4c8242ac670b
04_Assets/HotUpdate/ContactSheets/page_04.jpg,313180,0fe98796d384b3f4b03940049af1f312a338a01985eea0bd2871de94cc5161d4
04_Assets/HotUpdate/Fonts/FZY4JW.ttf,3397138,7eb9d7ee6b0648b9af47e38d271b18bff1c187de768a3d95e861a01cf11e4ad7
04_Assets/HotUpdate/Native/00586a0f-c04f-4ae8-aaa9-bbf0dd807957/00586a0f-c04f-4ae8-aaa9-bbf0dd807957.3a787.png,5119,f06b2732a18c368750a1d7d7f739c843b9caece5f83df5f78a25e757248fad8b
04_Assets/HotUpdate/Native/0206b8c4-c6d6-4758-8ab0-6bb5c633c0bc/0206b8c4-c6d6-4758-8ab0-6bb5c633c0bc.7d2a0.atlas,554,84feff902e0d5fb5d0d56ba8891a4fed38e1c6c7cb738878790419a8c8501ecb
04_Assets/HotUpdate/Native/0275e94c-56a7-410f-bd1a-fc7483f7d14a/0275e94c-56a7-410f-bd1a-fc7483f7d14a.cea68.png,82,83c9b8ce1937570a40bcedde29457a4ab7865ca1db23a46d2d68e6b1949f3c28
04_Assets/HotUpdate/Native/02c5647f-fc1e-4497-95b2-dece47c161cd/02c5647f-fc1e-4497-95b2-dece47c161cd.6f260.png,31804,f1217995889cd0549d63b1320790730a49c5fd06276f9d2406ccf9a7a671764d
04_Assets/HotUpdate/Native/032fa651-550c-4dd1-afa8-de411ce244e3/032fa651-550c-4dd1-afa8-de411ce244e3.7d0c5.png,4579,fc6a73a41299f598a6a2f3ad8ac9936182b7d17c2f54ac948b293023d79d38c8
04_Assets/HotUpdate/Native/03d07187-85fb-4cad-ae05-9362abe663c8/03d07187-85fb-4cad-ae05-9362abe663c8.69e88.png,7825,c42c3632a5597eb95102882f9bbbefcf28f7be6955cf53be4efacc5e5e462d92
04_Assets/HotUpdate/Native/05b3fde5-db02-48ca-8946-b589eec571ef/05b3fde5-db02-48ca-8946-b589eec571ef.3c726.png,7553,13169ce16501599fb0247e10731fd51d3a19c4e5a7c938db234be5b2e55b2147
04_Assets/HotUpdate/Native/05c49007-2186-4ec9-854d-dec5e07a5742/05c49007-2186-4ec9-854d-dec5e07a5742.e8b94.mp3,20739,3044168127a2563a9400c57f431494f56ecf939343a119a24cb9b10b8b7e4f3e
04_Assets/HotUpdate/Native/06e98695-a200-4471-bb97-07f58b8be2cc/06e98695-a200-4471-bb97-07f58b8be2cc.2e3b3.mp3,5960,83cd3b3990b495d9a54d424efba4cdb315ae859209d9fea2143f5995048e7985
04_Assets/HotUpdate/Native/07a56aa1-62dc-4d5a-84ff-f4e5e4119698/07a56aa1-62dc-4d5a-84ff-f4e5e4119698.26fe1.mp3,5960,a54fb41f2573ea6a50e01529e0039dbf5dd44be206fe5b94c3e55d31020ed518
04_Assets/HotUpdate/Native/07fb0dd9-500e-4793-87d7-e1a868f6fb2c/07fb0dd9-500e-4793-87d7-e1a868f6fb2c.cd69f.png,45805,4f8198f9bcfcb6e2424351a71fa9ea17bddd76b53bc77d5ce9d88473e411c740
04_Assets/HotUpdate/Native/085ba54c-aa68-45f1-91b8-e61799010e23/085ba54c-aa68-45f1-91b8-e61799010e23.e14ca.mp3,6896,bda3f4c9f443cf845ad6cd30c50636bfb0029afb946c5e8f088ac60a1a4eaa44
04_Assets/HotUpdate/Native/0abf1807-89df-4f7b-95b3-3c5724573be4/0abf1807-89df-4f7b-95b3-3c5724573be4.c5786.png,392525,860b28fbbcfa0c6d94b0617edd6c74da071d3b2c74410eaef83ff841d4c7ad97
04_Assets/HotUpdate/Native/0af43847-621b-416c-8498-c228084b3f15/0af43847-621b-416c-8498-c228084b3f15.b6771.png,162761,c9acb26f7c431fdadcd901433af24ed28bbd0ae972d768111771845756b4ef1f
04_Assets/HotUpdate/Native/0b3927c9-e887-4073-8b3b-ba5d34b5c192/0b3927c9-e887-4073-8b3b-ba5d34b5c192.961da.png,10605,0ea8c1e2d28b1358cdd028445594e24a32e82ac9bb904e6409f8397df39d13ce
04_Assets/HotUpdate/Native/0b7600cb-5235-4192-a1ab-774844baa387/0b7600cb-5235-4192-a1ab-774844baa387.5b9ec.png,10086,8567095442fad8f2f453bbe48b267d386adfb31edeadc0a8a455b140a57f512b
04_Assets/HotUpdate/Native/0ce0129c-f5f5-46ff-ba29-929759b228f1/0ce0129c-f5f5-46ff-ba29-929759b228f1.28bff.png,5015,9efa8d90addc1fae5023a54d5a21360c809915274efac900bbed9a58c07669b0
04_Assets/HotUpdate/Native/1024d1eb-68bc-4347-b0d0-b02997f2cfe3/1024d1eb-68bc-4347-b0d0-b02997f2cfe3.ac39e.png,11910,d0a97c150022a4b17c0100595bcea8531a1f16b7969b20be60f44911d6b724e8
04_Assets/HotUpdate/Native/1099c00c-3f12-48e9-8990-83528de1f866/1099c00c-3f12-48e9-8990-83528de1f866.c5076.png,2857,acfe0779dd7c99e458351b1b269fc858a1a7c4e04fec7a6886b88bef4420d754
04_Assets/HotUpdate/Native/1202ab1c-86c6-4b8d-9b96-a68c5410fb5d/1202ab1c-86c6-4b8d-9b96-a68c5410fb5d.3523d.png,495,d447a6c2c1b7407c76fea25e626b4dc451a352212fded660dfd8421925528b1c
04_Assets/HotUpdate/Native/134da679-2588-43e1-837e-a991158df399/134da679-2588-43e1-837e-a991158df399.dcd83.png,4839,ec113695f0fe3660d55270abc2aad47470358440bb4d95c378bd8471552806a7
04_Assets/HotUpdate/Native/13c996a9-7ce2-4605-8a55-6585c9791f06/13c996a9-7ce2-4605-8a55-6585c9791f06.c4ef6.png,2187,2b0ffd42b08c53ff3f2f96965af98cba881d18e300319288059926ec7d969009
04_Assets/HotUpdate/Native/14b642d4-c488-4833-a289-e4e3c535d52f/14b642d4-c488-4833-a289-e4e3c535d52f.dc5a1.png,6306,af0902ca10e009165081367a375db26a31d65adccf01643b2ef1d4c1acee3c44
04_Assets/HotUpdate/Native/14ca5528-a7d2-417d-8034-9b1c02884626/14ca5528-a7d2-417d-8034-9b1c02884626.e9634.mp3,30302,ed0b59d6d470b30e9c86b30693310b9ccd8a224d0405a1e073dc1ab3408559d1
04_Assets/HotUpdate/Native/157696c5-4a44-4e24-999c-b234d6c5e030/157696c5-4a44-4e24-999c-b234d6c5e030.fca4b.mp3,574952,bfc52095b0710093d5ed7a6793300ddca6bbe81fdbd510aaffcaa8a12c88c95d
04_Assets/HotUpdate/Native/157e6f05-e6a3-4262-bb24-8e3c0382fe05/157e6f05-e6a3-4262-bb24-8e3c0382fe05.6a4df.png,12136,49355260bf5b6e403cd34ea31b3c3540b7dab9a29e9091cb4a75c6f3b21ebedb
04_Assets/HotUpdate/Native/161c2821-9062-4078-b9c6-f880bc9a5cb0/161c2821-9062-4078-b9c6-f880bc9a5cb0.0b501.png,6920,e00ef208ce4648cade989051145f3ba6050cb8d36b8b84388a45c388ac595f1e
04_Assets/HotUpdate/Native/16a850b7-4fac-4077-b410-7c8a4868289b/16a850b7-4fac-4077-b410-7c8a4868289b.7c5c4.png,7085,d86244f0d44afe668b88314d58080469b66df11be17bd06b3f73b699bbe0eb2d
04_Assets/HotUpdate/Native/171fcd12-a0f5-4e68-a600-ac4af3fcb481/171fcd12-a0f5-4e68-a600-ac4af3fcb481.1a42d.png,148676,4446d58879577183079fc3052fdfd0b52ce06cf33ee8edf9ec9ceab9b2f5549c
04_Assets/HotUpdate/Native/18aedae7-fc02-4437-b3c3-04ec4d422e11/18aedae7-fc02-4437-b3c3-04ec4d422e11.20060.png,1112,45b061d9095e08d1e3da1cb1190ae2a24be615bfa44a3b3168eafa1f0a7f8319
04_Assets/HotUpdate/Native/195855f3-6ce0-42df-97ad-dcde9e976f66/195855f3-6ce0-42df-97ad-dcde9e976f66.42aad.png,10468,05052beffd7b052b8564413fe426be77f1a3b9cf4ae5e4971a499448f86f5788
04_Assets/HotUpdate/Native/1a6a9105-bed5-4028-9154-069bc801e6f8/1a6a9105-bed5-4028-9154-069bc801e6f8.267d9.png,91076,6347be26747a29f339ddf7504da869ef07331e3d6b71fbb1b6140661805afc03
04_Assets/HotUpdate/Native/1b01c63f-6fad-4a9d-bf35-f03925583c07/1b01c63f-6fad-4a9d-bf35-f03925583c07.05571.png,15481,a99cc5957f761b036272fef7c48cc55b96dcbb6d7d209adec43d6c1ca5efecc0
04_Assets/HotUpdate/Native/1bff119b-9a15-4bc0-b0d3-851a752661eb/1bff119b-9a15-4bc0-b0d3-851a752661eb.56a41.png,9978,78b143e4cf80cab66d8bc783f7f5fb99f8d84ed6a6a559f7d8537f80483a54a6
04_Assets/HotUpdate/Native/1c15b816-1821-44b1-adc6-469d26fe60f5/1c15b816-1821-44b1-adc6-469d26fe60f5.fd103.png,1453,070dccec3799d3c74da902c031c376dc6c660f94fe1a919d22981175cae740f7
04_Assets/HotUpdate/Native/1c4c35b4-5fad-4708-af9f-187dbf70676d/1c4c35b4-5fad-4708-af9f-187dbf70676d.11ede.png,4787,563b0dd997bf6b326ed68c97d3324c4f54caafc8bb817f6611b7477d38ede474
04_Assets/HotUpdate/Native/1c96b1ef-04c0-4719-959f-4ffbddbc28be/1c96b1ef-04c0-4719-959f-4ffbddbc28be.8c871.png,7240,b1ccb25b952b78a89379e5b65efd96e4067a0c12c3ae535d8dfe403e8fb05581
04_Assets/HotUpdate/Native/1ec532c1-42a0-4f41-85c3-fcd74432d0ee/1ec532c1-42a0-4f41-85c3-fcd74432d0ee.25105.png,18448,9be61872ebf7aef76e5e411e64011472b545457b4f1171bb03a4c15f85bc6107
04_Assets/HotUpdate/Native/1f3c23e4-c902-41e6-9265-c63b6cb307b2/1f3c23e4-c902-41e6-9265-c63b6cb307b2.cc717.png,11436,3b7a97d239bad5743c9e227df9d5800af4df4a43e33d9d71ea44e0c44f910720
04_Assets/HotUpdate/Native/1fa6c8d6-2c63-47e0-a089-2fca14bce77b/1fa6c8d6-2c63-47e0-a089-2fca14bce77b.24646.png,917,63a634c9214670b953514a546804149a2def99d2ab9f5f681ed018189e309395
04_Assets/HotUpdate/Native/1ff8efd6-3a3a-4ae1-a672-d2465d7db4d1/1ff8efd6-3a3a-4ae1-a672-d2465d7db4d1.58b7b.png,2250,1f5d269208330b549f84edf0d97bda9979154187d12fb8cf4d572d5e11117a4a
04_Assets/HotUpdate/Native/202e7c10-4b83-40af-aed1-f7e1080ca46c/202e7c10-4b83-40af-aed1-f7e1080ca46c.4a96a.png,3782,67b40db2442e4bada4aa2fad4f1e37d2da91cceacaf88385a5bc18d000df34e8
04_Assets/HotUpdate/Native/208ca591-c94c-406b-96bf-3801afeb9982/208ca591-c94c-406b-96bf-3801afeb9982.e0904.png,3207,34d27afb1be32707e15672e1f4e88c042fd0a3f1d46c744cbd8a85a727b7ed1d
04_Assets/HotUpdate/Native/20ec7624-692b-429c-964e-283df018c7ca/20ec7624-692b-429c-964e-283df018c7ca.d51a0.atlas,3321,504f2203f00a347b37c35763f9e809e58f4ab4f1941f4ee6d0e5ae23d3e11d35
04_Assets/HotUpdate/Native/213c9d22-92ca-4d24-a1fb-22f599137aee/213c9d22-92ca-4d24-a1fb-22f599137aee.7194d.png,4988,05159937f96b17a6dc159818e9a921645dbd8caeb1d404e0cdab07b6ee1ef4fb
04_Assets/HotUpdate/Native/21eba8b3-2304-47e7-b6bf-794759c9ad14/21eba8b3-2304-47e7-b6bf-794759c9ad14.55c26.png,11767,ce82976db616c5e1375695d279c642cb5de34550c38a0d1acdd6f5b31f92e8c0
04_Assets/HotUpdate/Native/2294695a-2276-4310-a7d0-0ff55a56b26b/2294695a-2276-4310-a7d0-0ff55a56b26b.fb15a.png,187853,2702e22acdf0cbadb177e626753313c483f4d1d6fbfafbd64819ec2f6fa08e91
04_Assets/HotUpdate/Native/22f0a5aa-8ddd-4ed7-92ff-222d27980b6b/22f0a5aa-8ddd-4ed7-92ff-222d27980b6b.03054.png,5332,7ccaa9ec2d76eba47335e9aace1909e9abbb76b9776d78a33e9f73bbc29d5562
04_Assets/HotUpdate/Native/231b9546-0e00-4adf-9f30-d91c7b1fdc2e/231b9546-0e00-4adf-9f30-d91c7b1fdc2e.0d1a9.png,7831,5ac32b7b142b09f1b7a1bd9f12b45a59018524de84106617fcae15522724e74c
04_Assets/HotUpdate/Native/23913135-27a2-42c4-985c-0315848b12c1/23913135-27a2-42c4-985c-0315848b12c1.ddb74.png,12663,7732efcb128da37d76550c3ff50a504b22e326a9001d913abb9857b4f98063d5
04_Assets/HotUpdate/Native/23cb996a-b651-4bba-9f61-5f81690542b3/23cb996a-b651-4bba-9f61-5f81690542b3.6dc41.png,12005,a4c8f43b76ad9d7bf3ad912a575cfb1857883f6ee93500fd13da07e67fbc3ffb
04_Assets/HotUpdate/Native/244ae178-ee63-4a60-a2e1-719f5125e13e/244ae178-ee63-4a60-a2e1-719f5125e13e.915c6.png,10896,5489e19b12151e01a5b90797d405c8acf6f4799b9c22c915d32cf23f0b54c8f1
04_Assets/HotUpdate/Native/249eecc9-01b9-4c69-854a-3152e89e6739/249eecc9-01b9-4c69-854a-3152e89e6739.fa8ee.png,147927,c33d0a9a5075a3eb56d3ee3d23553cd2513ed7a0f7ef97d58ccf9fe5d5937b8f
04_Assets/HotUpdate/Native/25220b58-ed68-44d2-9fa9-7006807f8a8a/25220b58-ed68-44d2-9fa9-7006807f8a8a.ef332.png,100856,a208749d18533709e060d257d3dfb950b67eeec7db08af2755a34414967625e5
04_Assets/HotUpdate/Native/2555b6e3-ee49-4793-b603-1dbdeb19bfbb/2555b6e3-ee49-4793-b603-1dbdeb19bfbb.d7e6c.png,20149,053d6f08ed18094cc062772c7ccd92cb9a21eb9a58af6a753b3700eec138ff02
04_Assets/HotUpdate/Native/25621828-3796-447e-97fd-e6bce7f69077/25621828-3796-447e-97fd-e6bce7f69077.1e563.png,11041,dc00af63d64032f81f6daee938494ca823c34adac348a3cc0469a6803c4396dd
04_Assets/HotUpdate/Native/262c07ef-5987-49fc-81f0-bd059baa8aa8/262c07ef-5987-49fc-81f0-bd059baa8aa8.04ade.png,3047,ba5429423ee3797049bffe2f50a3fc7dfe57339f3754c47f6c693429fab1fc39
04_Assets/HotUpdate/Native/2748d4ec-0869-4507-9ca1-266c659ac73e/2748d4ec-0869-4507-9ca1-266c659ac73e.ba5fd.png,8181,d591530017dd9d3b41614e308233b48c4780d17eb9f2d68158cd6e87ab1e807f
04_Assets/HotUpdate/Native/27aeabe3-12ad-4428-a484-59cb1d17be43/27aeabe3-12ad-4428-a484-59cb1d17be43.acb6d.png,7810,140a81333a75aba7b2b2a79c333a99a82806f1b184720643a7c5cc4d3b682310
04_Assets/HotUpdate/Native/282c618c-3cdd-4dc8-a406-c85bde8f7252/282c618c-3cdd-4dc8-a406-c85bde8f7252.57928.png,6444,b84df8d67a36a2d0098e24599a026ab6165bd0aed76b2554dfa3184964929153
04_Assets/HotUpdate/Native/283b33e3-a27c-47dd-9c07-5bca8ced7297/283b33e3-a27c-47dd-9c07-5bca8ced7297.e9a15.png,75569,73d2ea952d2c48691f97146d77f38a9a9de0a1fa6ab83216347fd3f21a68da1f
04_Assets/HotUpdate/Native/28459be8-9921-47f8-9514-424771696d14/28459be8-9921-47f8-9514-424771696d14.5e6f4.png,5519,018476edb5d40cff265c4f13f39f8c1e8e669cfcb5cc707acd5457bbab61ee81
04_Assets/HotUpdate/Native/28b2978f-9ae0-45ca-8b2f-8609aea1b50d/28b2978f-9ae0-45ca-8b2f-8609aea1b50d.30439.png,4883,98ee2600f751d052e12e2cb77e697336a8bcbdd662bd838501f87b8854578480
04_Assets/HotUpdate/Native/28e74edf-6f12-4b46-9de6-9aa02ceb097b/28e74edf-6f12-4b46-9de6-9aa02ceb097b.a5a82.png,624952,704b4da3e830484691bfe008d8421b2cce2ec8808f4e8b7696a88e05f560686f
04_Assets/HotUpdate/Native/29f635a5-b3c4-4ca8-b981-7b968878a221/29f635a5-b3c4-4ca8-b981-7b968878a221.0623b.atlas,2315,ddf39b0b770cbe4f777e2a67beab998d8d2aee3e4aa9ce260f334aabc2a6392b
04_Assets/HotUpdate/Native/2a089b0d-0c58-4852-b031-dcfb3e6aefa3/2a089b0d-0c58-4852-b031-dcfb3e6aefa3.7863b.mp3,12577,3d023c90d6fb3baabe8e9f13e0007500cbb2d61e5ee998eb9e49468687477250
04_Assets/HotUpdate/Native/2a8cc108-297f-4d8f-ab9e-aca52cec7a5b/2a8cc108-297f-4d8f-ab9e-aca52cec7a5b.8351e.png,11019,f05d9e6aea92f0de2a2b0bba4a18983b5cbe2712f2d3936f9d8bceab2cf7ad94
04_Assets/HotUpdate/Native/2abbf8ea-bb4d-4558-aa6f-d1161eb704bb/2abbf8ea-bb4d-4558-aa6f-d1161eb704bb.44a83.png,11113,29c1a973561dca665b8de8b585aa60cbb4e96a4568a37e82eb4d299f1e16ea34
04_Assets/HotUpdate/Native/2b3aaf20-cfd9-4c7e-b398-7f8cef989381/2b3aaf20-cfd9-4c7e-b398-7f8cef989381.d61ef.png,4467,2a34ceedb27a38f570feeb04e80f4512cd351c0c550e5db886518ff402c48a0c
04_Assets/HotUpdate/Native/2c8e6768-3b52-47e1-9f71-c6cc6a8320ff/2c8e6768-3b52-47e1-9f71-c6cc6a8320ff.22db7.png,94368,3205fba7bb65951b51522ca901111eec6251031220d4a0eea7e93e4e6be3e64c
04_Assets/HotUpdate/Native/2ced43d3-8dd8-449a-860b-4e19036e105c/2ced43d3-8dd8-449a-860b-4e19036e105c.ef983.png,1255,46357c60dc4b59809faa76053daf9bd65f9ab383f140167f6460c56b56991306
04_Assets/HotUpdate/Native/307e360b-615a-4831-9cdc-2eb14a810e05/307e360b-615a-4831-9cdc-2eb14a810e05.5af49.png,2426,14f44ff17e151bd8a949e33d427c84615e2d95c17d623e622b486a467f7d9cac
04_Assets/HotUpdate/Native/30f4878e-f8e0-4924-a240-5305342f41d2/30f4878e-f8e0-4924-a240-5305342f41d2.a315f.png,6212,22dad7b51fa67cca9bd91fd3a9019f58d0698c8ddb6773ab0887e4f47f4d61c9
04_Assets/HotUpdate/Native/31bdda63-a545-4e5b-bee2-938ed30063ea/31bdda63-a545-4e5b-bee2-938ed30063ea.1fbfc.png,4347,725de285a75438c66e91c61f10521b2857b63246b39272fd0c4a504c5aa7e961
04_Assets/HotUpdate/Native/3268668c-f5d7-495e-9b9e-c0559cf58529/3268668c-f5d7-495e-9b9e-c0559cf58529.cc5f8.png,9712,d6cd9d92bb5e27d80851aecfbe4d4dad1f1bd0b2f3f01ee8547e74d41c7af344
04_Assets/HotUpdate/Native/3282681f-2e78-4e43-aa07-e04daab53f87/3282681f-2e78-4e43-aa07-e04daab53f87.cadbf.mp3,30302,16b2b0df1588010b2f1b3a7c2b4eeb5475b3b5f22d7dcda160ef54d2492b9869
04_Assets/HotUpdate/Native/32e1e60b-cfc2-4751-8f07-5537edafd904/32e1e60b-cfc2-4751-8f07-5537edafd904.5a9c3.png,21362,91424a83b225fef880b52c25dccacd364013d8a13ad6f68b4175cf4e1070964e
04_Assets/HotUpdate/Native/3316616d-6200-49cd-9606-56461b6d4267/3316616d-6200-49cd-9606-56461b6d4267.cd460.mp3,6168,962521f72350b7653ca67701722c69eebdf037aad7f139629e4349bba4a0aba2
04_Assets/HotUpdate/Native/346619c8-e3d5-409d-8788-5b36381b5c62/346619c8-e3d5-409d-8788-5b36381b5c62.19ecf.png,626827,fec6882f5aa3f624892a88367aa77bfe1733e886cceb0118b7985631a03056e1
04_Assets/HotUpdate/Native/3487c262-dd08-47ad-9b00-1fe3a00c4e4a/3487c262-dd08-47ad-9b00-1fe3a00c4e4a.2e1fd.png,11131,214b11a2dc8dee5a69972c0e23fe1488f52ec052a83869788658c032635691cb
04_Assets/HotUpdate/Native/3511249d-972c-45fb-a8e7-dbbf1481a6aa/3511249d-972c-45fb-a8e7-dbbf1481a6aa.8eb03.png,11772,74720d4839a9c58abf6c613ffe5fd80743ec5cb51a835102752c23759f945f5c
04_Assets/HotUpdate/Native/3517b175-a829-4209-bf85-4756a1769de7/3517b175-a829-4209-bf85-4756a1769de7.338bb.png,7837,6258ad0ce83bf8b46886906ebd2f7c898aafdfea34ca72960dba28c22b22e05f
04_Assets/HotUpdate/Native/373025c2-0472-4260-8731-2d2320f75c73/373025c2-0472-4260-8731-2d2320f75c73.d4b0c.png,5035,f2e62bd5020025bcc32a3c3fb3318982b3f0b8a75501c12a07eb4295f0ac1e06
04_Assets/HotUpdate/Native/37449846-3dd5-4a6d-bde7-6b7ab558e4bd/37449846-3dd5-4a6d-bde7-6b7ab558e4bd.b00da.png,5277,909aeb18e8d0af039dcbdd8361af4648216a08d03c17e388e8de9e8b883491df
04_Assets/HotUpdate/Native/37679b0b-a717-4693-ad8e-e119f9b94cc0/37679b0b-a717-4693-ad8e-e119f9b94cc0.50a8b.png,5580,28cdccf604bc317ef366e797bcfa387a0ff94f5fcca33a842dd54f25d9ae0c91
04_Assets/HotUpdate/Native/389d314a-9283-4bf3-8486-4d08547347e4/389d314a-9283-4bf3-8486-4d08547347e4.f7314.png,6233,7b845d9dc4fb3be9c5dd74c796ac3063b27e389425f361f898be26e27f16a32b
04_Assets/HotUpdate/Native/38cd33ab-e885-4820-b8ac-6740f363a073/38cd33ab-e885-4820-b8ac-6740f363a073.c50e1.png,3095,cf6a8650c2d84d4fbe75118ba9b836fc50baa62eea7bf3cd4e81021646181ef2
04_Assets/HotUpdate/Native/38d9c1d5-51e6-4eef-af24-b00d9e573900/38d9c1d5-51e6-4eef-af24-b00d9e573900.61fa6.png,1123,5023cc926c8ee861e613c3ca670b82e9047b203bffc2b834605199b0a400f083
04_Assets/HotUpdate/Native/3945182b-8fe5-4217-9267-de38c7ec46c4/3945182b-8fe5-4217-9267-de38c7ec46c4.6c9fa.png,9170,c0d626948fdb4eed7dd7729e80c8e48db0bf5300962ccbb343a4aa02095562df
04_Assets/HotUpdate/Native/39921fd1-3e5b-40c0-a0ed-b445520f70db/39921fd1-3e5b-40c0-a0ed-b445520f70db.469cd.png,6584,44bc0b53eb90d0d3444bc6b75adbf69513b69e7a8aad2657bf45c07408023716
04_Assets/HotUpdate/Native/3b43d6d3-40ee-4db3-b178-8218db767beb/3b43d6d3-40ee-4db3-b178-8218db767beb.8a78c.png,1105,c70ba4fdff704ad53938924da7664f997a6350a11fbca7b53ad851d5ab56c375
04_Assets/HotUpdate/Native/3ca9c65f-89a2-44fd-9c3f-d598d2a2e011/3ca9c65f-89a2-44fd-9c3f-d598d2a2e011.338a1.png,332070,b96e16759e0c77af9e3ae1cab01c000a1949aae909a945e0c0e6906c508034c4
04_Assets/HotUpdate/Native/3cd28e45-5ac8-4769-83b0-199d011aa6b7/3cd28e45-5ac8-4769-83b0-199d011aa6b7.88e2e.png,5308,f91d0ca3a09089507abdd68814497bb8834b47b84081483f01b8f72e3af7adc0
04_Assets/HotUpdate/Native/3f35343b-ff5d-4505-a526-6dd06fdf73a4/3f35343b-ff5d-4505-a526-6dd06fdf73a4.d9be7.png,9329,aa8006b039b1725a2f66cddd0ce5f7739c06c52d832d7d3abe8242b3c8004a92
04_Assets/HotUpdate/Native/3f4c189f-aea8-48b8-b6c3-d2d3f5ad322a/3f4c189f-aea8-48b8-b6c3-d2d3f5ad322a.87f98.png,9963,96683671b822b01bf6903278f6ea87730a1b03cb8df4827725e73e0f7a57e69b
04_Assets/HotUpdate/Native/3f57e63c-eede-4494-acdc-a600143dc78e/3f57e63c-eede-4494-acdc-a600143dc78e.cb2b7.png,636,dcba3075612c33cadeb82332e7a3c572cd73d9744691de31c2a55456590b3ae9
04_Assets/HotUpdate/Native/3f909b92-f192-46e2-b6ee-cd6418d1087f/3f909b92-f192-46e2-b6ee-cd6418d1087f.56c83.png,16987,da911e3a9e3c5f35f47720b87616d885889e4fa275d4c2b256a9d314c68ff1ee
04_Assets/HotUpdate/Native/3f95ffbf-9305-4d7e-85ed-bb2f2a112f28/3f95ffbf-9305-4d7e-85ed-bb2f2a112f28.ccd46.png,3865,e7304a70398c13a79b05893957f3c22403ea78f713cccce28851d9d3f6eca04d
04_Assets/HotUpdate/Native/3f9ce5c2-ec1b-4cbe-904b-96d423f5edbb/3f9ce5c2-ec1b-4cbe-904b-96d423f5edbb.16693.png,3136,d00d8d1dab35a7d20d45b299946f16c669d4eb1be3ece76fa6522c47336aea5e
04_Assets/HotUpdate/Native/3f9f2b43-ec6a-4feb-91f4-5e40219b6763/3f9f2b43-ec6a-4feb-91f4-5e40219b6763.510e1.png,12232,a1fb22a64a2b2abff3828f36a3a25adf132a69b1f604d6c0b712d2c7d0e15c1e
04_Assets/HotUpdate/Native/3fa8e839-89df-4cac-b289-544ed10a969f/3fa8e839-89df-4cac-b289-544ed10a969f.989c6.png,3253,ffbddbc23bd985ff567a0c12c2bfb50546a89daf75b48adc6a62b0217978e319
04_Assets/HotUpdate/Native/3fda254d-ea0d-457a-bae8-07377c89d2b4/3fda254d-ea0d-457a-bae8-07377c89d2b4.44593.png,8622,74f166e826bbe724a24dee8844b704aeecba0ecc7d2f692883000ad0b1025ab8
04_Assets/HotUpdate/Native/40b93ed8-0f73-4bc3-9b75-91114c38ed2f/40b93ed8-0f73-4bc3-9b75-91114c38ed2f.0e0f2.png,14377,934ac58d874fb527b721ae80f558c529d71b42043588db7f5d8d59f80fe3948e
04_Assets/HotUpdate/Native/40cb6360-12bd-4d31-8332-435df0896708/40cb6360-12bd-4d31-8332-435df0896708.b3188.png,4849,6ce23969c93c2d83597951ed472ae4f63f8ff875af1d5989a786db9647c8381a
04_Assets/HotUpdate/Native/41164baf-e55c-45f5-bd64-588e43f0fc19/41164baf-e55c-45f5-bd64-588e43f0fc19.fb7fe.mp3,12539,84457d7ea95ced14b6fc4ba892941aeba8f7dae89fbfd2e8302ff5bddc86b413
04_Assets/HotUpdate/Native/418ee8a4-e8bf-4ee0-bfdb-4da13d8f5f2b/418ee8a4-e8bf-4ee0-bfdb-4da13d8f5f2b.46b19.png,5062,78ab67a6fe62d66d814dcf7e49f3a5f39cca75a8a1c016d52b36453dc8882439
04_Assets/HotUpdate/Native/41bf57de-ee87-4721-8c28-eb206b676673/41bf57de-ee87-4721-8c28-eb206b676673.020f3.png,8784,86fbe3b53915cf64238b36dead2672a9f03e3d5c10c324daa055496d01378e7f
04_Assets/HotUpdate/Native/42a8c669-864f-4445-b053-862cb94d2c99/42a8c669-864f-4445-b053-862cb94d2c99.685b4.png,7424,d65fc03250b71676752ad712c351cc6b8a1c93b58a5d7e39fe74f9257eb26757
04_Assets/HotUpdate/Native/433ac5ac-19be-4138-a9f6-0234a3fd7507/433ac5ac-19be-4138-a9f6-0234a3fd7507.241ca.atlas,1197,890edc07538af6c3807449230acb56ebe0def4cc6a8daeccded09d27464d9d36
04_Assets/HotUpdate/Native/43945ef1-2445-4ea7-81a8-ea3eb01fb192/43945ef1-2445-4ea7-81a8-ea3eb01fb192.8bdc2.png,12823,43a98d9d510c7850a069fb92eb0c7131a71c928eea3e55738322f46d353f0721
04_Assets/HotUpdate/Native/43d2761d-f0f3-4f2f-9461-8ec1411ee58a/43d2761d-f0f3-4f2f-9461-8ec1411ee58a.78d47.png,9818,e24cb37036448622decc52e784fc81eab19894d2d683f1bef0a441120beca210
04_Assets/HotUpdate/Native/45cf5e2d-151e-4e91-bd8e-4d4a3486eb10/45cf5e2d-151e-4e91-bd8e-4d4a3486eb10.df1ff.png,5062,857b25bccf729a13090184e0ed9258bc8b3e79f323abee7cc34110767a378385
04_Assets/HotUpdate/Native/469a759e-7d9f-4bf9-8a1a-1ef856f0e68a/469a759e-7d9f-4bf9-8a1a-1ef856f0e68a.8dd9f.png,2042,d85d5b89605ee9ef1e74a5e932530b466d75f68ec3db6197f5c430f56902afd1
04_Assets/HotUpdate/Native/470aae94-de2a-4db8-a6ff-e42266a03946/470aae94-de2a-4db8-a6ff-e42266a03946.f5416.mp3,5692,8509122d758837cea9cd231bf111551e2dfa198c0a58d8df249100c6c341e2b8
04_Assets/HotUpdate/Native/47afe65f-9901-4412-9dce-ed349851d5e1/47afe65f-9901-4412-9dce-ed349851d5e1.0b6dd.mp3,6272,f0a42e064b66a4398573d7e92942772623e472dcb7bbafa49682e95acc903026
04_Assets/HotUpdate/Native/4815f2f6-da31-4b25-bddf-c2515ba8b24e/4815f2f6-da31-4b25-bddf-c2515ba8b24e.9731d.png,2784,6c693524c9e8aa9bd80fd9fc43b18568d6678cdf480201aa393001238f24799c
04_Assets/HotUpdate/Native/48ccb66e-8407-435a-9ba9-eb9dbf4906fe/48ccb66e-8407-435a-9ba9-eb9dbf4906fe.54b7a.png,1469,60184f4f9a8cee99b11aac6c7762e6c84e93b164e9cd0f81bde43a8ffc61f6a5
04_Assets/HotUpdate/Native/4a43ebbe-a907-41c8-a6de-f04d358ce02c/4a43ebbe-a907-41c8-a6de-f04d358ce02c.8e1ca.png,2691,621cf16d60c035b0589320807dc799e3fe179c3b80f8b30986675df27b6e6d94
04_Assets/HotUpdate/Native/4a4812f3-21db-42a8-a977-e2da0caf2567/4a4812f3-21db-42a8-a977-e2da0caf2567.4d9b0.mp3,8276,5e43392d745f64e1055560de95e3e57b5ef3927f4dcabf0c6cd43838c0c1302c
04_Assets/HotUpdate/Native/4bfc51d1-cc77-49d8-b220-c6071e3b9953/4bfc51d1-cc77-49d8-b220-c6071e3b9953.8a238.png,3410,d2bb4b9f9de1fdbf6d5179ab846d0a5198cc474d709ed7a873bab314b39eede9
04_Assets/HotUpdate/Native/4c919a12-6be4-42b7-ab74-2cb02843c31b/4c919a12-6be4-42b7-ab74-2cb02843c31b.de491.png,2065,d541b9ff417740febed47cda5bc35bd177916803a380c221cd132250bb13173a
04_Assets/HotUpdate/Native/4d617c00-0f33-436a-a76e-aaa2a595ad86/4d617c00-0f33-436a-a76e-aaa2a595ad86.64e82.png,7755,8b2b45739af1a9fe35eb833a149a03c2ed977ba82f8fcc83a4861dff7d5acae9
04_Assets/HotUpdate/Native/4e9d8790-6db3-44e6-a254-53850dc123ad/4e9d8790-6db3-44e6-a254-53850dc123ad.26197.png,4827,154db7163ee72e9f038174d7791222e85163aeb3dfd47c05fbfa75ba915e6b9b
04_Assets/HotUpdate/Native/4f0e2e27-a383-4b64-acc3-8bf8f8b28579/4f0e2e27-a383-4b64-acc3-8bf8f8b28579.e49a1.png,4756,b9b13a34a502e38220bb9042d92a726ded60104ee073fd31b5a3b8638b75e47c
04_Assets/HotUpdate/Native/504c91b3-06d2-4b2f-9107-6dcd08146cc1/504c91b3-06d2-4b2f-9107-6dcd08146cc1.786d2.png,1625,82fed88e7651d71d1d83601479dfd62a893dedf5b60603ac29d1ee60260289ba
04_Assets/HotUpdate/Native/5050cf53-c59d-4235-842b-9ac96afa3225/5050cf53-c59d-4235-842b-9ac96afa3225.5a320.png,16096,6dddd65774a24ee37b3e1a0d381d447c6902de0ecb4346147b6cf7487a6f15f3
04_Assets/HotUpdate/Native/510096cb-d62c-4c7e-bcf7-70ac5edd3e82/510096cb-d62c-4c7e-bcf7-70ac5edd3e82.1e0b0.png,48362,004a9819076bcb06db08b6a036dc022e5fdca2dfc0fdf821a8a45738a9c886f0
04_Assets/HotUpdate/Native/517750e5-b25f-4b3a-8b96-4d590127ca85/517750e5-b25f-4b3a-8b96-4d590127ca85.b7efb.png,293446,a73ab79d1e237c4069e3a82dda26d7c5d8ba8f5e9a2d47f7e75ec0cf15537471
04_Assets/HotUpdate/Native/517dd422-aa9a-4f29-afea-7d2a24a3dd62/517dd422-aa9a-4f29-afea-7d2a24a3dd62.b0fc0.png,31137,d8cf79519adef07be522e306bb5648f7f1c8aae221f311ba2e3a77912f656fa1
04_Assets/HotUpdate/Native/5203aceb-68f1-4753-9a75-a5a2b774c8e5/5203aceb-68f1-4753-9a75-a5a2b774c8e5.1ac99.png,11379,e245df5ddae5bfd7f88f2bee22ac361d8d577f2b317ec2f8bb75fa9dba50728d
04_Assets/HotUpdate/Native/5333626d-8920-4e3a-adca-3551ed60d1d9/5333626d-8920-4e3a-adca-3551ed60d1d9.c0fd7.png,5790,0f3d20a3ca24d263111292b3e88acd206f2270ca50d504f5f26b36c4e214bc23
04_Assets/HotUpdate/Native/5385907d-a913-470b-b47a-22903cc7bb41/5385907d-a913-470b-b47a-22903cc7bb41.97b3a.png,6993,e9b47fabbf631ab69a151bb27eb3f3b71e137348349df56b08d131d59e9a59ab
04_Assets/HotUpdate/Native/53c78abd-ac1e-4f54-9531-ec266c6de6ac/53c78abd-ac1e-4f54-9531-ec266c6de6ac.eb05a.png,673027,a1c7d192982704f5ce3e4b027831dde84b14f17e024248a0ba2c681e5c5c4603
04_Assets/HotUpdate/Native/551080c3-bdf3-49bc-966b-fe19eeb66e8d/551080c3-bdf3-49bc-966b-fe19eeb66e8d.17dfc.png,5718,77174fda569d033607f922cf1f697f8e4082dce5ca8bd56b62bb5cf7f21a509e
04_Assets/HotUpdate/Native/555482e6-8fb9-44ed-a19c-3621ee75c04d/555482e6-8fb9-44ed-a19c-3621ee75c04d.2b902.png,21025,ca6ec48a02d1dcbb235cb09d46f01ed7739a7c08015794e9ed04de30ec9ad02d
04_Assets/HotUpdate/Native/5723193f-b78b-4fc0-92da-ea95409e503d/5723193f-b78b-4fc0-92da-ea95409e503d.381cd.png,8939,0f507960e26d106cbcf91c4ae11a33acde17abbf883b8abd43ad4ec9e4c94fb1
04_Assets/HotUpdate/Native/574a34ad-c32a-4215-af1e-df8701ae5e6f/574a34ad-c32a-4215-af1e-df8701ae5e6f.11c1e.png,4608,943033315b80415929344af5e24b50e2ceacbd07c211a003ee623c8e1571e13d
04_Assets/HotUpdate/Native/581699ae-73ba-45bb-8d3f-f01341d4dccb/581699ae-73ba-45bb-8d3f-f01341d4dccb.755f8.png,198116,1c35988a82f17f9716c47b79c15e8f45a41210e4a82284ea259f6f5f05ba9081
04_Assets/HotUpdate/Native/58dcac4f-a94f-4362-982e-d1bd2cf45a60/58dcac4f-a94f-4362-982e-d1bd2cf45a60.38373.png,3430,8c453d5cc9d6136e925e7a776b4cd46e17e8a91297dca1b904efc2333366fdfa
04_Assets/HotUpdate/Native/5963ed4a-dd82-4b29-84f1-5d26b0a9211e/5963ed4a-dd82-4b29-84f1-5d26b0a9211e.84cee.png,5882,60aa90ebb061288072158db342e7ef1e69535203094ee9b16391cab46610dea6
04_Assets/HotUpdate/Native/5966bc66-96d7-4003-8144-ab74b0809de4/5966bc66-96d7-4003-8144-ab74b0809de4.e689d.png,36736,4df5209a4ff8e8e38ed307b6e94d00b24107f57232d14751058f5ea83cc8ca5d
04_Assets/HotUpdate/Native/59d7a375-30a4-4658-ab58-e8148c79ab2c/59d7a375-30a4-4658-ab58-e8148c79ab2c.77532.png,12008,5a5f379240267dd4475ce72b94b30e9fa8629a7e3287dc3583b07aed0cc609e4
04_Assets/HotUpdate/Native/5ace1a10-bfdf-41ad-a766-34ed98c5eca9/5ace1a10-bfdf-41ad-a766-34ed98c5eca9.03759.png,5293,4fe09c81af6913bbf8d706c762d4dbf36fc9c78c9b908a445bddb3cb778705b1
04_Assets/HotUpdate/Native/5ba239c4-494b-4272-845f-72f93b88305c/5ba239c4-494b-4272-845f-72f93b88305c.f138d.png,20027,7e858a732fe84507b58a5170b6911024b8e6c26a96ab6fb720eed7c8e6099091
04_Assets/HotUpdate/Native/5bc34550-f067-44f0-bd74-d3ecfa00248f/5bc34550-f067-44f0-bd74-d3ecfa00248f.28af9.png,12235,35568fb493042c1ef12a526c4c5e947056f9cb8f24eba96b263fda55aed2cc0e
04_Assets/HotUpdate/Native/5c52a940-fc70-4012-a29d-8869bade96a6/5c52a940-fc70-4012-a29d-8869bade96a6.4c12f.png,4882,ed70a5a4643e96edd811da8ee97dd73be31f5ed4e64fe3b53c85bd934b1b0012
04_Assets/HotUpdate/Native/5cdcd9b5-04e2-4ed3-841b-ebfda86c19b1/5cdcd9b5-04e2-4ed3-841b-ebfda86c19b1.1cf8d.png,5200,f2998f97831763a6d0ee90d7c9353641d99f35ce4044f98c5da4228e502481a1
04_Assets/HotUpdate/Native/5d27aeb7-82bf-4647-bdb5-dd316ac7deb8/5d27aeb7-82bf-4647-bdb5-dd316ac7deb8.45647.png,1925,255baa7210c0c17edc9262ad845bf81ae9dc4cc36662f10a0a2bf0f7611dbcdf
04_Assets/HotUpdate/Native/5d4c7052-40f2-435c-b1e9-9b6d41d13b74/5d4c7052-40f2-435c-b1e9-9b6d41d13b74.7a4b1.png,73962,654ec13db39fa71e3c92aaee7f1a0b0562df30c1eb40543ac21f5ffd46a5f30c
04_Assets/HotUpdate/Native/600301aa-3357-4a10-b086-84f011fa32ba/600301aa-3357-4a10-b086-84f011fa32ba.c3a3a.png,7518,2e96e6cfa06188f02c7dfac41b9e9e022a99f29a1a94a188ccae29db3bcdb327
04_Assets/HotUpdate/Native/61e82c2b-e52d-4fe6-aebc-ac56a9d39968/61e82c2b-e52d-4fe6-aebc-ac56a9d39968.91b3a.mp3,64624,1e2f6e9ee0319221a8dd791f3ce3e7671713277f5c1c1011c994cd90000fc12e
04_Assets/HotUpdate/Native/62205896-c983-4527-8ef9-26badc20fd20/62205896-c983-4527-8ef9-26badc20fd20.f3aaa.png,7307,993ffe56feef6fd8e947d974e79ee5024c84f835c00d5d647f40dc1607d306ee
04_Assets/HotUpdate/Native/62e12a2a-fbe5-412f-9bf4-c8e85c7fbead/62e12a2a-fbe5-412f-9bf4-c8e85c7fbead.3a2fb.png,3355,819cc3b6d36836008045376b0a76560bec87dabc7f573d5ba552c0438d6b85d6
04_Assets/HotUpdate/Native/62f14cbc-3936-4775-9ea1-7f66bdd29ca3/62f14cbc-3936-4775-9ea1-7f66bdd29ca3.6b37d.png,5021,759dd56a12f60897a6cd8435c386322e580deaca5a9c845ad1d218301a8f4d81
04_Assets/HotUpdate/Native/633fb845-39be-4c96-8467-36585dc85222/633fb845-39be-4c96-8467-36585dc85222.f6f81.png,1931,9a4890cb7103c30c47e273d887515901c4977b6b219ac9cfb819cdc136411c21
04_Assets/HotUpdate/Native/638d2abc-b04d-4543-aa98-9d4587f3d92e/638d2abc-b04d-4543-aa98-9d4587f3d92e.146f4.png,937,25dbe5e5935480f42b48e9a07b819d9a1f5bf3001a8ad6aef6ce1b535b0644eb
04_Assets/HotUpdate/Native/63c8f810-282c-4bb3-b9a3-5ddb3f7a120f/63c8f810-282c-4bb3-b9a3-5ddb3f7a120f.9ad3a.png,2473,ab8e76095abf071c694b071b0532eadaf5db5642cd64c97dac7de1a523326fa5
04_Assets/HotUpdate/Native/6403248e-0a19-48ad-bc9c-d8143487ff77/6403248e-0a19-48ad-bc9c-d8143487ff77.4d8dc.png,9759,5c1f9c2fbf5a6f7777a5e03f3c7ff860f5d98f26e18808faa09a7c79de277840
04_Assets/HotUpdate/Native/6491c232-7ee7-4a36-892f-a9273b263bc1/6491c232-7ee7-4a36-892f-a9273b263bc1.46426.png,10718,83a11a9a590aed38bc73b6217ae1e4a2b7c5b0c9890c4b3a3cfa0ca481a2a098
04_Assets/HotUpdate/Native/64b2f1d4-4b0a-485e-a37a-0256a65ef785/FZY4JW.ttf,3397138,7eb9d7ee6b0648b9af47e38d271b18bff1c187de768a3d95e861a01cf11e4ad7
04_Assets/HotUpdate/Native/6602142f-c826-499b-acb4-e9ad00db1073/6602142f-c826-499b-acb4-e9ad00db1073.9ee81.png,3248,c70d79362846f41d76e317572947f61b70afee702b63372eecda5e9f300708bf
04_Assets/HotUpdate/Native/66220788-a230-46ec-9506-3dcccd8ed975/66220788-a230-46ec-9506-3dcccd8ed975.9286d.png,9833,1eae5bb85418c646ba151d382cb1074957017fcfd247c6ed2f2d7493224c376f
04_Assets/HotUpdate/Native/6624ebc9-9afe-486d-896e-e1425e6d6cbf/6624ebc9-9afe-486d-896e-e1425e6d6cbf.035cb.png,89715,2eb36b17f272cbcdae787b555c90613cb22b5d0580bbb52c842082194c6eaf91
04_Assets/HotUpdate/Native/671ba69c-3366-4d9c-85c5-26243f904ada/671ba69c-3366-4d9c-85c5-26243f904ada.a31ee.png,5294,781c22a9ffc9cde351322f0a0cc0e3f4f79c4b700135611341c0616768bc594d
04_Assets/HotUpdate/Native/688fe675-312c-4ef9-b79f-95119c346064/688fe675-312c-4ef9-b79f-95119c346064.e9be1.png,76905,23e165d076bf1855abfa19464351c654a3561e80f7e30b0faa21f0700798f7a1
04_Assets/HotUpdate/Native/696ae94a-2fb3-4ef4-9446-e0bf67056be1/696ae94a-2fb3-4ef4-9446-e0bf67056be1.e03f8.png,5362,87bd31ab5e5d0e37708528e16c67c088bd354c69818992f2a406038a6a551510
04_Assets/HotUpdate/Native/6ab89565-9d79-423d-bb9a-62970dba6e13/6ab89565-9d79-423d-bb9a-62970dba6e13.e4c2c.png,2224,422a1bf67007900db49caa6be95ad9da0b7d45058b7681414e47a2cd201901c0
04_Assets/HotUpdate/Native/6dfee150-bd0f-40cc-8f1c-2da8e8a9df39/6dfee150-bd0f-40cc-8f1c-2da8e8a9df39.1afcf.png,33083,0f74f6a8a68c8687c2b4488b5e05692c3cedb46e410b436fac6719d56aefde62
04_Assets/HotUpdate/Native/6e1e97a0-c4e9-458f-a207-5e406af79b6f/6e1e97a0-c4e9-458f-a207-5e406af79b6f.3455c.png,73968,fad5cc979824cc7c81dcd740670a636e0d7c92421826dc38f1b9c612c27288d7
04_Assets/HotUpdate/Native/6e8db88d-f125-4b09-bff9-acc219c577d0/6e8db88d-f125-4b09-bff9-acc219c577d0.f6d67.png,16878,83ffde422259ee178a84bbb8d9b0811c92a08d430509b15154386237c956d137
04_Assets/HotUpdate/Native/6f3c59ef-1ada-48c0-b598-fe1ee24c3e66/6f3c59ef-1ada-48c0-b598-fe1ee24c3e66.002e8.png,3181,94b59870e5096c5aba204b872e417e73b416e1b384e3188c8f204b09b4d2f5c3
04_Assets/HotUpdate/Native/6f9d0c20-7003-43d7-8703-c945d7f949ad/6f9d0c20-7003-43d7-8703-c945d7f949ad.9ef48.png,25312,0880593b20ac0d4b5ab86ff7e1b215d0fec41e078efbb2bd85ac682d26e0c526
04_Assets/HotUpdate/Native/71561142-4c83-4933-afca-cb7a17f67053/71561142-4c83-4933-afca-cb7a17f67053.c06a9.png,1050,44b670047e5d34fc09f3e8538e8945445bc1bb913d6f21d7ac4e06b18c2e172b
04_Assets/HotUpdate/Native/719f1da6-b673-4322-b690-51c779c3a8b8/719f1da6-b673-4322-b690-51c779c3a8b8.75aba.png,12410,0b1145b7c9d579782e13da863013859f220918cb9064049ad3a3a53697837580
04_Assets/HotUpdate/Native/73eda5d0-5095-469e-a754-4057cf25ed9a/73eda5d0-5095-469e-a754-4057cf25ed9a.5dc6f.png,10309,376efca87524ade13caef043beeed6afc788168624c06d843499872a464fa1e6
04_Assets/HotUpdate/Native/74ff5e76-6393-4c2c-a6dc-cf8c17d3e9c1/74ff5e76-6393-4c2c-a6dc-cf8c17d3e9c1.c6a36.png,8916,e426bdc47e4d46d49bac0257766c910a9c53245368cac49e91f04652d27c8185
04_Assets/HotUpdate/Native/764afd10-9805-4120-a7c1-676aa4122a69/764afd10-9805-4120-a7c1-676aa4122a69.9e8f6.png,5309,98e3ee7a26ac5e663304202b249f9c28b5cb630060132a9f44a6793da025fd84
04_Assets/HotUpdate/Native/7658fc81-45a4-4918-92b2-d92d84677f4f/7658fc81-45a4-4918-92b2-d92d84677f4f.107f2.png,234091,6ab28867186d9059afd83b993e36a7925f70865a6c7aa39e29b1d20a46a3d9fb
04_Assets/HotUpdate/Native/770915c0-646b-44cf-99f0-bc29c429f030/770915c0-646b-44cf-99f0-bc29c429f030.d908c.png,2114,6246b0e76f4d62b488a1af05d8f90317304118af2c552eb5ca43449e7056d2c0
04_Assets/HotUpdate/Native/786fed12-b944-4239-b9d7-286cd6a5124d/786fed12-b944-4239-b9d7-286cd6a5124d.2f3cb.png,6530,24090b26c0590a262001edda4b83d9ea845104d900899ef756248d45e99895f0
04_Assets/HotUpdate/Native/789f8721-b649-4b5b-9c51-da174f5408a7/789f8721-b649-4b5b-9c51-da174f5408a7.0cf1d.png,187956,536769637dfbecd34d16f284b4a9f7aa7bb65a52c9792c422ed66b4abd29eaa1
04_Assets/HotUpdate/Native/78fcf843-c028-4305-b207-b622179b024e/78fcf843-c028-4305-b207-b622179b024e.80bcc.atlas,3343,57e755ed29973ffc81f30736aff33020a0b19d6fada1d6d4f298f0f52fa5d863
04_Assets/HotUpdate/Native/7a117aeb-7ebd-4231-9e76-f643f7c62620/7a117aeb-7ebd-4231-9e76-f643f7c62620.f470b.png,7454,cd8a53163634fd3a8f561277c369aed147bab19bf5f1b2a787c53ec7ec7ea012
04_Assets/HotUpdate/Native/7acdac3e-1d1d-46e7-95e6-2ea8a20b6155/7acdac3e-1d1d-46e7-95e6-2ea8a20b6155.40c08.png,6026,44d907d1e0dfad8f27f18f6edfdad26d1a266b200db07b3de45c8492f964eca8
04_Assets/HotUpdate/Native/7b2f806d-3f4f-4785-9103-307fe52c74ba/7b2f806d-3f4f-4785-9103-307fe52c74ba.47b4b.png,118092,90ecde03d0e9bd6460a7a358839627bcca0468980fc9f8385a13aadfd8c16f0e
04_Assets/HotUpdate/Native/7b538d02-48f5-4c86-955e-6c422e878a93/7b538d02-48f5-4c86-955e-6c422e878a93.dbee8.png,3030,ee530ad20bcf9fb6efa12f776414f392c57b4facd1f7d873a4f2def7cec22856
04_Assets/HotUpdate/Native/7b945bcb-387d-4857-9470-7842d12d380d/7b945bcb-387d-4857-9470-7842d12d380d.b3bca.png,4213,f8d6fff827613f83652916f0bf21360bf41a25ccdf138527a4340e5698cf4874
04_Assets/HotUpdate/Native/7bdc6036-7f29-4737-8d21-b60cc142bc34/7bdc6036-7f29-4737-8d21-b60cc142bc34.fd440.png,986,49d579fe5ddbf004c1d19217cfec175632c553532668e7efba846f1755cebe18
04_Assets/HotUpdate/Native/7d228045-c5cb-4201-b1b5-7259248040a2/7d228045-c5cb-4201-b1b5-7259248040a2.fbd13.png,6272,d5003390b09068e1dad6d25a6a71fd0ccf2f1b140d539d4a0300e8da91f82d19
04_Assets/HotUpdate/Native/7d6a93d4-1a8f-4834-8795-cd57d5dbd546/7d6a93d4-1a8f-4834-8795-cd57d5dbd546.b0475.png,269282,fd322e49c38b39482938ac1c1754f199b8ee07b61e70bf8513403020a96a0fea
04_Assets/HotUpdate/Native/7f295cdf-d8fa-48c3-9bc5-d19940eb31e2/7f295cdf-d8fa-48c3-9bc5-d19940eb31e2.76351.png,29252,897b5d4f711ef1e2fda2a0c770cbcf3353793f905dc7be6c0121e1fd9368dcb2
04_Assets/HotUpdate/Native/81269d22-4616-48e4-b32d-c3f98fa07dcb/81269d22-4616-48e4-b32d-c3f98fa07dcb.f07e6.png,12288,7d62beeaed67708004fa46449c6a43c28fa4e9f7da3905d216dfc742fa0a9e16
04_Assets/HotUpdate/Native/82206c04-2be0-4ad8-a859-0a86a26dd1dd/82206c04-2be0-4ad8-a859-0a86a26dd1dd.5d5d8.png,16728,965384da96d0f27da52c1951de963dc52b814944c5b5badaf9194c5f536626e4
04_Assets/HotUpdate/Native/827e9d1b-46d6-484d-8420-66e643c30457/827e9d1b-46d6-484d-8420-66e643c30457.34844.png,121352,f6b5b2b1545407512fb7b795bc09d41b587a2a3bb852a36d0a380a9d9cd47c0b
04_Assets/HotUpdate/Native/82bc51c7-93e2-4094-a3f3-2c4908f441a9/82bc51c7-93e2-4094-a3f3-2c4908f441a9.fe2ed.mp3,54720,82f176c26a64a86ed9bf334dda2896fb41a3f9c50e45f1fecbf6d881cf410f35
04_Assets/HotUpdate/Native/82d0a721-f35e-43e3-986e-302a6ae63b58/82d0a721-f35e-43e3-986e-302a6ae63b58.53a74.png,548,f4578814a083ec5d24e6e258ad7045af9f190853c28b5e19ac76ca8ff6119714
04_Assets/HotUpdate/Native/8433e85e-7d2b-470a-af06-69dfd8cfa183/8433e85e-7d2b-470a-af06-69dfd8cfa183.ab900.png,11399,bfd5b9f18199146c03095f8e9344d8cecfc7191cce78c870450885f2d5008acd
04_Assets/HotUpdate/Native/84b34faf-701b-4443-8a91-7d30209ad8e9/84b34faf-701b-4443-8a91-7d30209ad8e9.d4e57.png,8012,50f4c75d5685a853f58780c7a43d7b2444d37521030437a5acf87dbc944a2fc3
04_Assets/HotUpdate/Native/8522b931-0a36-420d-b7c3-73106915ccdb/8522b931-0a36-420d-b7c3-73106915ccdb.3be3d.png,6534,f67dfa18795e59d8f00e59681e7521e95e199598c0772efd687addcd6e58c0b8
04_Assets/HotUpdate/Native/855884ae-3be5-43da-a4ff-59fb3213998d/855884ae-3be5-43da-a4ff-59fb3213998d.88fe5.png,6509,c79af8559b1e0257193d24a05c6eb631d77f77c76de6bb7b62b4bb95c4398314
04_Assets/HotUpdate/Native/85b69287-9571-4fc6-9d18-cf458cfa674d/85b69287-9571-4fc6-9d18-cf458cfa674d.03572.png,7964,72b05802e481440942b2223b2fab39a57e9b9851e09ff8135c764635e1eae4be
04_Assets/HotUpdate/Native/86a5f315-6462-42a4-84eb-dc815986983e/86a5f315-6462-42a4-84eb-dc815986983e.dbadd.png,4794,1775c4024b74ea9f54bfa2fb494738221019911c3c57fb5208c459331a150dd4
04_Assets/HotUpdate/Native/86ef5a4a-15e8-4512-a881-098b1fb4d006/86ef5a4a-15e8-4512-a881-098b1fb4d006.eeba1.png,10969,ce04f46447de162b1bf8ed03f7b22bdb83ee07bd2ccbaf4eb4412bb91d7ab033
04_Assets/HotUpdate/Native/87caf1b4-9a34-45c4-8db7-cb36dfffbe09/87caf1b4-9a34-45c4-8db7-cb36dfffbe09.01a93.png,3780,85f91dcbf2ac7f20e5089641fba555589ca574dd1761512c1b49820a9c7f7e5d
04_Assets/HotUpdate/Native/88addc0f-48b2-403c-879f-78b1f9b13134/88addc0f-48b2-403c-879f-78b1f9b13134.4df34.atlas,1089,2e87e8d580290c6266c10b6d5c2e441728d31c7bf5ef6a2177d046739d700279
04_Assets/HotUpdate/Native/88ffbeed-715a-4695-81c0-af6fb74920fb/88ffbeed-715a-4695-81c0-af6fb74920fb.d710e.png,55137,a3a6e3ca6ef10951ca25e9a7b12ab1ff3e25ab149e34443ecd48f6b7cdb2a2ba
04_Assets/HotUpdate/Native/8aa6ca50-0519-41f7-b6af-7a0edabaced0/8aa6ca50-0519-41f7-b6af-7a0edabaced0.cbfa1.png,12217,ef5e9bb0603a5013dea13e41d0892458aa6b2cd95ac19cb5f516d453744de361
04_Assets/HotUpdate/Native/8ac5b5bd-1e25-45ad-8541-a0045603623e/8ac5b5bd-1e25-45ad-8541-a0045603623e.477f1.png,7166,8411fc7f40143339e224d35919675de5ff9608b0bf78e4379c88a4a8b772616f
04_Assets/HotUpdate/Native/8b967798-445b-4147-b664-3f920ede46b3/8b967798-445b-4147-b664-3f920ede46b3.999b3.png,10692,6b52c34990f11a127d3001284486e7daa91b92f56f5e8831c8a61aea49cc1667
04_Assets/HotUpdate/Native/8bac0bd2-854c-4b33-bd1c-20260d01dde3/8bac0bd2-854c-4b33-bd1c-20260d01dde3.357e0.png,4563,5e5d4cbc0f54d4bd9f77e9f332e0ed6613cbea174f43e40476250d3e3293ad9f
04_Assets/HotUpdate/Native/8ce82369-31d8-4d98-9014-a8f388ee24a1/8ce82369-31d8-4d98-9014-a8f388ee24a1.fdd51.png,198966,b9cc366710638ccd0aee23c516cfb20413f56128cb009a72ac48eedf0a91ac43
04_Assets/HotUpdate/Native/8dbcdfaa-d70a-48aa-a33c-7cebc14129ac/8dbcdfaa-d70a-48aa-a33c-7cebc14129ac.ef620.png,4705,e7da3cf2fa60ee856c14e6d8fb1e719ff0698360606fb5991eccf5c5124b3887
04_Assets/HotUpdate/Native/8e022273-2967-41c4-8a42-709de61c6601/8e022273-2967-41c4-8a42-709de61c6601.cd951.png,47433,cfb84168aa44f11af850d217f963be9d4b6031f951b0ee046a4db320369718c1
04_Assets/HotUpdate/Native/8fd06efc-256e-4c6c-a97b-b61c0e153fb7/8fd06efc-256e-4c6c-a97b-b61c0e153fb7.dcc75.png,66977,fbd2eb9ed1297cb07e2d2de3c7b5d716e4c5af3d106c5bcf502c0db50ef6ce14
04_Assets/HotUpdate/Native/902e64f2-bbd5-4325-8d44-0d601f451f1a/902e64f2-bbd5-4325-8d44-0d601f451f1a.73f6e.png,30206,c9c98b4b4834474fa9115a9fae9529a8408dc4a10040a901f3712ef02d73d330
04_Assets/HotUpdate/Native/91151cdb-2888-4042-b283-982caafdf4ff/91151cdb-2888-4042-b283-982caafdf4ff.e47d0.png,7834,53cda1e82f82ca3948372bc210fe4117ca42eca6637bd5d85eb17dd9956e474f
04_Assets/HotUpdate/Native/912cc466-fd19-4d2d-b2b0-c613ab2b39f9/912cc466-fd19-4d2d-b2b0-c613ab2b39f9.3eb54.png,88352,21aa7924800b9eddc261f6a494e17529e3c792d8592c26206136f9a41530774f
04_Assets/HotUpdate/Native/925072b1-0d66-4136-9bfb-92a5c743e9ee/925072b1-0d66-4136-9bfb-92a5c743e9ee.255b9.png,7544,2b5f2bb04b90b7a1cd7ae28e7a07f510be02d1ac6ca59078697d4dc6e785b5dc
04_Assets/HotUpdate/Native/92a44d78-1e8e-491d-866d-65abf6b2147b/92a44d78-1e8e-491d-866d-65abf6b2147b.2e3b3.mp3,5960,83cd3b3990b495d9a54d424efba4cdb315ae859209d9fea2143f5995048e7985
04_Assets/HotUpdate/Native/92e79000-3027-4bb7-8bd1-7a80edcb78a1/92e79000-3027-4bb7-8bd1-7a80edcb78a1.e9899.png,7500,4974e783ddf6af69f4a273944fa76807db98bb8c2eee0321e483301086d7fd39
04_Assets/HotUpdate/Native/94071b2c-7f0c-4f62-bbdd-1d0e74c581a0/94071b2c-7f0c-4f62-bbdd-1d0e74c581a0.d057a.png,369,bc31fd87dbfa7ac7fce112bdb59e8a1fae3c7f8445e2a528cc4b5d035d9f515c
04_Assets/HotUpdate/Native/940bc251-ecae-49d1-b71b-07a11e55568f/940bc251-ecae-49d1-b71b-07a11e55568f.fcc1a.mp3,6584,57f913c854205b512c1de55a48bd0006ce41eed989c7d09b13215cff8039f66b
04_Assets/HotUpdate/Native/94eedd69-ddb0-4526-b983-0bae4ca77d91/94eedd69-ddb0-4526-b983-0bae4ca77d91.1ac8f.png,141,10248629132f44750c7616c7e06c085a1296e155e1d1a2cb1339bbf95178ac9d
04_Assets/HotUpdate/Native/94fb8e0b-e76a-48f4-a217-f79103f3410c/94fb8e0b-e76a-48f4-a217-f79103f3410c.c3f2f.png,80348,2c89d4b21bdfd0a8f4ed92b8713105a5e6c9eb1915c3c891479a868c65776f83
04_Assets/HotUpdate/Native/9522eb81-fb07-4783-be8a-e6d4174c7fd6/9522eb81-fb07-4783-be8a-e6d4174c7fd6.11c61.png,5934,c2b9813209c5de7d8d27827fda75cf0259e50768256b7847e867f17fd40c60aa
04_Assets/HotUpdate/Native/952f6da6-3f80-4317-ac9c-060a52ca303d/952f6da6-3f80-4317-ac9c-060a52ca303d.66af3.png,24551,0ef4cae49170451756d5cec0cc6961f3422484e9f09541124908d4752ea4acb2
04_Assets/HotUpdate/Native/9547ad16-5cfe-4ff3-a325-62743e13422a/9547ad16-5cfe-4ff3-a325-62743e13422a.94aad.png,4862,89899565749c71ae9656976b74ad3b8e415ebecac2470076d907eedf090a4b43
04_Assets/HotUpdate/Native/9655016d-93fd-4701-94df-c2d35f2ed564/9655016d-93fd-4701-94df-c2d35f2ed564.7da4a.png,67582,5eccce3a322f9069d6ac405d3b3182d58ddd5a1faa7713dccfa8961ba53f5133
04_Assets/HotUpdate/Native/96c8ec86-eccf-457a-b660-72477e003e78/96c8ec86-eccf-457a-b660-72477e003e78.8be50.png,12088,fca838f0aa80049aedaadd9755da8bc983f4e3c47fca42fb4bfbde08aa25633c
04_Assets/HotUpdate/Native/9879b2ca-47e3-4474-a4ae-369d636322b3/9879b2ca-47e3-4474-a4ae-369d636322b3.a10ec.png,2608,9e989fcf62bee039c30ba7cd1fc723239e2388892c1c5769561605ba1d524727
04_Assets/HotUpdate/Native/987dcc3c-ef97-4341-8a91-e35db5d2ba8c/987dcc3c-ef97-4341-8a91-e35db5d2ba8c.54a2d.png,4810,5f2c4ba25cb5939ed60f8e09e1e4d198091f8a1e4dd52e6dd879404dd5df0ae5
04_Assets/HotUpdate/Native/98f2795e-1b53-48c5-9e39-dce97ed1989e/98f2795e-1b53-48c5-9e39-dce97ed1989e.d818d.png,9511,e8ea6bae48601380507f5c1f11d12a7596bd18b4886c88ed6caffd316f64320d
04_Assets/HotUpdate/Native/9935e644-1184-4c5b-a004-fa4b37026e0c/9935e644-1184-4c5b-a004-fa4b37026e0c.d974b.png,10260,5043cbda5b7a8510f281c36e05fbc8efb9a2e300761fac82e1504f82fa9ccb50
04_Assets/HotUpdate/Native/993a1f48-6068-42f3-8d27-f494558ce29a/993a1f48-6068-42f3-8d27-f494558ce29a.8e4bd.png,2531,e1e9d17942d0365dc09429a37913a3ceda169a983618efb31d2c090b5f85f153
04_Assets/HotUpdate/Native/99d19228-b42e-4576-8831-f9781cb3ef72/99d19228-b42e-4576-8831-f9781cb3ef72.530c0.png,5916,bc71f604ea51bda7cfc69a2f0ecba7becc6c56ab4849041f1df68a69d1f4d2f4
04_Assets/HotUpdate/Native/99e7583a-6d2c-460a-975b-8764d5bf0e4f/99e7583a-6d2c-460a-975b-8764d5bf0e4f.e2fdc.png,1415,cb777af1cf4b7832bf5f32d236b8866faa337d90bb1ec6b88b595a448a7a823f
04_Assets/HotUpdate/Native/99ee6bce-3945-4d2b-b7ac-2319f8e01a52/99ee6bce-3945-4d2b-b7ac-2319f8e01a52.48a22.png,1600,c70e8568d80fd4bd6082cb290eefa3e68c0b89348aa6f7c4e025c093b372165e
04_Assets/HotUpdate/Native/9a3957df-942a-4547-b7d3-5d5c453400db/9a3957df-942a-4547-b7d3-5d5c453400db.7933b.atlas,439,b41e42427d6a44f2969b5771ca0b22f982c1355008e0e3cf0751ca2cace1451a
04_Assets/HotUpdate/Native/9ba98b8f-a29f-47a7-a5d8-44d436da61e3/9ba98b8f-a29f-47a7-a5d8-44d436da61e3.c6547.png,13480,3fab1468c1255c1efaa1a74f15e4bc1670250996e3028d31d1e461747ae90646
04_Assets/HotUpdate/Native/9bafa911-0987-4d56-9634-5e35ec3925a1/9bafa911-0987-4d56-9634-5e35ec3925a1.20060.png,1112,45b061d9095e08d1e3da1cb1190ae2a24be615bfa44a3b3168eafa1f0a7f8319
04_Assets/HotUpdate/Native/9bc3ed2e-c695-4823-8975-f84e60023357/9bc3ed2e-c695-4823-8975-f84e60023357.3681a.png,20071,550dcc83e2fcd7912a4b106a87ef8b69a79bb1f6ea0a7548fee5da533b2df469
04_Assets/HotUpdate/Native/9c88cd31-3870-4566-ae7d-ee1ae6e27216/9c88cd31-3870-4566-ae7d-ee1ae6e27216.2ba2a.png,7647,8135784d7c97a259529d47a228f8428b382a0ddec7f9ed490e336ab8301cd9aa
04_Assets/HotUpdate/Native/9cb41a1d-beb9-4f79-9f23-9507d08cb3f9/9cb41a1d-beb9-4f79-9f23-9507d08cb3f9.994ba.png,9549,fb6cf2fe4ae0759edd9af69429f00b190f1f0f6e5665724b88ba0aab2e9e0739
04_Assets/HotUpdate/Native/9cc6da8b-80a5-467c-8af0-70eb2d7ff5ab/9cc6da8b-80a5-467c-8af0-70eb2d7ff5ab.1afcf.png,33083,0f74f6a8a68c8687c2b4488b5e05692c3cedb46e410b436fac6719d56aefde62
04_Assets/HotUpdate/Native/9cf5cbe8-1f28-4bd0-bcb5-73014cb1bd8a/9cf5cbe8-1f28-4bd0-bcb5-73014cb1bd8a.0e4b9.png,47156,0cd05374833ceb6fabf87775a2a89ede99c42b1ba4cd161365404bb6341d5515
04_Assets/HotUpdate/Native/9d41cd25-aa8e-4f35-84fd-de2acccc4b4e/9d41cd25-aa8e-4f35-84fd-de2acccc4b4e.52fcd.png,84407,1b8588f152154195aa1795295ee5a5871e57115e08e9f5a16bc60a35467b9f85
04_Assets/HotUpdate/Native/9de5ca07-8c7f-4bd7-b5f7-5d5972b4e559/9de5ca07-8c7f-4bd7-b5f7-5d5972b4e559.214db.mp3,56421,c60229d9ba3515b46d595a80b2c73ef9f40a68b895edbb8d5b07ffd3fad0f018
04_Assets/HotUpdate/Native/9e436e67-7145-4b6e-b747-2f4ebb7b3d84/9e436e67-7145-4b6e-b747-2f4ebb7b3d84.ec445.png,10534,26ddb64592c0ac6ab592d332712efc14dc8abf549e1e81602d716ee179be6890
04_Assets/HotUpdate/Native/9e93f222-f554-41ff-9974-810ed1dd909d/9e93f222-f554-41ff-9974-810ed1dd909d.2e624.png,5042,c56203888b0187025603ee62b621e09be470b7459f6566cc31f796d347c980d2
04_Assets/HotUpdate/Native/9fb5e2a5-891b-46f9-b94e-e91594cfa093/9fb5e2a5-891b-46f9-b94e-e91594cfa093.fe2ed.mp3,54720,82f176c26a64a86ed9bf334dda2896fb41a3f9c50e45f1fecbf6d881cf410f35
04_Assets/HotUpdate/Native/a07acf59-f8af-4617-8a1f-5d82d774d1bc/a07acf59-f8af-4617-8a1f-5d82d774d1bc.ff79d.png,11222,23bfb9fac02b2b950989cf105501b9bc8e7dd1df98db4ed2876188047f10a996
04_Assets/HotUpdate/Native/a07b6403-7a05-4475-854c-199bb1a5f7e2/a07b6403-7a05-4475-854c-199bb1a5f7e2.73300.png,11204,babfac403594efecc4d5bfb449de85bfff03e44f2fcf5bd5b722ed202f3653c4
04_Assets/HotUpdate/Native/a35fa43f-600d-4041-8425-916cf5fe680a/a35fa43f-600d-4041-8425-916cf5fe680a.064d4.png,7140,e521bf550aa0a21cd225d02b1502dda29a41a7f1b4668ab6c45b72557356a3a2
04_Assets/HotUpdate/Native/a40b3d81-b703-47b4-ad33-4f4dda194ba5/a40b3d81-b703-47b4-ad33-4f4dda194ba5.f71d0.png,5201,ba69d64d2eea120e5ec3d4c265e501ac9bc17c6cd193c382f86d45b850b63b46
04_Assets/HotUpdate/Native/a45fd447-8f22-475e-abac-c6a21926a7c2/a45fd447-8f22-475e-abac-c6a21926a7c2.2e3b3.mp3,5960,83cd3b3990b495d9a54d424efba4cdb315ae859209d9fea2143f5995048e7985
04_Assets/HotUpdate/Native/a494ae35-e395-45e9-906a-6906781b5c17/a494ae35-e395-45e9-906a-6906781b5c17.3e769.png,4585,078495e1ad32c8ba8162369c305859751a4fa5f6e37dc5a81d7c7049c0779bd6
04_Assets/HotUpdate/Native/a5131f33-5e42-48f5-83ae-e6ee6146dc37/a5131f33-5e42-48f5-83ae-e6ee6146dc37.4e040.png,10174,31f0050be6793a8c5e260672d431fd33238564e6cd294f31c7c326a075e7e577
04_Assets/HotUpdate/Native/a5856dda-7477-43b6-aec7-d91390584aca/a5856dda-7477-43b6-aec7-d91390584aca.b1090.png,4225,4c8f8bab5925a1b717a9bdb888b066ee3b35bdc625631efc5215213c0eead5e1
04_Assets/HotUpdate/Native/a5cc2672-da8a-48be-849f-9c5c431913a2/a5cc2672-da8a-48be-849f-9c5c431913a2.20060.png,1112,45b061d9095e08d1e3da1cb1190ae2a24be615bfa44a3b3168eafa1f0a7f8319
04_Assets/HotUpdate/Native/a5dbbb08-bc69-4768-ac36-a1e3726b5c71/a5dbbb08-bc69-4768-ac36-a1e3726b5c71.162a7.mp3,3988,beef071489685364bf53ef22eb5c4d783d7775fb80d3f0fbfb782b1315477a1a
04_Assets/HotUpdate/Native/a66ab0b3-5ae7-4cb0-a41f-df0f72e96c98/a66ab0b3-5ae7-4cb0-a41f-df0f72e96c98.4ee1c.png,2049,018fed7b432235b0fb818cc046502af6e3ffc62224e6333645f1d908b034f779
04_Assets/HotUpdate/Native/a7e06987-f8db-4542-9a17-734c0b6ec1c9/a7e06987-f8db-4542-9a17-734c0b6ec1c9.d077e.png,4757,e9983d33aca3ca316b5dcfb02836a574ad8d4911b5a5ad1fdb6749c04c7336f6
04_Assets/HotUpdate/Native/a8ac38d4-bce6-40af-a131-6c85e2faa70b/a8ac38d4-bce6-40af-a131-6c85e2faa70b.0e16d.png,11496,20f6a216e0319350da426f3c2ed2ddb9721ac10f53292fe5e02aa1ef84ba69ad
04_Assets/HotUpdate/Native/a8b06594-7cee-4ec7-afd4-b8dd75098ea6/a8b06594-7cee-4ec7-afd4-b8dd75098ea6.c85a7.png,4782,081bf827657f557d231d0b7d53e30f8ca63e423fd830ad8923ad5367b866d7e9
04_Assets/HotUpdate/Native/a97ea43f-2609-4e22-8a45-cf2d4f19d0f2/a97ea43f-2609-4e22-8a45-cf2d4f19d0f2.acb7d.png,4996,f05b0ef41f4c32450e7720b57e37a39e750a4f5c9812ac47d4ef882f087a921a
04_Assets/HotUpdate/Native/aa425258-1a19-4c18-9aa4-8466eae68d2b/aa425258-1a19-4c18-9aa4-8466eae68d2b.67678.png,11999,078c7732fd8ee833ff57882d790ba0d9fad71753dc5621b6d831ab877c8eae83
04_Assets/HotUpdate/Native/aa7b3788-4121-4f50-909f-5d948bf2a304/aa7b3788-4121-4f50-909f-5d948bf2a304.287f2.png,91965,59cb242d26a2a86f300c23477cc6f736b5501e832bdfee76ba21205ddd400a95
04_Assets/HotUpdate/Native/aadc74bf-2ad8-4fcb-81f8-1a42f5dde80c/aadc74bf-2ad8-4fcb-81f8-1a42f5dde80c.f4623.png,4553,ef8419ed14ebd71e56551ca64ebcb2c9a05dc273a9f029a59adb20cb13575a69
04_Assets/HotUpdate/Native/aaf553f6-8a16-46a2-a272-355b343cde4a/aaf553f6-8a16-46a2-a272-355b343cde4a.a7b7b.png,4793,76b0babec838dda357ad9a97b89b5c7df96394b6a51b4b3da3f9aaefb53f75c0
04_Assets/HotUpdate/Native/ab36d7c1-1991-4caf-9ebe-987e05c2a37d/ab36d7c1-1991-4caf-9ebe-987e05c2a37d.2cf85.png,29588,864cafd476cc1578a0ae9aa8751ee201075f20a047ca1b1b83cb40cb2952d838
04_Assets/HotUpdate/Native/ac6d3bb9-434e-4c22-9242-d91744bc0ee7/ac6d3bb9-434e-4c22-9242-d91744bc0ee7.5ad5f.png,12887,97acb9364336a3cff81f35c935559df61b1d135b72093fdb528f608fdb01f823
04_Assets/HotUpdate/Native/ad13543c-0484-49cd-9e07-963effe9a1da/ad13543c-0484-49cd-9e07-963effe9a1da.c1dba.png,4926,d9dbed13fb519829a617ae32790c3c898f9210546762013586db29ebaa60967e
04_Assets/HotUpdate/Native/ad187cf3-6ebe-4f5e-82fc-3db56aba135e/ad187cf3-6ebe-4f5e-82fc-3db56aba135e.eea45.png,221894,5c2eafa687b70afc3905c4a649f9cdcbe9f99b49773d4839dcc900c221b1ade2
04_Assets/HotUpdate/Native/ad8d9498-050b-4c07-b799-4507effab1ea/ad8d9498-050b-4c07-b799-4507effab1ea.548dd.png,2644,a2bbf4b5f608e06230b566464d946542415c271085ca44591a535910bf5f7188
04_Assets/HotUpdate/Native/adc035b1-931d-493b-b587-81d704e83709/adc035b1-931d-493b-b587-81d704e83709.b6c7c.png,7688,2a8afcb5cdde7ae050c207faa4fcd7f013cfb9862b44f01c891bd875dfe68801
04_Assets/HotUpdate/Native/ae32c2fc-7f1a-4565-9d65-44c1cf3d8920/ae32c2fc-7f1a-4565-9d65-44c1cf3d8920.c128d.atlas,3000,ed6064dd70bb3591ae5d9f974157429b63c4293043f5f464196fe7d04b7c7c6b
04_Assets/HotUpdate/Native/ae5e88ea-057b-4d86-a75d-6e7d05739d7a/ae5e88ea-057b-4d86-a75d-6e7d05739d7a.1cc57.png,6165,6418bf927857a557a13f3e64413d773f233404b68f82b1ce06894ae739c7e74e
04_Assets/HotUpdate/Native/b02ba614-5d3c-4061-9443-699bbf7558b1/b02ba614-5d3c-4061-9443-699bbf7558b1.1e87d.mp3,41935,03a824969190ac0f47d41b18193ab215228b0e2f4517e80b2cb7dfbbd18688fd
04_Assets/HotUpdate/Native/b0accc66-b674-4eed-ab20-8a2d49ad95c8/b0accc66-b674-4eed-ab20-8a2d49ad95c8.3dae2.png,7689,cf47c26b0db59c1d79f1726266a66de3d378074f14119bd1e6a3ac3e18217e1f
04_Assets/HotUpdate/Native/b0f3e395-6271-4dc4-82ea-a40f1931b96d/b0f3e395-6271-4dc4-82ea-a40f1931b96d.ae4e1.png,3022,7bc3d05a4aef443d4925390854dab96138cf8481d86a12bcd68430014fcb079d
04_Assets/HotUpdate/Native/b0ff76d9-546b-4564-a9bf-bcbeb176f581/b0ff76d9-546b-4564-a9bf-bcbeb176f581.cf3d5.png,91746,59d41fba874ef54c6fd976fedec921af36d75659d5b9f920ba98a8cabe1cedc9
04_Assets/HotUpdate/Native/b1922039-13bf-4a1a-8d25-5140ba4ac502/b1922039-13bf-4a1a-8d25-5140ba4ac502.9e4a6.png,11299,10cda495a67f3c23331a0310cfcafbe699289ea275ce0a43576063b23b853d9e
04_Assets/HotUpdate/Native/b1b7e697-fcde-40c6-b7c9-aef3973255bc/b1b7e697-fcde-40c6-b7c9-aef3973255bc.24ba6.png,2216,6d9db8679ab68184583d73e9986c6b33f11989a0e693e3fe53e19e6880d11952
04_Assets/HotUpdate/Native/b209eb26-fa31-4227-8ee1-0726b8b00e9b/b209eb26-fa31-4227-8ee1-0726b8b00e9b.42e84.png,170107,78e77616a1203f3da666ee2acf1312ee7155b8221b73af9b4c500911b2c0427f
04_Assets/HotUpdate/Native/b2789684-61a0-4923-92da-ba0f8eb33053/b2789684-61a0-4923-92da-ba0f8eb33053.d53cd.mp3,21221,dc268c163b1fe6e511ceb7feb79421eeb35331983214acb6d553e9d1c81ba372
04_Assets/HotUpdate/Native/b301afa3-f1ec-40c3-8045-bedd2e97915e/b301afa3-f1ec-40c3-8045-bedd2e97915e.cfe45.png,1741746,24768f43e02ad3164228a64480e5440dc2fa1d79aa4edbac15dc8c2c961dbcfd
04_Assets/HotUpdate/Native/b30b0868-0818-47be-a3e4-c913dabae1fe/b30b0868-0818-47be-a3e4-c913dabae1fe.6be83.atlas,2562,d8f45d109ea1bd6eb3d295f0abf7bf013524c52e605106f4ca56f5a2c95104d8
04_Assets/HotUpdate/Native/b3680aad-a71c-4adf-863b-b3ac71a0e940/b3680aad-a71c-4adf-863b-b3ac71a0e940.d4fde.png,68659,1c36d79ce25e9a21882548365c974f71530fbd1b47b483edb9471ea96dd693c8
04_Assets/HotUpdate/Native/b3efe63b-d728-4a7d-822a-5ab58aa9148b/b3efe63b-d728-4a7d-822a-5ab58aa9148b.35384.png,10332,a6408e8685c0c5438ef7f5bb1839d7f005ce494222a3eef6b89f94e9bfe2c64a
04_Assets/HotUpdate/Native/b43ff3c2-02bb-4874-81f7-f2dea6970f18/b43ff3c2-02bb-4874-81f7-f2dea6970f18.83fcc.png,1114,132fda6a4b38333dcb471f09be05aed43d01b83dcc7a09c168b5629cdee31865
04_Assets/HotUpdate/Native/b4cccefa-7b5f-453a-9515-4421c489a312/b4cccefa-7b5f-453a-9515-4421c489a312.1b5aa.png,20254,a4eeaee48debb2b0f5746e27569865dc7c9783fdd1ddf3623ab2df4f772c99ad
04_Assets/HotUpdate/Native/b4fafe24-c869-491e-885e-a0b667366ccf/b4fafe24-c869-491e-885e-a0b667366ccf.cfb80.png,4689,1cbe0cd3c1eab4bca03ad452d829c8de01732e041f1422b7e764c499380fe911
04_Assets/HotUpdate/Native/b5e12702-d79d-4a5a-a1ba-ed654718a090/b5e12702-d79d-4a5a-a1ba-ed654718a090.2fa60.wav,34604,a069ca1023ac545d3f0b36e7f0b7c75590800169f2b4bacf67852638b1e75bc3
04_Assets/HotUpdate/Native/b72f23f4-fabc-4fa0-89bc-f0f364a851cc/b72f23f4-fabc-4fa0-89bc-f0f364a851cc.07ca9.png,11497,ecf02835abe65faf805327040b8355cfd12cb43910780d987d43e177ad8a5960
04_Assets/HotUpdate/Native/b76fe349-beed-41e3-aa49-d37b0b0873f7/b76fe349-beed-41e3-aa49-d37b0b0873f7.b12be.png,101649,df6b46408c722c218f6a86b9e9150c53299fc3ae30db613de38c8859f9c8a3b0
04_Assets/HotUpdate/Native/b828f446-bbd7-4385-a656-787de4635157/b828f446-bbd7-4385-a656-787de4635157.75bc4.png,62778,3e4eb653f66b9a2fdf75a78b0c43595119d5296a94dacd6d37a080b23b875aeb
04_Assets/HotUpdate/Native/b9877381-bf3b-413a-8614-c71c68089693/b9877381-bf3b-413a-8614-c71c68089693.e3b60.png,15088,24a6b0fc677a9d3de03349945b0deff516180d70c405be46a2a6cc040ad29208
04_Assets/HotUpdate/Native/bb1c8bdb-6e1d-4d52-ad3c-05f0ca7b4ebd/bb1c8bdb-6e1d-4d52-ad3c-05f0ca7b4ebd.8f872.png,8473,93fc9b6b15ff8222e73c136b3e82bd03123c18a70c51e74b7b31cfe71badee5e
04_Assets/HotUpdate/Native/bb3e9e50-e9df-4200-a234-d4886f908f5c/bb3e9e50-e9df-4200-a234-d4886f908f5c.a735c.png,7770,98c7a71c92d5847d2ccaea08a69b49978ce8f72cfc9715ab1917abbbe0ddbe62
04_Assets/HotUpdate/Native/bcefb0cd-136e-43b4-8224-7082659fe72e/bcefb0cd-136e-43b4-8224-7082659fe72e.82144.png,145496,fd53c8353d5568d29b5de245f987d3d6f74abaef72e0f35973a0c061a7cfbfa2
04_Assets/HotUpdate/Native/bd9fe524-412b-481c-9d55-55338e112966/bd9fe524-412b-481c-9d55-55338e112966.02f23.png,144466,d81e9b09e40e59cf8fe949a62900efed92d2835fb010207318e6f1b612cdaec3
04_Assets/HotUpdate/Native/be1d0bb4-ebeb-4293-a4b0-b1320fa718c2/be1d0bb4-ebeb-4293-a4b0-b1320fa718c2.e7f0a.png,1609,84510ca012ae82cb80ab4f38037b4c6f709c38680abc92b47569875d4a2e7436
04_Assets/HotUpdate/Native/be9e17fb-b5b4-4352-bd04-07f0ea38cfeb/be9e17fb-b5b4-4352-bd04-07f0ea38cfeb.edb24.png,4829,9fd93a0bc1e6e7d78d241da2073691ab3c2ef9178b9c79ee78e4a662bcc107aa
04_Assets/HotUpdate/Native/beeddf78-7220-4f0a-ac0c-91e5ae9e3bac/beeddf78-7220-4f0a-ac0c-91e5ae9e3bac.85cd8.png,236210,3cde13c69212aaad4097a01bed8d07923c9c55acfd554c58331ad0b0908f6b85
04_Assets/HotUpdate/Native/c0944be6-bf96-46f6-8fbd-8d287390cb2d/c0944be6-bf96-46f6-8fbd-8d287390cb2d.eb02f.png,3111,2b62aac399e0f970e472042048ca17721b270e8b89627be7dd0781260826c26d
04_Assets/HotUpdate/Native/c106c6c9-bf67-4141-a4e6-46162dc7131e/c106c6c9-bf67-4141-a4e6-46162dc7131e.f9b32.png,18119,13524ad38dcb7421612b2664602a13eb02c77ae0e3100314ffbc4e432181a9c4
04_Assets/HotUpdate/Native/c13fc880-7a29-489a-be32-bfc4cc4accd4/c13fc880-7a29-489a-be32-bfc4cc4accd4.6d447.png,102624,725d09c42a4d482a88ffa1d6b6b04a08bd1bba7a3f64117287f8ad340fd1aab7
04_Assets/HotUpdate/Native/c292251d-1b64-4f78-9233-fb9f1b5d4bf8/c292251d-1b64-4f78-9233-fb9f1b5d4bf8.e803d.png,23457,3830f1a7bf48a60a41d5f4ddf0396279bedd33a6aa0f0c2883c8e281031e18ab
04_Assets/HotUpdate/Native/c2c190e5-5aa2-4678-b43e-c5223d2575b0/c2c190e5-5aa2-4678-b43e-c5223d2575b0.2f211.png,2586,b994c70c6d22bccb1771b24b00cf0560855f2a4cc767b63a9ff544248d66ca48
04_Assets/HotUpdate/Native/c357acda-e071-47e8-a989-a11fdb7285bb/c357acda-e071-47e8-a989-a11fdb7285bb.4db00.png,11350,4d2ae61d582a8ed36bc3a66761b6c8c9fc982ecefe52b1b5d06d3138fa44e471
04_Assets/HotUpdate/Native/c36f733b-5254-4f8f-9197-78213af39d55/c36f733b-5254-4f8f-9197-78213af39d55.836fb.png,5856,ddb3ab3efbf155a57bf3b74cf4ef0a0f5c91d35d7c7f649fbb3a5b3b02f25d64
04_Assets/HotUpdate/Native/c41fc6f8-f43f-47f2-920b-9353e6b0cb99/c41fc6f8-f43f-47f2-920b-9353e6b0cb99.7cef9.png,8010,c9c76a78c6360e9b36fd73f2df0feabd733180949284d700d69966bca06937b3
04_Assets/HotUpdate/Native/c467364f-fa90-4dca-b14a-7d8291ec80fd/c467364f-fa90-4dca-b14a-7d8291ec80fd.08cbe.png,7869,971df0112ff9bcfda85638881c5e29f2b207c10c6f806e2481a5d9c26ad20ffa
04_Assets/HotUpdate/Native/c4db6e46-272d-412d-a0d3-29eeecf57223/c4db6e46-272d-412d-a0d3-29eeecf57223.3d097.png,4606,2410611c20f7cebc5f192ebaf680197adcab009001264c0d9dd94173079de9f5
04_Assets/HotUpdate/Native/c5aa18ba-d12b-4d74-8e32-a1cadf8c4f84/c5aa18ba-d12b-4d74-8e32-a1cadf8c4f84.109f2.png,5005,c2cb49d4770c2f6e5628e1f7e2607395db26cfed422280a91620a392723a8749
04_Assets/HotUpdate/Native/c66deede-6ab6-4b4a-983a-1eeb6b7d183e/c66deede-6ab6-4b4a-983a-1eeb6b7d183e.74db4.png,4910,58a61c71c354aff00e3bdc28a69d2a6fec395f21a208063cec5511175fb17cac
04_Assets/HotUpdate/Native/c68e5846-6add-4ffa-a896-2cc1de565ff8/c68e5846-6add-4ffa-a896-2cc1de565ff8.df32f.png,1545,e2b8b8f8b00fb5ee5a3943bf713afd8016bda79b8a309956622a8251b9e2711f
04_Assets/HotUpdate/Native/c73375c3-1069-478f-8ce0-88b304ad8306/c73375c3-1069-478f-8ce0-88b304ad8306.7ae1b.png,36195,3c35e6b83a77c2a88153c2da6e7bf324893f1c256a795fd7eddf33118abbf44b
04_Assets/HotUpdate/Native/c7e25703-414c-4dc4-a9a6-f1339f9e2dfe/c7e25703-414c-4dc4-a9a6-f1339f9e2dfe.8e261.png,30967,b8842638cb4632044440e055df1a2695a03e63eee67f6060d05e7e6227364339
04_Assets/HotUpdate/Native/c82a57e5-740f-4903-aa16-1abc3458ee8c/c82a57e5-740f-4903-aa16-1abc3458ee8c.10a34.png,5916,ebae47c4ba70b44e5c2aa9341f2126d939148bc43582fcb7b464e740c17eb880
04_Assets/HotUpdate/Native/c8486957-d89a-4018-b0c2-8556a6b0f0f6/c8486957-d89a-4018-b0c2-8556a6b0f0f6.b1388.png,591731,f2b7fac44af66634d787e45531a3cfb83b51743c67469f4489944001123fcbac
04_Assets/HotUpdate/Native/c954d92b-d461-42cc-8cfb-d7d21c1fe264/c954d92b-d461-42cc-8cfb-d7d21c1fe264.c4b1b.png,5233,d7ff535ea2a0b7192e53e006e48ba978d4fd2b64e421628d72e505d8aff8f963
04_Assets/HotUpdate/Native/c95afd14-88c4-463f-96c9-4f09c4e8943f/c95afd14-88c4-463f-96c9-4f09c4e8943f.0f154.png,19852,91a137db629c71d9435689f6dc09e75a7902e3addc748cceeb2f9643ad445d17
04_Assets/HotUpdate/Native/cb79c35b-ae48-4c2c-a19f-de0f534d3f6c/cb79c35b-ae48-4c2c-a19f-de0f534d3f6c.1afcf.png,33083,0f74f6a8a68c8687c2b4488b5e05692c3cedb46e410b436fac6719d56aefde62
04_Assets/HotUpdate/Native/cbcd5bf2-d7c8-4fe0-99f4-57d7c6aeb065/cbcd5bf2-d7c8-4fe0-99f4-57d7c6aeb065.5d783.png,8952,79cd61d1ce5145ce30698cafaaa952eaa0d5d4423599e547d4619793ce9e8aad
04_Assets/HotUpdate/Native/cc01e210-15b9-4e11-b8ff-8feeb276b570/cc01e210-15b9-4e11-b8ff-8feeb276b570.632af.png,43059,c491aba7dc7b02dc02e62e59e09693a2a6f91f24977d8b80cfa97e64fa9519f4
04_Assets/HotUpdate/Native/cc174075-2554-43a1-8f33-71fa44e4c898/cc174075-2554-43a1-8f33-71fa44e4c898.113e0.atlas,749,5c1cbb4f433c1c174c13d66ce363a26db5b4cbccc4ebf618d1c91268841d59a9
04_Assets/HotUpdate/Native/cc3e57d5-8afd-49c2-88dd-3b0b40c12ab2/cc3e57d5-8afd-49c2-88dd-3b0b40c12ab2.3ea20.png,760527,8d3c9fff0c8e16c323f577a3006cd0cd7276bb4a3306c3cd224a6d3b889092b1
04_Assets/HotUpdate/Native/cce0a55e-72d5-49cb-a032-aa2dfd206276/cce0a55e-72d5-49cb-a032-aa2dfd206276.52fc7.png,29180,fe716c914caef7d2a19c5c251305517961c371713a7738076b1210c49fd735c6
04_Assets/HotUpdate/Native/cd573cb9-0726-448d-954b-94e61a4f0b17/cd573cb9-0726-448d-954b-94e61a4f0b17.595ee.png,11283,54289e918da64c27c16670f3ce6a8a58e050ec4b769d11701c1e26018a911359
04_Assets/HotUpdate/Native/cd5be030-a105-4543-be7b-8ae62688690d/cd5be030-a105-4543-be7b-8ae62688690d.f3910.png,8900,4316db0f62dc99e5b9765f0338887d18d4b764d7e07462fb12764b5309f98135
04_Assets/HotUpdate/Native/ceae34ab-d07d-4fb2-9e9c-346f28cb229c/ceae34ab-d07d-4fb2-9e9c-346f28cb229c.79ebe.png,11458,6a97b0939ec153d19b96f50d5fcc72462b1393ce72318f08203f74da0d96b088
04_Assets/HotUpdate/Native/cfa8a1e1-f026-4b36-bc6f-5659198f8688/cfa8a1e1-f026-4b36-bc6f-5659198f8688.9a25e.png,54718,5ba31eb81f2495c9fe8b4d62384e9b9943c8822862dd85d3df30c776f00e6c72
04_Assets/HotUpdate/Native/cfc794f5-2c7c-4ffb-acdf-fde6e4aef0fb/cfc794f5-2c7c-4ffb-acdf-fde6e4aef0fb.6b22b.png,30206,8e097ef06fd8836a01551ac025f293993874aa0a570a314fb5eb43975d0c0585
04_Assets/HotUpdate/Native/d08345c0-eedf-4162-97aa-6dcb9cf15c04/d08345c0-eedf-4162-97aa-6dcb9cf15c04.dd67f.png,12647,43d5cd9ca7dca9c801aa385a81cef8698e7cc6e632ce588e6b35996cc8973330
04_Assets/HotUpdate/Native/d0b0e310-19d7-44d5-973b-7c4d28dcca42/d0b0e310-19d7-44d5-973b-7c4d28dcca42.cd2be.png,31117,95634f27052267c72d00d29678d2c2bbf76aef2cd9240f62b7b33883b991e3fb
04_Assets/HotUpdate/Native/d1f73056-1a53-4a6c-af4b-f4489993b50d/d1f73056-1a53-4a6c-af4b-f4489993b50d.77aca.png,2870,e7948a9c7bf6c5cfc07408068c84e59d5abb14e88f3640e6470a62f1b13e7d8c
04_Assets/HotUpdate/Native/d1fd081a-f48d-4f67-808e-946d1facba73/d1fd081a-f48d-4f67-808e-946d1facba73.a7d38.png,10379,2f77f5f777dd997a2af67f4ce142a4aba323bb63ba45cbac9227a9d87d30a4e7
04_Assets/HotUpdate/Native/d25f5a55-5b2f-4ab2-b5cc-9e711852a29c/d25f5a55-5b2f-4ab2-b5cc-9e711852a29c.a6288.png,7229,0ba4ea819bbfd152558fe26b0e90fcadaae961ef2bc082267f4099528eeadc09
04_Assets/HotUpdate/Native/d2a39e2e-63f3-4012-9395-39e2b61ee679/d2a39e2e-63f3-4012-9395-39e2b61ee679.4186c.png,4901,20af741f6be7c75d42bbc3dcd228edccf6981f2ba38e76a933af61c9dc4c1db9
04_Assets/HotUpdate/Native/d2b97284-6dc8-45fd-85e1-739f0fd2979d/d2b97284-6dc8-45fd-85e1-739f0fd2979d.45b92.png,6419,72fd7d86e105a957e36d196d40948607d1634451e3da49480cf23acfb9a4d596
04_Assets/HotUpdate/Native/d4427092-834e-405c-ab0c-59abf97dbcbd/d4427092-834e-405c-ab0c-59abf97dbcbd.c1caa.png,3858,3dd37d54cc56b4effb9939b11c77fd887c49ac700991da380a6f8c11cf9d6cad
04_Assets/HotUpdate/Native/d4a7c814-4f4c-48d7-b577-55a84d3e3396/d4a7c814-4f4c-48d7-b577-55a84d3e3396.bc2dd.png,519,a3f19c956fa9f6364496c48a518850a358d3bc761d424429a8b14e19567eba84
04_Assets/HotUpdate/Native/d4d2059b-1aa1-4282-bfb2-4b3ac52c895b/d4d2059b-1aa1-4282-bfb2-4b3ac52c895b.4068b.png,26036,eb1794d51e22792eb6533156b2ce684ddc8378d827516ea1efc2fa35c64446f2
04_Assets/HotUpdate/Native/d5e851d0-973a-40d9-86c2-43f6c11966d3/d5e851d0-973a-40d9-86c2-43f6c11966d3.65893.png,2101,2dcc1b1be3966afef57791b18f8ccba0cf4bbad2fdfa909dd6e677b0dbda2824
04_Assets/HotUpdate/Native/d6f0eade-1f0a-4a12-b263-0f3032fa2f3c/d6f0eade-1f0a-4a12-b263-0f3032fa2f3c.e5c85.png,6241,0b1a46a419c8b748df11359be3bb353fe25908130898e8b1d7333631a065cd82
04_Assets/HotUpdate/Native/d6f7efa1-8413-4a05-8798-e9facda1ee47/d6f7efa1-8413-4a05-8798-e9facda1ee47.bbcbe.png,4898,17151c0b299a540648f267af4c8a6c5258c4f97406c207fd5bde2941c28836a9
04_Assets/HotUpdate/Native/d7045568-a9a2-4f8a-9870-1bad8bbd9bf2/d7045568-a9a2-4f8a-9870-1bad8bbd9bf2.d18f3.png,9832,cc7c70ffd7cb08b8a686b65939d71bff481666f34496d7caada0acda39762f25
04_Assets/HotUpdate/Native/d8f9fb04-5d98-4422-abca-596f099bbac4/d8f9fb04-5d98-4422-abca-596f099bbac4.bfd33.png,6503,307515af6c6f0b42a4fe42f1d7872dbc96d5c14af2cea87a2efc098c9165d205
04_Assets/HotUpdate/Native/d96c068f-8509-4eb4-afb3-396bda576304/d96c068f-8509-4eb4-afb3-396bda576304.ca5d6.png,10425,a2d0cbed6e4f44ff2e789b1fcea0b067eca583c2d41ee0be9d0a472f8c1646a3
04_Assets/HotUpdate/Native/d9c09765-bb46-4fd4-b045-663473a461dd/d9c09765-bb46-4fd4-b045-663473a461dd.fea11.png,31657,da1841ffe26fc1b5c586862af4f821e4e435668b679c35a327f2e397d2dd6535
04_Assets/HotUpdate/Native/da634746-2403-477b-a608-f8fb1cd57f5d/da634746-2403-477b-a608-f8fb1cd57f5d.72b01.png,39813,74c55baf884b04f9d1cc9f19e91b04cb2b9b9e49a0a413ae9cf6735f73ae3221
04_Assets/HotUpdate/Native/da843ddf-76b7-4e87-8a6e-3e433607b638/da843ddf-76b7-4e87-8a6e-3e433607b638.4f85a.png,7658,9a5260a4daae1f2bb7dcd591454fa64a7c248127b2443f4e85d4058050248538
04_Assets/HotUpdate/Native/dbacd431-0193-43b2-827b-cce234061f5a/dbacd431-0193-43b2-827b-cce234061f5a.b23f1.png,6862,8e75e5f9fcb0d8368e192d9127e4a08d34990a5cae498eae55e87ae2280d5bd6
04_Assets/HotUpdate/Native/dd1ea4b4-1fd4-45a0-8a52-3857ce439dad/dd1ea4b4-1fd4-45a0-8a52-3857ce439dad.a8ee3.png,12736,2a261e6eca7cf525e6d2731127515c806772b727adb766fe6a07f6572ac6d75c
04_Assets/HotUpdate/Native/ddc5a5d8-6449-425d-9832-e2a27d3f8309/ddc5a5d8-6449-425d-9832-e2a27d3f8309.da4af.png,11067,7fdefdaefb5d9cfea5a4722cf6c3b16e3327a37697f1a9afa42b5ec376a67b4a
04_Assets/HotUpdate/Native/df14ab68-08c4-4be4-80e3-e6530da03f49/df14ab68-08c4-4be4-80e3-e6530da03f49.3e3c9.png,5864,984e30f8eb6b3d10895d3d6a1c4e8b72197f7189a7c5683b31e05ead02d8a432
04_Assets/HotUpdate/Native/e29c28f5-31e1-4898-bc9d-e397a6d635f8/e29c28f5-31e1-4898-bc9d-e397a6d635f8.d99ee.png,17503,e7e487971c02e058b400a2777858157f8e9e196fa7a3baed04d1c8eeba2f2f36
04_Assets/HotUpdate/Native/e3e12a91-1a7c-4d9a-bc5c-970c3dbeee63/e3e12a91-1a7c-4d9a-bc5c-970c3dbeee63.85dbd.png,6868,bd3720c41eb1f1f57f996db4dace2642b18ccc687680f3c92be92691cc2dd107
04_Assets/HotUpdate/Native/e42fa6d4-db22-4030-8c7d-0c53a4f54677/e42fa6d4-db22-4030-8c7d-0c53a4f54677.5cd15.png,5167,3f897fbd2b6b548ebd8a7f019a0393371942849da3952fcb05810cdc00fc8d90
04_Assets/HotUpdate/Native/e44ce00a-1ca1-4173-a46f-31170bea152a/e44ce00a-1ca1-4173-a46f-31170bea152a.e6dea.png,12747,dc1a7aa21318cb5f7af183298c7639a761ee94fbe05b8261680f38f81e1b9055
04_Assets/HotUpdate/Native/e5297da9-705c-4488-835d-2519450a2699/e5297da9-705c-4488-835d-2519450a2699.ea5b5.png,1485,f894685ad76359b8bbd5e2d72d430eaef89dc8f5fba5a001c25e7bad76c444a4
04_Assets/HotUpdate/Native/e60b6c2e-2b9d-43e4-9675-ccbafa3fa25f/e60b6c2e-2b9d-43e4-9675-ccbafa3fa25f.ec28d.png,153160,149fbe1ea019137e0402816d9895ff1d1b52a265432a73d975d859b53118d19a
04_Assets/HotUpdate/Native/e617f87b-4c7a-4a93-80fa-0cd30685c387/e617f87b-4c7a-4a93-80fa-0cd30685c387.f1274.mp3,59559,47ddb4a1604953c635f0e40085570db066edb04511ce61fcc9bda4a7faeb37c4
04_Assets/HotUpdate/Native/e62b98f6-7d19-4091-acac-d98357fc5a92/e62b98f6-7d19-4091-acac-d98357fc5a92.af6cf.png,3551,c62de010685a5e6ce8dc68e186170b6cfcf6360152e34b3138592392da10e5c2
04_Assets/HotUpdate/Native/e67b0276-1c23-449d-a03f-01c4316e93ff/e67b0276-1c23-449d-a03f-01c4316e93ff.21b90.png,21159,485601da46c1b480963c89aed3975ffc8434f085caf5c8d8263d0a7d3fb3743e
04_Assets/HotUpdate/Native/e6e32258-d974-4795-a3e7-76a07f526a4a/e6e32258-d974-4795-a3e7-76a07f526a4a.9f0cc.png,7645,4d6bdaaae1c23eba52d2c3db408417e764dc0032c5928a81d85c50410aab2bb1
04_Assets/HotUpdate/Native/e7df34a7-df89-4e81-8edb-17dee2859649/e7df34a7-df89-4e81-8edb-17dee2859649.7623e.png,7861,b1c2de6361e2ac0298dc4ff71359999116705270ec08b316e265cb33e681c856
04_Assets/HotUpdate/Native/e81cce84-1ab1-4794-aacd-8894e5bf048d/e81cce84-1ab1-4794-aacd-8894e5bf048d.0019c.png,8243,685fc819059550a3cb3d0e570395d6e4eb0ce5dc898c1432ced039df9e1fc58b
04_Assets/HotUpdate/Native/e851e89b-faa2-4484-bea6-5c01dd9f06e2/e851e89b-faa2-4484-bea6-5c01dd9f06e2.90cf4.png,1082,5e3e931db260d0f43c2f5fd0ea791fbdc25923a8c14fcd6b0912581cd893f96d
04_Assets/HotUpdate/Native/ea83411d-02a9-47cd-9e5d-79975a8fdc30/ea83411d-02a9-47cd-9e5d-79975a8fdc30.8d25b.png,3247,72d50617bf653dde083d8158efbe46bf6f6be867fc1685e9b795116abe92a9d6
04_Assets/HotUpdate/Native/eb49922a-d853-44e5-afdc-a54158df9927/eb49922a-d853-44e5-afdc-a54158df9927.e382d.png,10304,2de974ba8c9094ed0604a246f45228dc6dba6240693dedfd9b8c821ee2bfb755
04_Assets/HotUpdate/Native/eb63956d-e09e-458c-a5b1-37a0abc1ce48/eb63956d-e09e-458c-a5b1-37a0abc1ce48.d4866.png,90597,473c577208304d2435b0a34a53132af332d0e43e950308aaf7684592a51b1f76
04_Assets/HotUpdate/Native/eb9b4234-35ef-4110-b928-f524d4b2fc32/eb9b4234-35ef-4110-b928-f524d4b2fc32.1dbaa.png,3881,caf335c21ef195678dec45ef275966293a1cddbcc1de1f603a5d3d0c46eabcda
04_Assets/HotUpdate/Native/ebf8db8c-9357-469f-a560-31f57d3350bc/ebf8db8c-9357-469f-a560-31f57d3350bc.63807.png,66800,43a0aacfb8ff8e47a52b77fded6c91086177e1b3bf8310cc963c58d86fdae55f
04_Assets/HotUpdate/Native/ed5e836c-edbc-469c-8cdf-185931c33894/ed5e836c-edbc-469c-8cdf-185931c33894.ad385.png,11793,736364a6cb764d2ef8198931d34e0b8e65dcc20127fc0cdf1946db84efd5773a
04_Assets/HotUpdate/Native/ed907295-f80c-4f3e-aa04-46a7607b3fe4/ed907295-f80c-4f3e-aa04-46a7607b3fe4.9b9d0.png,16271,91334928d98a5c7cafb103811d72e9b33ae49d9cd1bd287a647c07778cacfe23
04_Assets/HotUpdate/Native/eee84c65-e4b2-4c77-9b79-129956fcf47b/eee84c65-e4b2-4c77-9b79-129956fcf47b.39578.png,5241,10fadd01a0dfaf006959d3c49bb424bb9babd12ba812150d65d0b9ad98a72b2e
04_Assets/HotUpdate/Native/f0fe2d66-3b55-4cff-9758-b15157da8dda/f0fe2d66-3b55-4cff-9758-b15157da8dda.46788.png,22487,389ecee8366791158ba21dec7dc1f088b2314499023ddbd5561e3f5288ee87a1
04_Assets/HotUpdate/Native/f1579cf0-c149-491b-ae76-4f349bc89521/f1579cf0-c149-491b-ae76-4f349bc89521.de7fd.png,13708,d03a52f201c8ba49d68d7488f507c6adf26271cec840875b9e3daeb90f6367a6
04_Assets/HotUpdate/Native/f230e1ca-06cc-44f3-8e29-d05ff4be8721/f230e1ca-06cc-44f3-8e29-d05ff4be8721.68303.mp3,45975,b6336eae7958f163b58b8d259fbadb0b705e05a8271d8ceb5618a9f5c75860de
04_Assets/HotUpdate/Native/f236a1f9-bc2c-4f42-b0ef-8747936c6488/f236a1f9-bc2c-4f42-b0ef-8747936c6488.bacbc.png,18965,4c95409b6639cac8fe693257616b05fce2a711c652b8ccc25586ca820ee8f33d
04_Assets/HotUpdate/Native/f35a8eae-43b5-43a1-a433-7e4cbcc39885/f35a8eae-43b5-43a1-a433-7e4cbcc39885.72aa9.png,23836,a2c7eb2bad95eb51467061036e8020e63851dc95a883c04d15b2d499a898fcc8
04_Assets/HotUpdate/Native/f373dd88-db52-4268-afca-32e24a796e3a/f373dd88-db52-4268-afca-32e24a796e3a.d8817.png,372,a246aa6290caafc33dc50d6e6fc6b9d28ded47e5209882d784c8c6a39c47c920
04_Assets/HotUpdate/Native/f3e2cdd4-a3b8-42fb-9f5b-cda59458c6dc/f3e2cdd4-a3b8-42fb-9f5b-cda59458c6dc.36a30.png,7728,344a5450c7265db029f64aaeb0d2ce954e0790b34f5622c8fadb01b03e31c41f
04_Assets/HotUpdate/Native/f444675c-4489-4710-b7ec-5d45cdb01006/f444675c-4489-4710-b7ec-5d45cdb01006.ab2dc.png,5489,67253e33c83554e8fe9152d8bcb06f9e2f7cb19967d0b51d00ded53202dae8f8
04_Assets/HotUpdate/Native/f4711a6a-5be5-4467-81e8-60000cd2de70/f4711a6a-5be5-4467-81e8-60000cd2de70.b9f9a.png,90739,00946f731d9ec70319211daf3c99da11d2a5f2bff4bbb4786a6aa4462d13db24
04_Assets/HotUpdate/Native/f5042cbd-72ca-4ce0-9778-43a63e3fa8f7/f5042cbd-72ca-4ce0-9778-43a63e3fa8f7.d80da.png,6270,93a3e4d54e28bbc0c0dc3dbc62b93eddd094f9607e4ea2ae6e2ddc45012538ad
04_Assets/HotUpdate/Native/f5a7b3c2-1ccd-4bda-bf46-df7e7b4078f7/f5a7b3c2-1ccd-4bda-bf46-df7e7b4078f7.9ba83.png,5517,9310d0f51e70af3908b6f031cc0116d8350f8336b965cd97d98dc204913bde00
04_Assets/HotUpdate/Native/f81ef140-0c6d-420a-978d-6a2e1b3a6de3/f81ef140-0c6d-420a-978d-6a2e1b3a6de3.06504.png,8369,9271aa5993a454c5937d3fb2d3d7ad0851cd6c0cafc4575b887df97e27fbe7e8
04_Assets/HotUpdate/Native/f8b65a39-2d3f-406b-8bb1-e5afc70ea9bd/f8b65a39-2d3f-406b-8bb1-e5afc70ea9bd.b3f51.mp3,36029,e2507798e2c3f2a343b671b2299047c9c56910663e4b7fa8efd874b54693a8ca
04_Assets/HotUpdate/Native/f968b4fb-d672-42f2-88d8-965f261edfb9/f968b4fb-d672-42f2-88d8-965f261edfb9.704ee.png,175532,68b0d37e721b3e3c6b8e935f65250b43fb536de9942d052d2965d24ee5bd9ba5
04_Assets/HotUpdate/Native/f97816d7-a831-4a3f-be47-c0b187931f1a/f97816d7-a831-4a3f-be47-c0b187931f1a.84e38.png,2376,a26cbcd6a680768581521ef6a0835a165d29872e1b699dab8f385e5e1959bf61
04_Assets/HotUpdate/Native/fc08f2b3-c1fa-413d-81da-ef3e85dcb0cc/fc08f2b3-c1fa-413d-81da-ef3e85dcb0cc.0348f.png,11579,6b0b58000e95600fba07dc7ee35fd483aac0eae11b4b90fc299bdebfb9527918
04_Assets/HotUpdate/Native/fd42070b-837d-475c-8d06-bbe1f6140759/fd42070b-837d-475c-8d06-bbe1f6140759.1cb9b.png,7563,8885273c34c96d0b5322d09033dbe075247f5c5e54ad27b205a9fd7f041f3432
04_Assets/HotUpdate/Native/fd5bc93e-8595-4186-ac90-f719abee7ceb/fd5bc93e-8595-4186-ac90-f719abee7ceb.76b44.png,6514,08fdfbabdde41b50ddbb8ac84c242ce6c8d416814c51730fbc704ececc4c0b2f
04_Assets/HotUpdate/Native/fd5e8749-9676-4675-832a-1dd4e202022c/fd5e8749-9676-4675-832a-1dd4e202022c.99ea0.png,4789,ea9d810031cf2d5332c4dae2d72c4ef12b18c8ea9257a548b6d1c354a6f9adf1
04_Assets/HotUpdate/Native/fe7bd42f-2560-4ac9-8f32-ef94bc72d5a1/fe7bd42f-2560-4ac9-8f32-ef94bc72d5a1.5c172.png,9562,15a290fd7e65e9e10c739d9a33369f1f9c8f2105192cd52a9b17feb312615f63
04_Assets/HotUpdate/Native/ff6f4d2c-eded-4e17-86ec-2a58bef81239/ff6f4d2c-eded-4e17-86ec-2a58bef81239.65868.png,14548,433f89d5a7266814e04ae686475b98b4e45649595009b8b6a9b984ce27b1b173
04_Assets/HotUpdate/skeletal_inventory.json,3465,054a8535ec7a205b705619fbe2e18a5f232181391bda266f1e4905cb78cd7152
04_Assets/HotUpdate/SkeletalReusable/AnNiu_TX/AnNiu_TX.png,92005,f37c312759f0c42c611722447c18d3b31220028786bfa603575afb83f1747259
04_Assets/HotUpdate/SkeletalReusable/AnNiu_TX/Regions/an_00.png,7959,68b3b8e704e9d68572bb25c48e6892585d282ea55ee6356bca97c4ee247b18f8
04_Assets/HotUpdate/SkeletalReusable/AnNiu_TX/Regions/an_01.png,16321,5dbfce393e8bec4d6d6e3b8073b4e88d70699a988ef66f98030b84f06c7808cb
04_Assets/HotUpdate/SkeletalReusable/AnNiu_TX/Regions/an_02.png,16559,da4c0caec401fdd1f3cd3823f912e312a30be6056b9fe89b362427d37adc4a62
04_Assets/HotUpdate/SkeletalReusable/AnNiu_TX/Regions/an_03.png,3624,e6728e7dbd903dbb5d4abbbb8f2a4944b8b223cd340bc7e1ed990623d68cbe9f
04_Assets/HotUpdate/SkeletalReusable/AnNiu_TX/Regions/qian/qian0001.png,8976,d7868ea06b1ff778e2d7274ddd9c00ec676bed11e5bd7c1cadb3b283f07d1821
04_Assets/HotUpdate/SkeletalReusable/AnNiu_TX/Regions/qian/qian0002.png,9527,fd8bc1575b61de8bc028becab536d79debb771b2cb77390b7b498309738148bd
04_Assets/HotUpdate/SkeletalReusable/AnNiu_TX/Regions/qian/qian0003.png,8335,8cc345e2b067b4a08b8fd0d477faf1bfd5a6ab0afc3fefa4acf016ee795f022c
04_Assets/HotUpdate/SkeletalReusable/AnNiu_TX/Regions/qian/qian0004.png,7395,d3103f95d85d5622727246b4b67c9da128d02f02988694de1bdf0a04dd0e5271
04_Assets/HotUpdate/SkeletalReusable/AnNiu_TX/Regions/qian/qian0005.png,6952,ca9f5dc9c232b282f0ef202f79d2a34a6c926f7672e386e208b4a1c9e634b3de
04_Assets/HotUpdate/SkeletalReusable/AnNiu_TX/Regions/qian/qian0006.png,7295,0f84294b8c547c50fb744b02ef63f04de2956b35d580fe99758fc95c11e8d0d1
04_Assets/HotUpdate/SkeletalReusable/AnNiu_TX/regions.json,2430,330549c974979b16bb8ec9aba93f639e3e42d72c2e737eb8fb1596832547606e
04_Assets/HotUpdate/SkeletalReusable/AnNiu_TX/skeleton.atlas,1165,eb189392bcd5624e4cb84fdc3c7199dbd4c52d7a41bb1206ff9dafc73ea8df6e
04_Assets/HotUpdate/SkeletalReusable/AnNiu_TX/skeleton.json,434026,efb39d8b7fa1644da3a7fe72d93ae812219c123eaef560c6593cd3174d25cd35
04_Assets/HotUpdate/SkeletalReusable/AnNiu_TX/Timelines/chaopiao.json,86392,6ea281cc0e9ab11fe0001770a16cc79910ae3fd454a8d78cd7fe9682bca4ae7d
04_Assets/HotUpdate/SkeletalReusable/AnNiu_TX/Timelines/idle.json,89862,29a84c08effdecc3e9ea5f379fa2b583d47b3d2b99624c411dce295393d952a6
04_Assets/HotUpdate/SkeletalReusable/CaiDai_TX/CaiDai_TX.png,23046,8c12f4bf84ccf0c423f2543964a25799e30a329e034d8341eb4941287006292b
04_Assets/HotUpdate/SkeletalReusable/CaiDai_TX/Regions/CC_00.png,2681,28a99fa05525d35a50c368689c66a3a1aa0e3293e82dde0960caddff078610b7
04_Assets/HotUpdate/SkeletalReusable/CaiDai_TX/Regions/CC_01.png,726,9266371001bf03833ac73bdb997e698b65ae98c2f1b752062274cda76aa807c6
04_Assets/HotUpdate/SkeletalReusable/CaiDai_TX/Regions/CC_02.png,1941,a2b16a0a2351317fc8b507e8c06fecccf7d8b33086e780e818801740bd4006ce
04_Assets/HotUpdate/SkeletalReusable/CaiDai_TX/Regions/CC_03.png,1127,f1b138e8e236e849c014788debb5fe5b9eb3ae489ec1c242ce6568ae2918f41c
04_Assets/HotUpdate/SkeletalReusable/CaiDai_TX/Regions/CC_04.png,919,5d6f65f3fca9fc3f5e95c2a0e227dd6f6422314bf4ffe7a5b03cf4e9d70a85dd
04_Assets/HotUpdate/SkeletalReusable/CaiDai_TX/Regions/CC_05.png,703,4027d7b5c84940fca3ef5760306341d30e701ebc79fc6c913ea488d7a873a5c1
04_Assets/HotUpdate/SkeletalReusable/CaiDai_TX/Regions/CC_06.png,574,006047ef1bae69f23a51e440a9e94448adb86d73bc3504664fb7c0fb4f8e6f16
04_Assets/HotUpdate/SkeletalReusable/CaiDai_TX/Regions/CC_07.png,674,c598880cefebef85b5c9b970000d98c62f249d7508a647ac917b18258c140241
04_Assets/HotUpdate/SkeletalReusable/CaiDai_TX/Regions/CC_08.png,924,c7181d7a97e778a35c4108af0e4d32045a86fee64be2ffc4bdc47d143e017213
04_Assets/HotUpdate/SkeletalReusable/CaiDai_TX/Regions/CC_09.png,716,4f79b47236b11807740b4091d8512ed1991f50fda04c88ceb77e1738854371b3
04_Assets/HotUpdate/SkeletalReusable/CaiDai_TX/Regions/CC_10.png,1065,e2695fb9f858b4d4d4fb586aa763064e99ffa908ecdb9bc9520fa4c05e814304
04_Assets/HotUpdate/SkeletalReusable/CaiDai_TX/Regions/CC_11.png,764,fce4ca6d15aa167289a559bd72e1882661fade26844a4af5a05bd03513991f3e
04_Assets/HotUpdate/SkeletalReusable/CaiDai_TX/Regions/CC_12.png,920,d9e845d7fa2e758d206d7342f1412f5c0daf76731fde1b2ecd62b84fe2877cb5
04_Assets/HotUpdate/SkeletalReusable/CaiDai_TX/Regions/CC_13.png,671,e1be3d9817eab0fa254501dc570d4677179bf48b58a28f947a8172d76bd354cc
04_Assets/HotUpdate/SkeletalReusable/CaiDai_TX/Regions/CC_14.png,674,8b4e9587524adec33db9e202e9087d1df1f3291bde46b654caa5a206c935ac30
04_Assets/HotUpdate/SkeletalReusable/CaiDai_TX/Regions/CC_15.png,752,9e3aa7941ab223fca891fd98c46d387b22ff5deacaa44bf21aea9f7440ba1213
04_Assets/HotUpdate/SkeletalReusable/CaiDai_TX/Regions/CC_16.png,658,af2dc1067ab3512ce5bf80eb14da410feedc5656270820a4365a970956ce0c02
04_Assets/HotUpdate/SkeletalReusable/CaiDai_TX/Regions/CC_17.png,1030,a2c7eabd9260f505672989e74fbb74e1c73c1e1764a896e87993f23d82c9e619
04_Assets/HotUpdate/SkeletalReusable/CaiDai_TX/Regions/CC_18.png,816,289745c01550a0bda647ab0ee1c4ceff240857f477f3fa892676a98fa2d275c3
04_Assets/HotUpdate/SkeletalReusable/CaiDai_TX/Regions/CC_19.png,730,e4f992d7baaadbb9c16c4621f817a62ddac9caeda7dff4985044537452e0db22
04_Assets/HotUpdate/SkeletalReusable/CaiDai_TX/Regions/CC_20.png,819,86fce3932ec44287db798e68237860082d71d9804fe84bd80b49c76e96b67ecb
04_Assets/HotUpdate/SkeletalReusable/CaiDai_TX/Regions/CC_21.png,986,c6825747311009558a9d3148a65690a02b395bfd49fb56a71b1bde0bdf01b78d
04_Assets/HotUpdate/SkeletalReusable/CaiDai_TX/Regions/CC_22.png,654,5c2888f690581be7087d944e0c9096eb3ad5e3e5666cc3774903990fbeab5163
04_Assets/HotUpdate/SkeletalReusable/CaiDai_TX/Regions/CC_23.png,582,334c583acb06e24ba69a71a94264a6cae622fc28f8c7d8701709a72b41e2fb68
04_Assets/HotUpdate/SkeletalReusable/CaiDai_TX/Regions/CC_24.png,941,306f4909074a5a017c7138d147e56cebd954801c9e3a6db478f537136ff8a482
04_Assets/HotUpdate/SkeletalReusable/CaiDai_TX/Regions/CC_25.png,995,9ff223a940f9cab47ab05cc5b12c6bbe386b97bf7eaf5982946cd8e628b9d0fc
04_Assets/HotUpdate/SkeletalReusable/CaiDai_TX/Regions/CC_26.png,1227,cb9bc41ca09cd69b3f50ec96ee405fff0606f760a301879939e4a2412de1e653
04_Assets/HotUpdate/SkeletalReusable/CaiDai_TX/regions.json,6211,eb519efbf9d19a9645edc3bac314738bc1ccc5fb0554ecfe491306bb1f99b0f8
04_Assets/HotUpdate/SkeletalReusable/CaiDai_TX/skeleton.atlas,2757,d6d6d20172ec432a989e3e87d2f00ad98e8460ee2cb091b1ba5fac3d2168acb7
04_Assets/HotUpdate/SkeletalReusable/CaiDai_TX/skeleton.json,251279,1ef9ff51fc574627c87bbe5577f163cac3e8120c67c50de544ac80bd84d38fae
04_Assets/HotUpdate/SkeletalReusable/CaiDai_TX/Timelines/idle1.json,170002,102709836386a99f1fa37b3ac7ed8917dba66263b7e3f48c0d41db703bf01119
04_Assets/HotUpdate/SkeletalReusable/DJB_TX/DJB_TX.png,169988,634ea40589f28abdfabd356f5e554bb20253950c386f5c1c9fcbf48a5c476928
04_Assets/HotUpdate/SkeletalReusable/DJB_TX/Regions/caidai/caidai11.png,4478,b504e4a2930bc12ee5bf561ef1113fede07d77cce500db59c9afbe00bb3f5205
04_Assets/HotUpdate/SkeletalReusable/DJB_TX/Regions/caidai/caidai12.png,4688,32dc29e8afed94a420629832208c5398f112aae13bf1ce9f2800670a81583f82
04_Assets/HotUpdate/SkeletalReusable/DJB_TX/Regions/caidai/caidai13.png,5279,ab7d60d9fecb9069691ea6022ec95db668d30a2de1042fdab00b8a38bb29c44d
04_Assets/HotUpdate/SkeletalReusable/DJB_TX/Regions/caidai/caidai14.png,5452,bb8f4cfc4c1ea73698707a67ed26a4af254a067a6f6a5ee6f7a62fd65e99e3d8
04_Assets/HotUpdate/SkeletalReusable/DJB_TX/Regions/caidai/caidai15.png,5809,59373b96ec66dc0d682b9a869467c84b3133fae2d1bd81d9408ae299de7cc1eb
04_Assets/HotUpdate/SkeletalReusable/DJB_TX/Regions/caidai/caidai16.png,5971,fbe2e80776a48e2a07377fa601b92d8c75567fba1a7c31c59673bfdce8487817
04_Assets/HotUpdate/SkeletalReusable/DJB_TX/Regions/caidai/caidai17.png,5622,8d434518e68c0f60ec7c830dc837b82c44517a4013df390d526666560a8e8314
04_Assets/HotUpdate/SkeletalReusable/DJB_TX/Regions/caidai/caidai18.png,4784,bcb9ef3407de7115895923896f16b2e0e32578007366a2bf7830b6860f7bf87e
04_Assets/HotUpdate/SkeletalReusable/DJB_TX/Regions/caidai/caidai19.png,4209,b21396c41943d483e2959d476f142d02068a5da00847e4ec5b7292ccb8b3e997
04_Assets/HotUpdate/SkeletalReusable/DJB_TX/Regions/caidai/caidai20.png,3652,53f0526950716ce801cf744ee316150e6d385f616b0748e0502f5c67e0f9d016
04_Assets/HotUpdate/SkeletalReusable/DJB_TX/Regions/caidai/caidai21.png,3255,cbe74c5f7abecfbbfb076846a337bcd0a844f9a4c3732e2678ec29b8925d2553
04_Assets/HotUpdate/SkeletalReusable/DJB_TX/Regions/caidai/caidai22.png,2839,31e66cf11e2d0e91ca4c2853c83bcfedba6fa77c97dee2b354945ef3eacec555
04_Assets/HotUpdate/SkeletalReusable/DJB_TX/Regions/caidai/caidai23.png,2468,8c979785ca3ef9f4d2c12ee8b7125ec7cbfb2aac4fe6e56841908c1b1700cb23
04_Assets/HotUpdate/SkeletalReusable/DJB_TX/Regions/caidai/caidai24.png,2458,157774cb27fe5112368ca19ee5e13896368e471b29ca99f82afd235653b4b761
04_Assets/HotUpdate/SkeletalReusable/DJB_TX/Regions/caidai/caidai25.png,2423,b6486028324f07520e6d6bc8db1d6ce595cd3c30fb84051b3046eac31deb8ca6
04_Assets/HotUpdate/SkeletalReusable/DJB_TX/Regions/caidai/caidai26.png,2347,e46d30524597a5a3f5d99ad688b178e5515db7c804f15bc0512907131d1b3f3f
04_Assets/HotUpdate/SkeletalReusable/DJB_TX/Regions/caidai/caidai27.png,2269,f671a2bf5afbc74641d2c27119f7381511f291af0e4ed94d785e09a0036fbbec
04_Assets/HotUpdate/SkeletalReusable/DJB_TX/Regions/caidai/caidai28.png,2236,5485ea9b590d71a6d976e2a34debb0943cf908e946a49a463f609f140ce68319
04_Assets/HotUpdate/SkeletalReusable/DJB_TX/Regions/caidai/caidai29.png,2246,3a2254b9330b6633218fb1bd564403529798dd928b101fb5e0a02d172b837c41
04_Assets/HotUpdate/SkeletalReusable/DJB_TX/Regions/caidai/caidai30.png,2190,ef42dc98ff25fbd9a139dbf39861849cd73f9d6790ae3ca133e221ebbfe66dae
04_Assets/HotUpdate/SkeletalReusable/DJB_TX/Regions/JB_00.png,27314,25e2669662d48cfec408fbcfa3123f7f05eb1eda0dd44e79bb3a044ed093517c
04_Assets/HotUpdate/SkeletalReusable/DJB_TX/Regions/JB_01.png,28799,fdb4b7b7c7e0c12e5c1c59448c56e4a33020312f48d9e01b1c5c104b37f503c2
04_Assets/HotUpdate/SkeletalReusable/DJB_TX/Regions/JB_02.png,13772,198045b7156f9da86f959f3aa4638af4076946af41ace4e85e9ba4d193b2892b
04_Assets/HotUpdate/SkeletalReusable/DJB_TX/Regions/JB_03.png,13772,198045b7156f9da86f959f3aa4638af4076946af41ace4e85e9ba4d193b2892b
04_Assets/HotUpdate/SkeletalReusable/DJB_TX/Regions/JB_04.png,8681,3f8e1e75ebddffe15a3dde4b492dbcaf79a8088723ca7886380dc25a3b237e9e
04_Assets/HotUpdate/SkeletalReusable/DJB_TX/Regions/JB_05.png,8681,3f8e1e75ebddffe15a3dde4b492dbcaf79a8088723ca7886380dc25a3b237e9e
04_Assets/HotUpdate/SkeletalReusable/DJB_TX/Regions/JB_06.png,5717,c6eda7469cdf23db00f145a7c47c014e5d688dc044e1d0ddc3eeed595d3e7be7
04_Assets/HotUpdate/SkeletalReusable/DJB_TX/Regions/JB_07.png,5717,c6eda7469cdf23db00f145a7c47c014e5d688dc044e1d0ddc3eeed595d3e7be7
04_Assets/HotUpdate/SkeletalReusable/DJB_TX/regions.json,6904,5304a516ca73584ca1e28768e20b5433427125a76539495fcdb95dff584208b2
04_Assets/HotUpdate/SkeletalReusable/DJB_TX/skeleton.atlas,3202,242d9195338598e66736f3539ef530f125a022dbd05b1f593c9c346650a770b9
04_Assets/HotUpdate/SkeletalReusable/DJB_TX/skeleton.json,63155,921bc2c2bb7a8c0afe43bfafdb04d89f09a554038f545c405fc6d0bfe07b47d0
04_Assets/HotUpdate/SkeletalReusable/DJB_TX/Timelines/animation.json,12639,3bd4c104cc57a9930f032dcef0f604a6b703bd32da3ecf66b68c942030d11aef
04_Assets/HotUpdate/SkeletalReusable/GuangH_TX/GuangH_TX.png,652454,d18ead10956397286fc402349b8f4d0e7368bf573e8c6b7fc3c1f086169aa7f3
04_Assets/HotUpdate/SkeletalReusable/GuangH_TX/Regions/1_35.png,1413,277e62577d56f140ad8014fb17515e2f6d55c9868aca4e9e87e5fa07fdc29f9f
04_Assets/HotUpdate/SkeletalReusable/GuangH_TX/Regions/C1.png,113224,b0db316c95710aad702f79df7a8e529f21b7efde028a66206652b2428074bb27
04_Assets/HotUpdate/SkeletalReusable/GuangH_TX/Regions/Q_00.png,139646,9a214c4dbefc0d3d569d09e8be82926d9b23d1d6eb44f1a53e62c9f9068b540a
04_Assets/HotUpdate/SkeletalReusable/GuangH_TX/Regions/Q_01.png,140933,5bb1421c717c39a1684bb00de2cbaf0587f5f103a97f3032e207cc7d83f218ac
04_Assets/HotUpdate/SkeletalReusable/GuangH_TX/Regions/Q_02.png,94069,850d28706acdb131bc1e12bc30eeda9f60e7a88d57e2c4da788c7120c7a87aa0
04_Assets/HotUpdate/SkeletalReusable/GuangH_TX/Regions/Q_03.png,52233,517ab928d2ff38939211cc6308b92f054c05f7e867b53ace4d161e4b109587cd
04_Assets/HotUpdate/SkeletalReusable/GuangH_TX/Regions/Q_04.png,36239,366a859a5005ee9920d78a8690261297f59a6093b5ed483f97e1fb162721d761
04_Assets/HotUpdate/SkeletalReusable/GuangH_TX/regions.json,1627,e3e223a24d96a8614d77e9c570d4b5efc30776bf421f1830cdc9bf7af0c41daf
04_Assets/HotUpdate/SkeletalReusable/GuangH_TX/skeleton.atlas,804,dfc1e590742aaece417ddf21f2cd2dec4644bf8d5a9d55baef2ba7a459003e97
04_Assets/HotUpdate/SkeletalReusable/GuangH_TX/skeleton.json,128922,6f135c6dc79343d3554c1a8b8c512cb62d5ddb12e9de537df24f9e179a835c03
04_Assets/HotUpdate/SkeletalReusable/GuangH_TX/Timelines/idle1.json,76568,1b1f47205d1562f187a1cd57a0679a0cd5a62cbe5abaa10f2df0e9fba76bf2ac
04_Assets/HotUpdate/SkeletalReusable/HeChengSM_TX/HeChengSM_TX.png,164196,8d25f283bdaf79278122f48eb516675b5098a85e599be3ebf7b09ee302d9885a
04_Assets/HotUpdate/SkeletalReusable/HeChengSM_TX/Regions/11_00.png,13353,0331455b8b9c0abeb387f4b245f2d3ccaf9442933424636a319be209d63a33ea
04_Assets/HotUpdate/SkeletalReusable/HeChengSM_TX/Regions/11_01.png,11292,d35aa9378ef166b247dc6751ce73da2ddca66bf4513e61b360ed09f64b7b1d13
04_Assets/HotUpdate/SkeletalReusable/HeChengSM_TX/Regions/11_02.png,10123,6ea872914861294862c18449e41a7f0b6ed6bd012da09740535fb0a8f46efe81
04_Assets/HotUpdate/SkeletalReusable/HeChengSM_TX/Regions/11_03.png,11582,d1b4c50ce351c0484335578ea7245a93fd57a8a59f1adb0b8d3b877ae8efe367
04_Assets/HotUpdate/SkeletalReusable/HeChengSM_TX/Regions/11_04.png,11789,176a2a55982edae89de71873f9cc93e1f12e70c01cd828685e2f393d576ffd9a
04_Assets/HotUpdate/SkeletalReusable/HeChengSM_TX/Regions/11_05.png,11875,51fac3fb61cc8d42f8feecec25ac99f945ca495fd91cb0e287458ead6a7fd7d1
04_Assets/HotUpdate/SkeletalReusable/HeChengSM_TX/Regions/11_06.png,11127,d214f9ccadd96393333b011bfd1f36096c7a58c91828676a43560ac2a752a8cb
04_Assets/HotUpdate/SkeletalReusable/HeChengSM_TX/Regions/11_07.png,10963,b3b9ce5b443338686676299841c010c099db2549edec656f948fd366329bde0b
04_Assets/HotUpdate/SkeletalReusable/HeChengSM_TX/Regions/11_08.png,11567,9b4737a3274fbcbb9d915de8fa7f1ed1f3e680cbfd7c6e98060d58a325c8d5db
04_Assets/HotUpdate/SkeletalReusable/HeChengSM_TX/Regions/11_09.png,11001,2b9fe60cd2081df5a9f22aa1b7472a90596329c7b73376214deefc2e6db80815
04_Assets/HotUpdate/SkeletalReusable/HeChengSM_TX/Regions/11_10.png,9328,574fa8b988e06d2f7cdf11b1bef64c1a8fa5876c9ea6d040cb03064ecac0c666
04_Assets/HotUpdate/SkeletalReusable/HeChengSM_TX/Regions/11_11.png,32571,2e10fccca4ef6ef4f4bf0b353ffbab5394eebc9ccfa7657b1be79d10603eaeae
04_Assets/HotUpdate/SkeletalReusable/HeChengSM_TX/regions.json,2808,4bc5e32bcfb945e19444fef81211a17a46e1de2475627bcc6a54a01221ead481
04_Assets/HotUpdate/SkeletalReusable/HeChengSM_TX/skeleton.atlas,1287,a8ea839cdb39a4d35ecc19b836eab478031aab03d5d4ffb3eb0885e00f3f2dd2
04_Assets/HotUpdate/SkeletalReusable/HeChengSM_TX/skeleton.json,56758,0b4236ac7a2727d965de0aa059c8d0237e822f43993e5d46b158f9f6c1654a29
04_Assets/HotUpdate/SkeletalReusable/HeChengSM_TX/Timelines/animation.json,35070,54f23f432579d89ec393326ae92d0a7c4219bff4827cbd7e538f44f4dbcab3bc
04_Assets/HotUpdate/SkeletalReusable/inventory.json,5133,38c427cae24d668f727632d2b6b14b379e2b1dc9fc016869a2c2df9c832d8d24
04_Assets/HotUpdate/SkeletalReusable/LaoHuJ_TX/LaoHuJ_TX.png,256267,4fa8fe16337b11de76f262a3b6d1add801e266e8c2e1081cdf1026800aeca7e0
04_Assets/HotUpdate/SkeletalReusable/LaoHuJ_TX/Regions/ND_00.png,7575,e934b9ae3f478501397b3a39bc8c4ee86c0b19e4a5be43add77db92b16141359
04_Assets/HotUpdate/SkeletalReusable/LaoHuJ_TX/Regions/ND_01.png,4011,628d8bbcc1e6349d5bfcb3f45aa713f478bb6fecd9c0e5fb391db3917a28b142
04_Assets/HotUpdate/SkeletalReusable/LaoHuJ_TX/Regions/ND_02.png,4473,8ff54358cd858b35f12e0a0b5d76598fbf1c1a21fe0f63c51c2c0ee931028579
04_Assets/HotUpdate/SkeletalReusable/LaoHuJ_TX/Regions/ND_03.png,4201,a5687b5959db3756bf257cf77eb46af2b537efe191d930ef7451d4eb0a4e91eb
04_Assets/HotUpdate/SkeletalReusable/LaoHuJ_TX/Regions/ND_04.png,229342,321a7731534ba43ec455f802034167d8818defb654e0c5ce6c5f48d88006cd31
04_Assets/HotUpdate/SkeletalReusable/LaoHuJ_TX/regions.json,1166,d530169ab3aa08262893d5e81bc873246c3853946d30dbf9325f869263586d4a
04_Assets/HotUpdate/SkeletalReusable/LaoHuJ_TX/skeleton.atlas,595,a6ddaa6efc45e5678d0cb6d7beb996d5bc1eb4f96f26f40ae5aa1cabf3bd859f
04_Assets/HotUpdate/SkeletalReusable/LaoHuJ_TX/skeleton.json,10318,49b47fe21f938117344845d4c700b8e85efc5721d1c3d30171f70bef1f444a71
04_Assets/HotUpdate/SkeletalReusable/LaoHuJ_TX/Timelines/idle.json,4035,9523b8731b9fc50260540610ea623806d5792b8e3380113e5ff05b63acbdb1b7
04_Assets/HotUpdate/SkeletalReusable/loading_4/loading_4.png,4283,da4f7e13d9d63e30bec7afe45351a3de78ee5fe2905a01f199fa158af8696949
04_Assets/HotUpdate/SkeletalReusable/loading_4/Regions/gray.png,1432,91331a9debbd111bde7d74ea364bf5d39c098b1aef347c28f1622151882d828f
04_Assets/HotUpdate/SkeletalReusable/loading_4/Regions/green.png,1271,05778d5a1bf454da2dbd0dfaa6ce77ae3e4060cc2e1a348dac7985786862e4ae
04_Assets/HotUpdate/SkeletalReusable/loading_4/Regions/line.png,91,7133b4c70e8cee39005581681f9f64768488c4829c6cb1d3b752fde69c826eab
04_Assets/HotUpdate/SkeletalReusable/loading_4/Regions/orange.png,1463,79169e6f04007217719417a4acfe20b4e8dea6aece58657be55ac978c22d83ad
04_Assets/HotUpdate/SkeletalReusable/loading_4/regions.json,912,b88b4740501b2a576caa944fb32c6ad457ad58dc4d38623ef7cfb33870f92dcb
04_Assets/HotUpdate/SkeletalReusable/loading_4/skeleton.atlas,473,2553ceb7c2820e4ef95a1b4b140149edeaaf6cfc39669db77d06caaf7b962d89
04_Assets/HotUpdate/SkeletalReusable/loading_4/skeleton.json,19044,fc645becad7ec39879990ce5c379e8f183f006058a856d7e9496938a4a669da4
04_Assets/HotUpdate/SkeletalReusable/loading_4/Timelines/1.json,5701,7a2da2d845a96c65603acf3203a8f59b9430aae90631ffc5149e81699590c2b0
04_Assets/HotUpdate/SkeletalReusable/loading_4/Timelines/2.json,4830,7d1c4dfc9ae3045db4b7f16868fcfe99669f92ab2094ad1addcfabffdca7a301
04_Assets/HotUpdate/SkeletalReusable/loading_4/Timelines/3.json,1982,73afca3607023f1aac2403a727c608447da5a8fa7006c1b0b171e791fa47dc16
04_Assets/HotUpdate/SkeletalReusable/PiaoDai_TX/PiaoDai_TX.png,20407,1b7dda12158089e285a345b77508d01592dadf928125bd6a0bc165d592ae4679
04_Assets/HotUpdate/SkeletalReusable/PiaoDai_TX/Regions/TT_00.png,588,eddac583fa29ba3b8dfc04f2b9925610172c071b5b84433fca80dadf73fa2f25
04_Assets/HotUpdate/SkeletalReusable/PiaoDai_TX/Regions/TT_01.png,2409,51a7fd7329f6b3a26ef2bb79d4ba9db2c986df882ff430532f41e4a7c078b5a4
04_Assets/HotUpdate/SkeletalReusable/PiaoDai_TX/Regions/TT_02.png,648,1d6d5699b1fc5f00a3d806ec7319d6d530934fe55205a536fa9d2e88d784ceb1
04_Assets/HotUpdate/SkeletalReusable/PiaoDai_TX/Regions/TT_03.png,250,99cc49693cbe079203b8f38c1c6bca7abbdca511517a9d26c5d596b7818fcc1f
04_Assets/HotUpdate/SkeletalReusable/PiaoDai_TX/Regions/TT_04.png,643,2f6277f39209eb9c212537b0578123794c4ea81ab1a840fe2174a56f9f222355
04_Assets/HotUpdate/SkeletalReusable/PiaoDai_TX/Regions/TT_05.png,341,325de68ae135b0bf9d6f5183dc77fe49653eb867971bf4a09ec5a4fce28b14b0
04_Assets/HotUpdate/SkeletalReusable/PiaoDai_TX/Regions/TT_06.png,802,b65e8440d84edf3ac2ccca0aa34010316911c31510e1d49398619159dce0fb65
04_Assets/HotUpdate/SkeletalReusable/PiaoDai_TX/Regions/TT_07.png,138,9a9c28f0b5d1cdf23b863425f2072d0c844b80e26691e05e799ec96e7915d3ef
04_Assets/HotUpdate/SkeletalReusable/PiaoDai_TX/Regions/TT_08.png,436,c90bf03726110ab563cde56bd10a34a05f153c339e58a7bb80b53f6cc30a2b16
04_Assets/HotUpdate/SkeletalReusable/PiaoDai_TX/Regions/TT_09.png,304,cf54e0dea7ecedb95165190369ceb0edbc7f3534c50327f9572d33559f02f5b2
04_Assets/HotUpdate/SkeletalReusable/PiaoDai_TX/Regions/TT_10.png,1437,7a048517d19465e8db01061dea66cef54ac7182afc048b8049cb4dca7ae994af
04_Assets/HotUpdate/SkeletalReusable/PiaoDai_TX/Regions/TT_11.png,429,0e4a8233530cd53ffaa734d6004ad0b62088c05af715fef2ce2d1f12f82d4d96
04_Assets/HotUpdate/SkeletalReusable/PiaoDai_TX/Regions/TT_12.png,151,088c9e5b64d2629fd17c9a39d9aa24109e7aef99d6b53715c54756427b06ed42
04_Assets/HotUpdate/SkeletalReusable/PiaoDai_TX/Regions/TT_13.png,147,a21c0386bf4738a0fc68e23d0991bbd77520c23fddba44e0b1c1039a678a3190
04_Assets/HotUpdate/SkeletalReusable/PiaoDai_TX/Regions/TT_14.png,159,b2de2038be9767f5d799c352c2bb20f1c343d5464f6e6b9532285e304b0f299f
04_Assets/HotUpdate/SkeletalReusable/PiaoDai_TX/Regions/TT_15.png,185,1bee585e2acc3b5f69b8d1539ca34902b1ec1e5f7ddee38dbf25e7002dc8be74
04_Assets/HotUpdate/SkeletalReusable/PiaoDai_TX/Regions/TT_16.png,675,5ad27dbdf96080e9081e668c563110b97589bee704ea4c4ccf8228756b302168
04_Assets/HotUpdate/SkeletalReusable/PiaoDai_TX/Regions/TT_17.png,129,405ffcde6a179c1205a11ddda05f652b8bb035fba00e1d82194632aea073cee6
04_Assets/HotUpdate/SkeletalReusable/PiaoDai_TX/Regions/TT_18.png,168,3b307d2a57c9d8fc409cad12770ccd76ef25a6150e2f4cad5b41289bcdff8448
04_Assets/HotUpdate/SkeletalReusable/PiaoDai_TX/Regions/TT_19.png,600,705fe88cda00ef42ae7c412fdf1b00d050ea462e1465bd1fc8b71255e80184f9
04_Assets/HotUpdate/SkeletalReusable/PiaoDai_TX/Regions/TT_20.png,126,1d1cb9f0e77175ab16728cb6782b6fad6bcfd2ae5b55e3641bc2f7ac62e571e5
04_Assets/HotUpdate/SkeletalReusable/PiaoDai_TX/Regions/TT_21.png,393,3e68db85df07c1b99716b4025d438b6110cb8d211cfa9aa010e97e4b3b9dab11
04_Assets/HotUpdate/SkeletalReusable/PiaoDai_TX/Regions/TT_22.png,374,c9067184402410ae7361ff9aedad457ffd2a7f5f33782f87b8115ec2b7bfb943
04_Assets/HotUpdate/SkeletalReusable/PiaoDai_TX/Regions/TT_23.png,489,0f40f3711f436515aa54d2eed430179a9e06efa4556289f18aa51ba2ffadac36
04_Assets/HotUpdate/SkeletalReusable/PiaoDai_TX/Regions/TT_24.png,327,19d41c17d9c712454dce2e1fff7372d1692feaf19387433b90f725afd7422115
04_Assets/HotUpdate/SkeletalReusable/PiaoDai_TX/Regions/TT_25.png,500,1edcea56e1d7f3fc926e49802aa91c4a3a2d0aa4b9594f98b4234400c6470a6a
04_Assets/HotUpdate/SkeletalReusable/PiaoDai_TX/Regions/TT_26.png,411,d836467b1629fd0c5399f4888a2bfd016a9895644001c0a461bf15ae298b3a3b
04_Assets/HotUpdate/SkeletalReusable/PiaoDai_TX/Regions/TT_27.png,2118,6b40970f8d933ea40f067db6e7ada477c10a0eefd223431f283f326242c00f98
04_Assets/HotUpdate/SkeletalReusable/PiaoDai_TX/Regions/TT_28.png,2757,15252684b7f84887a30b8af49068d361b38c8474b0e0b586994f727714d09054
04_Assets/HotUpdate/SkeletalReusable/PiaoDai_TX/Regions/TT_29.png,816,e1095fb4e41d0d1485f78a6d6d27adbebb61905d1999a6d2dcf902111a106dc3
04_Assets/HotUpdate/SkeletalReusable/PiaoDai_TX/Regions/TT_30.png,405,59de1099a8c131ba982fd772ad612f40f7217d27dcbeb9554842249bad4fb980
04_Assets/HotUpdate/SkeletalReusable/PiaoDai_TX/Regions/TT_31.png,138,8bcac202b75bf0eb1d65b09233d1ac8914bc5afcaf2aa8e5c84fe1c3a33aac5a
04_Assets/HotUpdate/SkeletalReusable/PiaoDai_TX/Regions/TT_32.png,758,3578a7524ac6ed1a948ce5a058fddb9fabeda998710b568fdbd0486b91169bab
04_Assets/HotUpdate/SkeletalReusable/PiaoDai_TX/Regions/TT_33.png,447,2d8a4f762755199477f85ee996efda6c1a4d6e832d6f726d38e3b77758f53acf
04_Assets/HotUpdate/SkeletalReusable/PiaoDai_TX/Regions/TT_34.png,463,7e2477a2f1ad55452d8967a090015afbd1ecdd2243477108d6cb0a0d82ae1643
04_Assets/HotUpdate/SkeletalReusable/PiaoDai_TX/Regions/TT_35.png,1802,7bf9e625895e6b571cea740a8152131d94b66d6efaad7dd721da2f879fa12318
04_Assets/HotUpdate/SkeletalReusable/PiaoDai_TX/regions.json,8269,6a19fe0b70cc9ca9d7651dd59be3fdcb458bae0ff486a25d04ff5b610471f214
04_Assets/HotUpdate/SkeletalReusable/PiaoDai_TX/skeleton.atlas,3601,3f1fadbaa43f8572a3dee41ed39aaad3a0aa332dc204d0acb6639ed5bcec69db
04_Assets/HotUpdate/SkeletalReusable/PiaoDai_TX/skeleton.json,278483,eff413c6061336b97b031b5c7bb545701998d326493f58acf87d9339ef2c23d3
04_Assets/HotUpdate/SkeletalReusable/PiaoDai_TX/Timelines/idle.json,180694,bb5f240a64d7020344e3d5fbc33f18fbdfa24fe5b55fe59b0d5929f796a4e188
04_Assets/HotUpdate/SkeletalReusable/PZ_TX/PZ_TX.png,9217,7debdea19be4e70b4282e447a269a56aa3281b88b42348b553384fffe7d45517
04_Assets/HotUpdate/SkeletalReusable/PZ_TX/Regions/PZ/PZ_00001.png,216,94bb3199483a4436f71032e7e1b23e60e17013818d122fb346242924b2041320
04_Assets/HotUpdate/SkeletalReusable/PZ_TX/Regions/PZ/PZ_00002.png,269,88b2ad72c111d600946aa51a2c583a264b5fb36ca5f75899c40ceb388ec79cc1
04_Assets/HotUpdate/SkeletalReusable/PZ_TX/Regions/PZ/PZ_00003.png,332,1403e309fa48c3e33e3eeaf1b2d914fdceb289ca4675acd477c8a923229f4c2f
04_Assets/HotUpdate/SkeletalReusable/PZ_TX/Regions/PZ/PZ_00004.png,410,f4aed500d2c590e9e0f9a26959c6746784bdb6e4308a26338c84365f3e00c6f2
04_Assets/HotUpdate/SkeletalReusable/PZ_TX/Regions/PZ/PZ_00005.png,469,0ea3cf0fa74538b141a2ac404aceaad85f136afffabde963e5c29cb58e1ce4e7
04_Assets/HotUpdate/SkeletalReusable/PZ_TX/Regions/PZ/PZ_00006.png,534,a38224bfdcec0d7b766b0b5dab7066110625a4359c5188617354a2d6caa8c41c
04_Assets/HotUpdate/SkeletalReusable/PZ_TX/Regions/PZ/PZ_00007.png,637,878d4046982ecd7df1d07fa61dac9a427f340fa95e4c8e92de83bac5bb38910f
04_Assets/HotUpdate/SkeletalReusable/PZ_TX/Regions/PZ/PZ_00008.png,686,c9cdb660afb5b3dbdb5f7ddb460c5a5de2ffd9eefb6e65bd6113955e274795cb
04_Assets/HotUpdate/SkeletalReusable/PZ_TX/Regions/PZ/PZ_00009.png,723,cdd40be85e78b2479fcc145104ab3a328f7af9e399a310f09490bec065d47805
04_Assets/HotUpdate/SkeletalReusable/PZ_TX/Regions/PZ/PZ_00010.png,842,dc4f8d24c7b7a81642ea3c2696ccf431512cfc74f1f21771d639059df4d86d21
04_Assets/HotUpdate/SkeletalReusable/PZ_TX/Regions/PZ/PZ_00011.png,1000,8d8a33372ab1ba5b2c17ab539e0821465b2ef70cbae1a361693c9863619315a8
04_Assets/HotUpdate/SkeletalReusable/PZ_TX/Regions/PZ/PZ_00012.png,1055,f0208d1e1a2602073ce44f94a060f424ecae3e452ab13dd189e4ef4b47c6f9b7
04_Assets/HotUpdate/SkeletalReusable/PZ_TX/Regions/PZ/PZ_00013.png,1070,2f0b6c6881581fd76acd79be7f9f5fb6be9af5b3a465725ab47ff5071267d3f4
04_Assets/HotUpdate/SkeletalReusable/PZ_TX/Regions/PZ/PZ_00014.png,1240,4201358f336b446bcad50584b6ac5a0cf0707e0e831d26edc1c2421818a479fa
04_Assets/HotUpdate/SkeletalReusable/PZ_TX/Regions/PZ/PZ_00015.png,1197,e37b93a7411fe02f56c2409917371a3b93e872d8c9092046a9de54a333fd1ebd
04_Assets/HotUpdate/SkeletalReusable/PZ_TX/Regions/PZ/PZ_00016.png,1020,8430961feca1d74c91b54af6a5b4d3d91d69ef8bebf07a65f415e0400eb1c27f
04_Assets/HotUpdate/SkeletalReusable/PZ_TX/Regions/PZ/PZ_00017.png,917,b283e4965af5e795a861f948798dba03ae9ca81d3a39850c866d188e4a27da31
04_Assets/HotUpdate/SkeletalReusable/PZ_TX/Regions/PZ/PZ_00018.png,671,5f2bca0fcdd92aaa41cb95abd901104d2d0a6ee37eb7ebdfe631e8c9def86451
04_Assets/HotUpdate/SkeletalReusable/PZ_TX/Regions/PZ/PZ_00019.png,614,607b823f7901e401b72e4d1750c0dc36ee776880699529f0e9499b53d133e6c5
04_Assets/HotUpdate/SkeletalReusable/PZ_TX/Regions/PZ/PZ_00020.png,485,375f74fe654aa0959b62f53d6922a8717e0e0c13f9aa40e37a28b09aa503737b
04_Assets/HotUpdate/SkeletalReusable/PZ_TX/Regions/PZ/PZ_00021.png,355,4e0a160fe93ec9abdc6b53ba06762a281f3b3f530f0a91a8ea936fa1f64d02df
04_Assets/HotUpdate/SkeletalReusable/PZ_TX/Regions/PZ/PZ_00022.png,269,8e76572cc47daad780f8c93b8fdca08543dda13bf65556eddb581255134a5b98
04_Assets/HotUpdate/SkeletalReusable/PZ_TX/regions.json,5321,ecdae4adefd4a803ca1c06ead6859fdcdfecf3762e14442b4ac4454ab80fc974
04_Assets/HotUpdate/SkeletalReusable/PZ_TX/skeleton.atlas,2475,c26f2cb2a7e253e21e4dfae2f31bd797591263c92ab0f785e99627cdd37d9ce5
04_Assets/HotUpdate/SkeletalReusable/PZ_TX/skeleton.json,10000,14cf8d869b523cc083a38174462c6e17951d6b73aae3c338243ead415f777aa5
04_Assets/HotUpdate/SkeletalReusable/PZ_TX/Timelines/idle.json,4221,679ca3267807afad10186837cc2655abf46a81c5795ea4d9949081c0ac861109
04_Assets/HotUpdate/SkeletalReusable/XX_TX/Regions/Q.png,24744,10859765643c274f2ac6ba05084a99f69be1634d09f8ac61d0afcd4c7d7d0097
04_Assets/HotUpdate/SkeletalReusable/XX_TX/Regions/Q1.png,16643,6a2d6c6ac6de780fa55096c792578042425bb28010bc707b57580f559e508388
04_Assets/HotUpdate/SkeletalReusable/XX_TX/Regions/XX/XX_00001.png,3271,f917918992c4495b5ba93228aab68204cea5dee17490b4e0d0412914cd242ed1
04_Assets/HotUpdate/SkeletalReusable/XX_TX/Regions/XX/XX_00002.png,4191,4322fd3ce1cbd9752878d4af756529690278722adaba332c9e8e494f0c32eb43
04_Assets/HotUpdate/SkeletalReusable/XX_TX/Regions/XX/XX_00003.png,5630,df2feb261ff6032e88a2dd47a9325953bacaf93069e48383f01d80a91d174ecb
04_Assets/HotUpdate/SkeletalReusable/XX_TX/Regions/XX/XX_00004.png,7022,e14d6b9e19945282e491ecabcf50798a915829cb51ff01350e5097a1c3c90b22
04_Assets/HotUpdate/SkeletalReusable/XX_TX/Regions/XX/XX_00005.png,8715,d6b39a662cb95bcf9b03d58df15fe629ad9d6025e90ecacfc6f791392b57a8d7
04_Assets/HotUpdate/SkeletalReusable/XX_TX/Regions/XX/XX_00006.png,10861,6b4ed4dd7e84c204cdddc81a2eb160153fffd9a49572a11529fa7e6c8d1408c3
04_Assets/HotUpdate/SkeletalReusable/XX_TX/Regions/XX/XX_00007.png,13124,6fb0ea73ff236b2d8c32326c8a98064f450c482c7bd8d6e496ebe51c8c7f66da
04_Assets/HotUpdate/SkeletalReusable/XX_TX/Regions/XX/XX_00008.png,15215,b8a6ae0f41d87efd595fa4666879897653ffaa2cc7c5a36421cb6d529018f205
04_Assets/HotUpdate/SkeletalReusable/XX_TX/Regions/XX/XX_00009.png,17316,7807c3086729b6492bcede4457e97a34c12aeaaac136d427a78f13da6c5711c1
04_Assets/HotUpdate/SkeletalReusable/XX_TX/Regions/XX/XX_00010.png,19590,3f31f016e0cd7a88e91cfbcc630fd0c705240a854af65d0f8ad68aab9b82d345
04_Assets/HotUpdate/SkeletalReusable/XX_TX/Regions/XX/XX_00011.png,21869,91e7f905c132f20bd27e077cbec5487a8f9b160f1a85b4c1bfe9313e51330513
04_Assets/HotUpdate/SkeletalReusable/XX_TX/Regions/XX/XX_00012.png,24067,550353ed1eb5b0bde551943cd8284999eb396221cfc30e5de5ae7dec6dad0932
04_Assets/HotUpdate/SkeletalReusable/XX_TX/Regions/XX/XX_00013.png,25954,1b7a8a92f5ae840eb7ecda7da0b9e8ab340e26de033f8b9178d1d7c3685448a3
04_Assets/HotUpdate/SkeletalReusable/XX_TX/Regions/XX/XX_00014.png,27177,e0af6fc4bac677a55cc607f29082bd44fb43696dbb7b4ee76d55e02bdfd07d7a
04_Assets/HotUpdate/SkeletalReusable/XX_TX/Regions/XX/XX_00015.png,28105,8d8723f4754edcb3b1c2ff740221d2c43c6c9ec1aa0efa2043a5903342fbbdc5
04_Assets/HotUpdate/SkeletalReusable/XX_TX/Regions/XX/XX_00016.png,28671,92194ad84a6115efd8ec375c2e172638940a79f1c1934ae82cacafda859ab025
04_Assets/HotUpdate/SkeletalReusable/XX_TX/Regions/XX/XX_00017.png,29207,b735c7183d3df543021f30aba97d139ef26daa91569b2d2395157e0ecc877296
04_Assets/HotUpdate/SkeletalReusable/XX_TX/Regions/XX/XX_00018.png,29793,9515ce0949fadc858fcbdedad3f2f5f17304a61f2150cf703964f41fc8a5bc8a
04_Assets/HotUpdate/SkeletalReusable/XX_TX/Regions/XX/XX_00019.png,28794,eb4710979f3dc1f504808fdd67d19323096907e26316b48b9b1d0c6508b0adaf
04_Assets/HotUpdate/SkeletalReusable/XX_TX/Regions/XX/XX_00020.png,29050,21cce2a49168f3bcf51bc8fc6309fb92548598b2fce4f3e617a087c34762dd23
04_Assets/HotUpdate/SkeletalReusable/XX_TX/Regions/XX/XX_00021.png,23218,8816268782cc52aebd3267bbbe72582893ad8887295d72d178d3b95c5ebecfd9
04_Assets/HotUpdate/SkeletalReusable/XX_TX/Regions/XX/XX_00022.png,18959,a695f4e9febdd6a12178eb1499c9c0ff82c5ed5b175d6669e0412fb0fe07c8e9
04_Assets/HotUpdate/SkeletalReusable/XX_TX/Regions/XX/XX_00023.png,17826,6e86d364c45048fd198aeab974f298beae1da4d811639c1f8c995bfd33229b9f
04_Assets/HotUpdate/SkeletalReusable/XX_TX/Regions/XX/XX_00024.png,17642,5e4f5359efeacccaf619eb9676f3eed222b863ab1178b433b20af7e59b36204a
04_Assets/HotUpdate/SkeletalReusable/XX_TX/Regions/XX/XX_00025.png,17449,37accdcf9059b06ae40a8603380836acfdf738924a35ba2c91bf53026ae6ae0d
04_Assets/HotUpdate/SkeletalReusable/XX_TX/Regions/XX/XX_00026.png,17532,eebcf6303799a06956611a272ce063d5bd2cdafca4b6eee056d4252978a59b81
04_Assets/HotUpdate/SkeletalReusable/XX_TX/Regions/XX/XX_00027.png,17941,51eccacbf3a51420ca2fdde6e93c92753f7cf42d4690ba8df40f463a996d471e
04_Assets/HotUpdate/SkeletalReusable/XX_TX/Regions/XX/XX_00028.png,16432,38d8927b162c91560969f77ccc86fca0d9af2410d20b1b0db195355b1fd5ca08
04_Assets/HotUpdate/SkeletalReusable/XX_TX/Regions/XX/XX_00029.png,14376,aa2145188e25952c63c5d4a71e98e4d63cb77e4ab132066d4b9d37861ae8b1d8
04_Assets/HotUpdate/SkeletalReusable/XX_TX/regions.json,7566,dbb7744797b3c4bfebe8c9c63d1763b7ed526bad7e25cc7bdbd00b3a48274b03
04_Assets/HotUpdate/SkeletalReusable/XX_TX/skeleton.atlas,3544,003b7ace72ec82e19b7249bc23f2c8ab3deebc5004cafde576450287d25a1aa2
04_Assets/HotUpdate/SkeletalReusable/XX_TX/skeleton.json,379656,31865652a267bf70e1ede5428e11d50dc97ec5c10e03ddee2beffcbb872cd251
04_Assets/HotUpdate/SkeletalReusable/XX_TX/Timelines/idle.json,8134,241e6d9e8fa015e58324570fb9fb81cc9149ad463ed5533d1a4353f1d47dc4e5
04_Assets/HotUpdate/SkeletalReusable/XX_TX/Timelines/idle1.json,6983,e983955e7e360936ef8dc20d6eec8af31a517a7a9dfea3a2b2c75d1b280b148a
04_Assets/HotUpdate/SkeletalReusable/XX_TX/XX_TX.png,555588,764e1747d0f6a2b58530dc09f9cefb077f9d9634f3702ec7c927f3eb5538cfe8
04_Assets/HotUpdate/SkeletalSource/002f010e-15b8-48fb-9bce-7b7d2e44a5a2.json,277554,f6841f7608826596b43a808fffbfa67955b180fd0df6cdbff5be8c731f201228
04_Assets/HotUpdate/SkeletalSource/1059e560-1ac0-4260-80ef-2291746bdd38.json,13601,18fe7fe4c8352687ff8885b959ffdbc445da56e78298cb6c796c7501b19cfcb7
04_Assets/HotUpdate/SkeletalSource/4d444ff6-4050-4e1a-ab5e-94952fe47143.json,141564,8b88b4955f06f9d9251e30bc2c8318377a23d91a77c02dca434c0385589f488e
04_Assets/HotUpdate/SkeletalSource/7e61e8de-670f-495e-9549-fce8234ec73b.json,308190,1ad8ebf244dc04260ca84b21e2fa593fe35b8d23fd070b807792f582a62053c2
04_Assets/HotUpdate/SkeletalSource/9844b415-ef0f-479e-9481-4bde1229b4de.json,63115,882e79f1d8e23bcbedfa6ba4eadfe4060a6038633b6293c0f333bd8ea70922a4
04_Assets/HotUpdate/SkeletalSource/ad1af1ca-c838-4eb6-8ed6-0928063481fb.json,21631,c82897e0979de6810636fd59bb061e0afacf2e4383f51f363c67aed6a55def67
04_Assets/HotUpdate/SkeletalSource/c80b42c1-1e4d-4ece-a55c-7c6a5616b57c.json,419916,f2af076e27df3b8f969d76ce8860960ef47e36914004418f5871d9f6a81d2281
04_Assets/HotUpdate/SkeletalSource/e0434db8-76ce-4c32-a6f4-4088a1267d05.json,12161,ff8aec6722ce5fbcd70758e0d943f61391bb9caae5028c6859669748d986f125
04_Assets/HotUpdate/SkeletalSource/e1d94d6b-8e6b-4267-a4ed-3e0fd6375c1c.json,473987,64ebf18cd024e48c7b2efba96382f8788d2e5737fd6e21e048b3f3182d36e413
04_Assets/HotUpdate/SkeletalSource/f903332c-f1d8-4f7f-ba26-c989d332c852.json,72547,03abb4ae8e79cd33df1b19bbbd3658f32bd7201f7b59245ac8a2fd2d41d0e62f
04_Assets/HotUpdate/Sprites/1000__b1f93e32.png,125724,65a017f5e13ec409447102a28c24c12ec0888485a8f1b02e3aec17742fa77d98
04_Assets/HotUpdate/Sprites/100__206815fd.png,80620,6d77246c63f63064fd5ffbf7c9bd5464fc6b9316f502d787617b2239d61179ca
04_Assets/HotUpdate/Sprites/10__29f87d66.png,25235,8a0bf67c6858d66933ad8737dccd6dc117b96f59e40608e85733771ea253fbca
04_Assets/HotUpdate/Sprites/1__3ff9510d.png,2008,89ee5845787b3ccdf92b07199f7a03812fa100aa514d4cb5f57f428aaa14a1f3
04_Assets/HotUpdate/Sprites/1__45cc6803.png,5877,74acb77a8f3880790b855fd2bed0a79fed8708a81d1d3d34b2eeebd8a22bad82
04_Assets/HotUpdate/Sprites/2000__2fc65a1d.png,192831,27866770f0836e80075fed62664f602079437215f1e1f6f9bc2e7d953ee99fe5
04_Assets/HotUpdate/Sprites/200__cfdf5754.png,101423,dab606066000a0e46b4f9d1381da5fce90a99629e99189887904c2f4e225b1db
04_Assets/HotUpdate/Sprites/20__77b099a0.png,39096,869218b3863138bb1362a191835e6776924d8f1679e04453ed7b79e8d9db2296
04_Assets/HotUpdate/Sprites/2__bb5cd37e.png,9290,5a0d01c0999491d99c320d32d30ffc7edd8038f87534d98959e0212849aabfd1
04_Assets/HotUpdate/Sprites/2__d6a40cfc.png,8458,f26f6276e3ef2a5a543d8d7d1212dd27325739545f2debec6a7c3a874d6f969c
04_Assets/HotUpdate/Sprites/3__90981f7d.png,8976,b46881abdeedb4e67bf97d7396814618fdbd2f096123b0a134c1e040dc4cec28
04_Assets/HotUpdate/Sprites/4__887b5021.png,8608,59a018ea1e5412db63977c59a6fb32ffac43329ca9ff67a5d087d59993bea88f
04_Assets/HotUpdate/Sprites/500__026e5d46.png,82973,4f7be9af31c3e835e43986763b9dc0af02d3234541f18d22087bf5884291b1ec
04_Assets/HotUpdate/Sprites/50__252e9df5.png,58301,ae303f73c99123510522f592aacbd95ac28d79b69a1c7504cb88143924a6e572
04_Assets/HotUpdate/Sprites/5__0c5eb910.png,8023,382017d262ca5ebc2096804ac17754e3502afbc1f59cf274f58bb8d1a8bc318b
04_Assets/HotUpdate/Sprites/5__9fea0c34.png,25773,dee6be1ea33c3d609cd02f0420744b3cb1e4f2544e7f86737f52ce12f6a06edb
04_Assets/HotUpdate/Sprites/6__29c058d8.png,8274,b78a0213ba1ffc37c095bb2f5c19a4000405af7862fdd4d379c3a520092c9700
04_Assets/HotUpdate/Sprites/7__950087b5.png,7900,1cd028437d2b80463c0fe08e18085ee6eaa2daa5f3481fbca6190cea6d9a9188
04_Assets/HotUpdate/Sprites/8__27199576.png,8625,0c50e3de54df99f0aea3348dbe9b76d845feb4df88c8b828d667ec7108efd42f
04_Assets/HotUpdate/Sprites/Amazing__ca407816.png,33868,5904c20e2dc46ff8728561e2ccfff38976d3dd0cd5a9153fe83fc632b4037249
04_Assets/HotUpdate/Sprites/bg1__d7add077.png,1017,101b09e47945f4e0b7abf5057fc7ed5097c47510edc61c154310d66d1e48404e
04_Assets/HotUpdate/Sprites/bg3__0b53cb8c.png,4721,e86172444206bc89889b7b697c174596b4a17a3cebe49a85bb226ea0e22637af
04_Assets/HotUpdate/Sprites/bg__eb47e646.png,156162,1f5bc2cd917cf22ee5e75f494748200239af98573912fc420687dce2677e5b3e
04_Assets/HotUpdate/Sprites/btn1__b2fcf2df.png,27755,4f4850753d8f7cfa79c20e05354c19bafe5ecb21f64e1db4c23dd8b09b155c89
04_Assets/HotUpdate/Sprites/btn2__247e2b16.png,15414,fc396a2e8543856d4efdb4e66a7269b7b1c16dbe658c7e6add0c4a867cfd948d
04_Assets/HotUpdate/Sprites/btn3__f6455ee9.png,11839,75ee1789eb7faca031abc8b0b3ed486bfc0f9e82244755b34bb9306b9f2914e9
04_Assets/HotUpdate/Sprites/btn4__cf37e82c.png,6010,fd3cda617f4cfb7ce99627abd73457489f1e096cebb50d64977a9f6c44729580
04_Assets/HotUpdate/Sprites/btn5__096204b8.png,4966,9b1b3f660adcb522ffdd8fbe4901ecdd364d87e6a46c61da666c442c167fe3f6
04_Assets/HotUpdate/Sprites/btn_bg__b8612d37.png,1528,af18746e659194f8117e59134627aafe58e76490d77e4c29591659b15dee0429
04_Assets/HotUpdate/Sprites/bubble__16579a07.png,1395,b17de3bbbc22ca18f1f5e2f368980e8064cba155e34904028b0d062a65c3f318
04_Assets/HotUpdate/Sprites/combo__114eb6ba.png,16991,8df1d8d1a806cb09219b2213f6933a0fd75c74654563c3a4c4c02e460ac9b0f3
04_Assets/HotUpdate/Sprites/default_btn_disabled__29158224.png,220,81e9d54c6f796ee611a41764d7bf4612229366e8cf39bca590977e6a57e9cedb
04_Assets/HotUpdate/Sprites/default_btn_normal__f0048c10.png,252,e39bbebe0bae87e0f61265d3f2f9f31826a46947c81d35809a89c25c98a11941
04_Assets/HotUpdate/Sprites/default_btn_pressed__e9ec654c.png,297,607ce137b597c5c9721b9e11ca733ae66919762f11ae489cfa2fc6e65a56a1e5
04_Assets/HotUpdate/Sprites/default_sprite_splash__a23235d1.png,78,803f3b73e9e4960c1b25d25b1dcb493de6cb51a001fbcc7f604e4dfe62c8c26e
04_Assets/HotUpdate/Sprites/GameDialog/common/2000__565c9f09.png,128786,6c58ef856aa29e81a4feaf08ba8ccc15cf53ff74bb10df2d0852443697b96df2
04_Assets/HotUpdate/Sprites/GameDialog/common/ad__8eeaa62b.png,6279,f9a47c43b473d53e0fd2940fc01cff8dc73c2f183075e2c862aaeb5b9efd9f4c
04_Assets/HotUpdate/Sprites/GameDialog/common/backBtn__087de8d2.png,7452,4f3f4c11c4429c65bbaa2a756efde5bd0efb90764eaa3cbd360d6ffd8adf0257
04_Assets/HotUpdate/Sprites/GameDialog/common/btn1__cd716fcd.png,24584,d1ef23a872a95a072842b945ad5ab43f1c0e59edfee5306ff34d67eb51f79d0e
04_Assets/HotUpdate/Sprites/GameDialog/common/btn2__e1be55d2.png,23736,3e3c8317c8679da5b095bf9f7e78be9feef30bbbf2308905a1784b7eb115d1fc
04_Assets/HotUpdate/Sprites/GameDialog/common/btn_close_gray__b59982f8.png,751,097cc413ea27e53dad3b6796b763fa0e8ab69791df5481a5f97a6edeb05428d9
04_Assets/HotUpdate/Sprites/GameDialog/common/btn_gary__fb19ae04.png,22493,c895d1cdf611b9c486a0e53224c6d1eef75716896452a207e891caa7cd087f76
04_Assets/HotUpdate/Sprites/GameDialog/common/btnClose__e04e2f34.png,761,83d2d6f58e030cba7e22019b44e665b71fead65c94a9589a9a24dc878da69218
04_Assets/HotUpdate/Sprites/GameDialog/common/coin__a386dc39.png,6536,f81df6007e4cb41cfa6ce4f9b8035a40f0e3a51a07602b72526df6575b80cef0
04_Assets/HotUpdate/Sprites/GameDialog/common/commonCoinTitle__f53455a4.png,130927,79b74009bfcd8a9b49e20ae69fe590a92643f7f76abd582210a35ae5133aeba6
04_Assets/HotUpdate/Sprites/GameDialog/common/hand1__5d810788.png,28534,0033b84d7ead8edc82ede4b5161f39b802be77e86f1c8b41aee51dc71c625d37
04_Assets/HotUpdate/Sprites/GameDialog/common/htmlbg__1eb2b9f3.png,7490,136739b4c0b665778afbcf434366ad499e675c895d644824ed0d36982163bb38
04_Assets/HotUpdate/Sprites/GameDialog/common/htred__6de21f42.png,805,2effe1644735d4cb3ef7d76c5215eedef4e40dc8c463906fd38cf5f0bfb19f20
04_Assets/HotUpdate/Sprites/GameDialog/common/itemh__1755afdd.png,6665,545f06146d898677283769f23e9473cac4e4fb18f25ac89c283b0ccec2d92158
04_Assets/HotUpdate/Sprites/GameDialog/common/manyCoin__69e9cd99.png,132148,3be348d696789289b2ffce06d01621be001a7ebc0f7770438a1acf8fc1e7c84e
04_Assets/HotUpdate/Sprites/GameDialog/common/mask__fee62731.png,390,ba116c416285cf0f70d82ba8c74a738807318565d65437860436fa698bf67c3e
04_Assets/HotUpdate/Sprites/GameDialog/common/progressBar__e2fe8ed7.png,1745,68009c26b2c40154b26b98221b3bdcb1397fea203eb0009881603b6ae64992e3
04_Assets/HotUpdate/Sprites/GameDialog/common/progressBg__affbf61e.png,2715,832b15986a6af0732ead47d9a18df62e815e5b77ea1c23c0601419134f125dae
04_Assets/HotUpdate/Sprites/GameDialog/common/renwu__72fa078f.png,4918,9c65e9537d2b5f377714617ddd16491c0c715192ae26812c586dde2ca34c9498
04_Assets/HotUpdate/Sprites/GameDialog/common/select__0e365a00.png,4672,6c9aa29b22b2b3a232e1fdef968b74d20961c8f44cd3ef2cdf48377e3608297f
04_Assets/HotUpdate/Sprites/GameDialog/common/title__5372f8db.png,59552,24754ce4d60dc4cfe4319006a5dddfcc9e71643da6269c062f8d61283fdba4e9
04_Assets/HotUpdate/Sprites/GameDialog/common/yellowbg__5f2f19f1.png,8317,a8fe12c6022cd6465704c383cc2f0ae14ef65f920a4e8d6fc35ad031f56430f8
04_Assets/HotUpdate/Sprites/GameDialog/common/图层 26__fd86e669.png,106116,5253f24d576c8850ee4799ccd37d5f5fb09f94095a65ca7684fe90fb90fe7e6c
04_Assets/HotUpdate/Sprites/GameDialog/common/图层 2__73d8351e.png,8602,91cc4d93bd24f82957b21f572c2e85b6ae2fe8b7cd92f7babf975080b5eae2be
04_Assets/HotUpdate/Sprites/GameDialog/FailDialog/2000备份 2__27054148.png,4603,ca6a23dd6318b2c88942c95adb7afb2e84852b817c7297dcc4f28a7de61b356f
04_Assets/HotUpdate/Sprites/GameDialog/FailDialog/bg2__90180b25.png,1649,7249928522c05733c61dbb338b898d20ec0d33bf8381e26537b35042da5b149f
04_Assets/HotUpdate/Sprites/GameDialog/FailDialog/bg__6395fb53.png,8925,0dfb39ad5f84b9509f9b5ae703c894330729ad6c6dcad1c6a0e8eb790924ff70
04_Assets/HotUpdate/Sprites/GameDialog/FailDialog/btn_Close__24139751.png,24584,d1ef23a872a95a072842b945ad5ab43f1c0e59edfee5306ff34d67eb51f79d0e
04_Assets/HotUpdate/Sprites/GameDialog/FailDialog/guang2__17455961.png,152128,86ab005e49355cf086d25e0e00b81a6ec856d5060456c0f7ab93a4a844e90354
04_Assets/HotUpdate/Sprites/GameDialog/FailDialog/icon_play__45dd618f.png,2473,b21d3601dd7c7e7388c2e761d8db25d326d3ddf322f2923bd5f5aa46f655d25d
04_Assets/HotUpdate/Sprites/GameDialog/FailDialog/title__97f83cbc.png,59882,a42978475b81d894c4a4415eb7adae23bffbd0494353d257766a71ee07e43633
04_Assets/HotUpdate/Sprites/GameDialog/GameFakeWDDialog/bg__797732f8.png,8418,3f8101c85468053b52be16c9949397f4e344cc7bd955c200fb92d0ae830b941b
04_Assets/HotUpdate/Sprites/GameDialog/GameFakeWDDialog/bottomBg__12890502.png,964,853a28cb9b3301f20f2941da57c0c3d016bbf671deeeab37b7fb7eecd60c0e5d
04_Assets/HotUpdate/Sprites/GameDialog/GameFakeWDDialog/coinIcon__2a21dd9c.png,104169,2a3f56679a6d9e84eab1ce1722ecb508e3f5bc3594ec41d59eef3b59907e4b2f
04_Assets/HotUpdate/Sprites/GameDialog/GameFakeWDDialog/icon_select__c5831991.png,1190,065c77473e42d16963a16b27790ea94685e4feb8cff3236165404d742aad2848
04_Assets/HotUpdate/Sprites/GameDialog/GameFakeWDDialog/selectBg__f3eb0e56.png,7155,a1594b2b41a11a9037f90b23c94b361795efaae8c827331e93b8596291260c0d
04_Assets/HotUpdate/Sprites/GameDialog/GameFakeWDDialog/topBg__8f57d355.png,3557,7005c5704fee7c582fe5600839a0593edd597adb9d3ddfb2ea0e0419744c49b7
04_Assets/HotUpdate/Sprites/GameDialog/GameFakeWDDialog/unselectBg__a2910a3a.png,7208,c48d83a197927b813315d78ad1d757dc8da38d6f42b0a123524523f74a251cd8
04_Assets/HotUpdate/Sprites/GameDialog/GameRealWDDialog11/bar__2799c570.png,1682,6c4ed1006e1875d488d740afe7596840671dbb9b2a31df3624be71a9a2215a91
04_Assets/HotUpdate/Sprites/GameDialog/GameRealWDDialog11/bg1__e743ec86.png,8561,0fa249aa2340933b3d8428f0812fd497a570c16c74cdc54c9d32ec9bd6e8180b
04_Assets/HotUpdate/Sprites/GameDialog/GameRealWDDialog11/bg2__5c540834.png,40998,7bb78f9ca46d59d99c5a296a61c2ffd1629130e8a8dab4d0f410f10772024cf5
04_Assets/HotUpdate/Sprites/GameDialog/GameRealWDDialog11/bg33__f794ed6c.png,26378,4bbdbd6f7c81933b28bdbfb23b299254cf83232cde27b76bbbcc06347896fbf4
04_Assets/HotUpdate/Sprites/GameDialog/GameRealWDDialog11/bg4__f2dd18eb.png,8417,b9f6cb3496b3dc3ff04b003eb4db2ee7f09bb06d8a8a99ef709cb278d47eb107
04_Assets/HotUpdate/Sprites/GameDialog/GameRealWDDialog11/bg__710c7733.png,116794,deef9afe23da491bae11a87411c673c8685a49891b62b4cd3b6ea15d6a183d95
04_Assets/HotUpdate/Sprites/GameDialog/GameRealWDDialog11/bg_purple_long__dc275cd8.png,42215,54e814a732bc53788897e8d9a94238ea02fd4554c59445d7eb8dd2ec43e836b5
04_Assets/HotUpdate/Sprites/GameDialog/GameRealWDDialog11/bottomBg__fbf7005a.png,965,398339d072dc02ddb51c25b623dfcc2c6007eedccd332811a7efd6b8d3c738cd
04_Assets/HotUpdate/Sprites/GameDialog/GameRealWDDialog11/btnHelp__2e7b1ca4.png,14287,7984fe0ed60c88f5d68bbde2e228a1a8d920792c53e6749d967139e2c5caf69c
04_Assets/HotUpdate/Sprites/GameDialog/GameRealWDDialog11/btnRule__36341612.png,13102,bb8fceaf902d867ccc26d182dcf83b78a4005dbd538a27c4392f53c3572eca37
04_Assets/HotUpdate/Sprites/GameDialog/GameRealWDDialog11/coin__f7680187.png,3354,97c385c7bff8d0215f57786991480da50743a586181334e7f7a1f9a5ca147f40
04_Assets/HotUpdate/Sprites/GameDialog/GameRealWDDialog11/editbox__165ba37b.png,1118,b91414c30f6364fc6547d5588a5b9ee1ef80d95dfc4d1b61200c29a09b52ed3d
04_Assets/HotUpdate/Sprites/GameDialog/GameRealWDDialog11/icon1__c7b5913b.png,4757,971782ec84bb4b2b617bd4dadf03cbc4d796aee09de55cafadd75c0237a18f8a
04_Assets/HotUpdate/Sprites/GameDialog/GameRealWDDialog11/icon2__a465308d.png,10525,2456fbed1ea3c04993db30902a76005bc5b8dcb057606b2a613bd231e0f9f940
04_Assets/HotUpdate/Sprites/GameDialog/GameRealWDDialog11/icon__38c3487f.png,8104,9882cb64d1733485d670a65663b11d8b1ad0141760242c485e7196172806f674
04_Assets/HotUpdate/Sprites/GameDialog/GameRealWDDialog11/jiantou__cad0c95e.png,381,e41f708e73b1fd017ca2797b9c3e892266a8161d37b3a4417f5d4d43138e43e3
04_Assets/HotUpdate/Sprites/GameDialog/GameRealWDDialog11/line__f9e648dc.png,173,072f6e87eba79bdc1cdbf995eb417e152d9bc90114f18ffaecdf0baa1b275155
04_Assets/HotUpdate/Sprites/GameDialog/GameRealWDDialog11/middlebg__1e893d77.png,6368,bf1fa14e8e0d261a7252828182b21cd1c6ff2da0fa87f34d0e9e40aa406c87f1
04_Assets/HotUpdate/Sprites/GameDialog/GameRealWDDialog11/progressBg__d89166c8.png,2184,7bfd1d9daa4df25905f9190b7dd93a39f749b610be05c1a7a7cecf69e80e8db3
04_Assets/HotUpdate/Sprites/GameDialog/GameRealWDDialog11/selectBg__5a90af46.png,9611,20d25800c8590d978ab0158d258bd46fe0ef6983a9072e64d392aad91f63317e
04_Assets/HotUpdate/Sprites/GameDialog/GameRealWDDialog11/smallBg__13df6558.png,6896,ed1c088f42b94c97b9c16650f7ba4ec39053244024ad5a35636d7a3e352e5939
04_Assets/HotUpdate/Sprites/GameDialog/GameRealWDDialog11/smallTitleBg__89bd8b10.png,5836,3d70fde3172df3b1683b89bc4f667228ee351afeef83b227ae511716d0ab2543
04_Assets/HotUpdate/Sprites/GameDialog/GameRealWDDialog11/titleicon__d7bd430a.png,217067,ed900e3f042bb5afef72953d462817a7bd74bc97327c9a63323c68be96c058b0
04_Assets/HotUpdate/Sprites/GameDialog/GameRealWDDialog11/topBg__190243c6.png,1132,3f8f576606c385e66911c0f11f7c55393f5523b8b7687530d8c40a2c89bb20df
04_Assets/HotUpdate/Sprites/GameDialog/GameRealWDDialog11/Unchecked__9eeaf313.png,2130,9d03685aa010e31633a42138d5de230a6a0e1690c9ec9a0277aedf5811452767
04_Assets/HotUpdate/Sprites/GameDialog/GameRealWDDialog11/unEnough__4f20b518.png,1661,8631fbee070ef9aab9c66d46e2868f56ccc84e9fd0134ef4a9f904b420282eee
04_Assets/HotUpdate/Sprites/GameDialog/GameRealWDDialog11/编组 15(2)__d8c9b202.png,7035,4f01e36bfe27242583f6e6d92015c167313bba426c17efa97ebdff4ed9a6bf65
04_Assets/HotUpdate/Sprites/GameDialog/GameRealWDHelp/ads__f7c9813c.png,7923,140f84075b6bde889968dbc26aa3812a7042c854c40afd5f8b7d81b6fef74520
04_Assets/HotUpdate/Sprites/GameDialog/GameRealWDHelp/bg__a7648edc.png,12781,44591729fa5e7cf6a06a0365ea8bfb05fa7d867bcdb17ca26fd81343e954123f
04_Assets/HotUpdate/Sprites/GameDialog/GameRealWDHelp/helpbg__c4fb3d20.png,13043,f3bbce8c4c4175bf33f2e47bc59a9487783fe3bbb0d06d31b471e09e7c45a6cf
04_Assets/HotUpdate/Sprites/GameDialog/GameRealWDHelp/paypal__6ef3ea99.png,6429,c9525d5bbc77d4be34eacbec2dc794b8c0d9595839f6a0f2dbd0576ea65550f5
04_Assets/HotUpdate/Sprites/GameDialog/GameRealWDHelp/phone__e38fbbef.png,51691,af5687f35fb4796393dc11e9c0b2dbe55c7cade9a4386d4b1f993007bef1fad5
04_Assets/HotUpdate/Sprites/GameDialog/GameRealWDHelp/tixianhelp__437b5a29.png,463853,3ad11934a2d239599aefb7b0d7b57bf65273886647cb8840ddd985c174912fb5
04_Assets/HotUpdate/Sprites/GameDialog/GameRealWDHelp/位图__c0fc7d5e.png,3598,a243e26d89310ca94a0dc5c5513878f4ea788e97ba9baa701853bc27aebe19da
04_Assets/HotUpdate/Sprites/GameDialog/GameRealWDHelp/矩形 1 拷贝 2__a193e946.png,6862,2a51a528eab7cedb5a7a90b9c05d25ac5a8e05e6b1b080fd0868a326cebb30f6
04_Assets/HotUpdate/Sprites/GameDialog/GameRealWDHelp/矩形 2__e9420d35.png,3972,0d451c756bb45550cc0dd9d46112af29f36e705a359e1ee90deb84448f7287b6
04_Assets/HotUpdate/Sprites/GameDialog/GameRealWDHelp/矩形备份1__15fe22b1.png,3857,c3b0a12f816ada4e5d971ff1c11d26adfaee56ca216bc54202134700fa1375f1
04_Assets/HotUpdate/Sprites/GameDialog/GameRealWDHelp/矩形备份2__46311530.png,2213,a3aa4e74a8633d961e38abb84578684edf325b6f2ac6bf48036e6d7b0d8e6975
04_Assets/HotUpdate/Sprites/GameDialog/GameRealWDHelp/矩形备份__e7073eb9.png,1105,5c33fa354850a7ace46058ea3c3c00d12b4453893565ee5d0edd980d4861ec82
04_Assets/HotUpdate/Sprites/GameDialog/GameRealWDHelp/编组 3__6da9beb7.png,6174,00a79d09330a8a159982ecdd2a08f9b42cf74fe7b14c0a39d5fe989ecec5aaf9
04_Assets/HotUpdate/Sprites/GameDialog/gameView/getMoneyhelp__fb61a051.png,228207,fabbbc1713f19280b2b78920b45285e58b120c1468806ba5ad3f0f1a7828bdd2
04_Assets/HotUpdate/Sprites/GameDialog/gameView/Privacy Policy1__34cc23cf.png,252798,4d39cd9530812b365522db583f79b54bca14c172bf453fb3d5bef42c7f2e4951
04_Assets/HotUpdate/Sprites/GameDialog/gameView/Privacy Policy2__7eed0b5f.png,642016,c4a91d631127869ed8a653a99645635eff75e9b77ca7234f13bc24da881348a0
04_Assets/HotUpdate/Sprites/GameDialog/gameView/Privacy Policy3__de17c877.png,311267,e63c49e6d0d9426531614eea4696637e24696e5dcd8fe1c9f04474ff1acabb49
04_Assets/HotUpdate/Sprites/GameDialog/gameView/Terms of Service1__c02c1608.png,573728,dac294429be21d1d38662c340b153b7cf1432733831d8c59163dcd97b13db5a8
04_Assets/HotUpdate/Sprites/GameDialog/gameView/Terms of Service2__466dcf19.png,482666,7b65cd3916e67281a89f63ae851a1636f11b6d12c50073a676d59e8c9f732215
04_Assets/HotUpdate/Sprites/GameDialog/gameView/Terms of Service3__93a0603e.png,197168,8adf10e99852dcc00d213ba244e6e8c7575178cf9ed5b2d763a8fcb94092e3a4
04_Assets/HotUpdate/Sprites/GameDialog/hintDialog/bg__95fe7f58.png,41478,13ffb6afea76ca4119326d657b022a86bdda5e94f20b5edd4d67bd3700673222
04_Assets/HotUpdate/Sprites/GameDialog/hintDialog/User__c75b7d61.png,144224,ddf7431f4d7a22065ce762cb91cbc6f883e3c22659e7a9ae61a86c61447cb26a
04_Assets/HotUpdate/Sprites/GameDialog/hintDialog/编组 2(1)__700539b0.png,110799,edcd53dde640f7b4c6c38f67b373b12dfa056c98a9485f1f1efa07c2e1f2e88a
04_Assets/HotUpdate/Sprites/GameDialog/hintDialog/编组 3(1)__b78dae3d.png,32900,7e75df93c617f74f3ddf200172164fc61353bd4879916b6d290fa5ec3c132c6c
04_Assets/HotUpdate/Sprites/GameDialog/luckyDraw/5554__d34aa611.png,475154,147002bf6a3239fee50e41f3c9fe8eabfd5c67d75e60fe19c368c8332413dabd
04_Assets/HotUpdate/Sprites/GameDialog/luckyDraw/bg__7d01abfd.png,383668,0b233e5bc6ad8aa6e3529a4da0fd948655678b74448c164440c6e3e9efa489b2
04_Assets/HotUpdate/Sprites/GameDialog/luckyDraw/guang1__f282b5ac.png,236815,67d0f107ac3cfcdfc4387876a5e014c2d0682b516e80acf028294e1208a2afc5
04_Assets/HotUpdate/Sprites/GameDialog/luckyDraw/money1__3ddb7cd6.png,6780,9a0592b4f847c5274ce4654b25cccb4f7158483b5f947b63478daf0aec9bdee0
04_Assets/HotUpdate/Sprites/GameDialog/luckyDraw/rect1__3892357c.png,11242,5dbee7becaf4b46a61f13d2743b94e4beb0196d5ee46c8110fe8a0c7700d1da1
04_Assets/HotUpdate/Sprites/GameDialog/luckyDraw/rect__fd4a226c.png,13719,2f8d7c1ac38ba6fa39bdef42a02747c9c01e5b4827a05f3c08d3e886f125ebdc
04_Assets/HotUpdate/Sprites/GameDialog/luckyDraw/redBg__3a453ccb.png,844,78549c7f02cd37d860cc6b2ecc27e1b97df3fa733e8327fa6835bc756b1792e6
04_Assets/HotUpdate/Sprites/GameDialog/luckyDraw/编组 4__b602806c.png,16919,ae9387904b628a59220b8cb783b54c1f4d7d8eb7ed358b2aa6464111abf08d64
04_Assets/HotUpdate/Sprites/GameDialog/mergeRule/bg(1)__3c7d8fda.png,32557,88ffb560642b3d3a558345f214e7a5bd313e8cd55305121446b2ac7d16bcd88f
04_Assets/HotUpdate/Sprites/GameDialog/mergeRule/bg1__14348eba.png,30931,7f4de770f420399bb3f4c7a19ebfe041c5bb84c6b3c4d90dcd93b6a8b3945dee
04_Assets/HotUpdate/Sprites/GameDialog/mergeRule/bg__6bf9ce4f.png,1606,5624ebf97a765756a8637523c9ba36823d0aa65896bdfcb31b98be1506e3905a
04_Assets/HotUpdate/Sprites/GameDialog/mergeRule/btnClose__d7ef0d2b.png,733,a6b83d0998b5dd47c21e8ad27f39c8406334f33cef38da5f80ff0b0d8f96671d
04_Assets/HotUpdate/Sprites/GameDialog/mergeRule/btnSure__40275659.png,27809,b1f3e2e751c59bbdb710ab841affec58d9197e0974c1526069bec8b1513b926c
04_Assets/HotUpdate/Sprites/GameDialog/playerScore/bg__b4a10935.png,29785,5676cb2089c22e627f0235487e76ccfd7dd892c2aae9371176f66f78d10ea40e
04_Assets/HotUpdate/Sprites/GameDialog/playerScore/btnClose__13a53c7b.png,733,a6b83d0998b5dd47c21e8ad27f39c8406334f33cef38da5f80ff0b0d8f96671d
04_Assets/HotUpdate/Sprites/GameDialog/playerScore/btnSure__1aa2cd20.png,24584,d1ef23a872a95a072842b945ad5ab43f1c0e59edfee5306ff34d67eb51f79d0e
04_Assets/HotUpdate/Sprites/GameDialog/playerScore/star__811934fd.png,11273,ddfdc9c0b110baec0274cc76088c6a5030750536e7cc4e3954b9f7a4d5630b10
04_Assets/HotUpdate/Sprites/GameDialog/playerScore/starBg__b8dd33a1.png,3185,232dcae45d826808a305ced17ca948bf0c09337dde5a5a22d8d9bc6c804cbe26
04_Assets/HotUpdate/Sprites/GameDialog/playerScore/title__0ed6258c.png,53933,89aed00e798d474a0bdadc64fa1c45eae24d4eb144284b7be9a71b847cf1d511
04_Assets/HotUpdate/Sprites/GameDialog/RealWDHintDialog/bg1__873032c8.png,1339,5cec0ba33a73bf721ecb356f3d237c1de438ed1df3e1c5a22be567faa79e64ee
04_Assets/HotUpdate/Sprites/GameDialog/RealWDHintDialog/bg3__5655241b.png,23931,6a3e72070b3f30f33cd207ac4bd6e94785dd9c5f99a1254b91a7e6faf50b758b
04_Assets/HotUpdate/Sprites/GameDialog/RealWDHintDialog/bg4__c05ef850.png,3903,10a7b66f23366f341f67c4cec1c008f89309828805b5d71c69e365f2390f4d02
04_Assets/HotUpdate/Sprites/GameDialog/RealWDHintDialog/bg__9fa788aa.png,1830,62bbd595982bbcd6e7d850da78c060041b08c9282b92c3e6af573a9f58a5af7b
04_Assets/HotUpdate/Sprites/GameDialog/RealWDHintDialog/icon__c845fb16.png,9282,8bc6d069866caa9335650cec5f46fa63401ae411303a95cc5922b08951cceb4d
04_Assets/HotUpdate/Sprites/GameDialog/RealWDHintDialog/line__708fc69d.png,311,5db1afbea5086364460723ab19de76bb3d90035d08fff0862034c7ecb5b4ec0c
04_Assets/HotUpdate/Sprites/GameDialog/RealWDHintDialog/title__89402687.png,71166,89014d3426280ce19e79c4dda7b40e4bfc406aecc1470ccaf27dff29ff35f372
04_Assets/HotUpdate/Sprites/GameDialog/RealWDHintDialog/位图__9fa58b72.png,6257,fd01b0471fe584d75212de6900db84a6ac4e6db026df909486bb1af5a7c08e24
04_Assets/HotUpdate/Sprites/GameDialog/SettingDialog/bg2__10eaa0eb.png,1508,323ca3b1cabcbfb8673beb7973a117454e9cb0e53801b1d47dd98347355f6c8e
04_Assets/HotUpdate/Sprites/GameDialog/SettingDialog/bg__064b096c.png,29156,2fe05cc48209ebdd8104684cf2d85fc26395248d59b335e29f1259b3d2674e13
04_Assets/HotUpdate/Sprites/GameDialog/SettingDialog/btnClose__27240b2f.png,733,a6b83d0998b5dd47c21e8ad27f39c8406334f33cef38da5f80ff0b0d8f96671d
04_Assets/HotUpdate/Sprites/GameDialog/SettingDialog/btnSet__2b0cdc24.png,7728,9d8cc57485bda788c6fce6a7c45f119a4b0ad77a59acb1e79445b46123080f50
04_Assets/HotUpdate/Sprites/GameDialog/SettingDialog/off__30e3fb57.png,4686,ca9f66a8697137fe5aab4247fafda264dc3efc16c5b825ed5d2a784106e0fda0
04_Assets/HotUpdate/Sprites/GameDialog/SettingDialog/ON__63631bd7.png,4436,1df3c6916c081e8071090d2e4b4aeca7910e397372f9a420eb8054a0d48946e6
04_Assets/HotUpdate/Sprites/GameDialog/TaskDialog/btn__756a3507.png,10642,d7f70f19247d16f468ede38af781d9757dda2884d6c5cf5921a2a04b1260912e
04_Assets/HotUpdate/Sprites/GameDialog/TaskDialog/btnGray__aa1a4abe.png,4935,951a57dc7da3d10d3a2a897f1c7720850b5518f255ee8bf9a2287cf62019e3e5
04_Assets/HotUpdate/Sprites/GameDialog/TaskDialog/btnGreen__876d69d0.png,7651,873bd3b1571d87121614685747611b13c00918d9f6d93659daba684b4053d2fe
04_Assets/HotUpdate/Sprites/GameDialog/TaskDialog/itemBg__a3b71b22.png,6162,0144ca72b270ebd7bb9885e19fa1e0b0512b6d83d8326fe373d1d00b25ed21c9
04_Assets/HotUpdate/Sprites/GameDialog/TaskDialog/taskBg__80cb3d7e.png,67388,6a54f64d21f852b6f57f363f62ef1a03ccb8efc4db8a9fe4bf7940fa6c176d88
04_Assets/HotUpdate/Sprites/GameDialog/TaskDialog/title__83af5b68.png,18476,1419b2692f4c4f2117dec9d842d7cbd7231043d0e9f99433ef4e183c5b2fe9e5
04_Assets/HotUpdate/Sprites/GameDialog/UpdateDialog/bg__5c4b192a.png,3177,6fb8c550bc22e9b1a5a9aece719e6d4b9442bdb3c19df2b1851844be258ef5bb
04_Assets/HotUpdate/Sprites/GameDialog/UpdateDialog/close__c391e010.png,542,63a430389251bc4b2985d2a962ac73b067383167441828c371b6cfc8af8ecb62
04_Assets/HotUpdate/Sprites/good__5b74e011.png,25317,8e8831e8dfbc3aff2dadddd339446581242cca6eb62e577ddd3b08236e7eb532
04_Assets/HotUpdate/Sprites/great__0abeb70a.png,25367,15523c5eeb9656dcb7c3fadc3acb7ec236f906c0b97b59660d335072da51f96a
04_Assets/HotUpdate/Sprites/hand__941330f4.png,19283,a0b39eb697cc8f77efbeedad6554337a59d3c4db6bd5b3b6923de9f13ebf33be
04_Assets/HotUpdate/Sprites/icon_notice__aff557b8.png,3776,45a97c360c6eef05c63ba8411b2a2d55e40f6e635c958fc4f8aaae700929740c
04_Assets/HotUpdate/Sprites/jiantou__87861caa.png,464,161ff8a35caec32b1f3477e361fdb3f28c6d88984b91503cb97fe24a1da88285
04_Assets/HotUpdate/Sprites/line__1896be18.png,199,ebff703082dac5d820004c87e0e10cb3b1035b0f6daa21b64cad3606974ad8f1
04_Assets/HotUpdate/Sprites/loadingBg__1b4b71c0.png,1330031,d791406f8957448112f2841e067b39a6d8e58cd438b353578707e39ab02da965
04_Assets/HotUpdate/Sprites/loadingTitle__e0b3c8ab.png,248827,8d250e78fbd48e582aa04a066a4d4ce4807501a6ba1644b692414d5e97be4d41
04_Assets/HotUpdate/Sprites/progressBar__632014c3.png,2280,edc55e5484adb4c2f84d3f22e2e57df5e7f852b1c4291e121e9692bf6772959c
04_Assets/HotUpdate/Sprites/progressBg__ff5418d6.png,3660,491cbb4e3f67cd127a9f1553a7726faca78f565a9adc88da52c95d750234ea04
04_Assets/HotUpdate/Sprites/Redcircle__4e8c506c.png,1026,c4c1b93563ef17c5162ac80b03d554baf0f11cb4a7aa2db8e0dd2415005326f7
04_Assets/HotUpdate/Sprites/right__7be6c00c.png,4447,6e1f8539b1dbe657e5183f197b5a592c641dae053f1e273ac2e53ee6ba0ac79e
04_Assets/HotUpdate/Sprites/texture/CashPlat/DANA_1__67ac019b.png,10568,a08dfc7a31056c010e5c74f48be6f19fe5435661abcd53c4cfa3234557ee9b3a
04_Assets/HotUpdate/Sprites/texture/CashPlat/DANA_2__dd96d08a.png,12572,959fd2e72927f929cbb87ced876be9dd66c156dde0ea2bda9b5640f043e76b43
04_Assets/HotUpdate/Sprites/texture/CashPlat/DANA__698f2880.png,9496,22647b5376ae942a0f4614ede23357ec3aa1dcaee976c9d0b5cb0abfac093573
04_Assets/HotUpdate/Sprites/texture/CashPlat/GCash_1__40d4ea29.png,9914,7f9aefaf9522d9a0f5339149dafe471849f6a3e987dbeed169fc2f59f487c09e
04_Assets/HotUpdate/Sprites/texture/CashPlat/GCash_2__64061ae8.png,9745,e17a49e6bb6e1396ea867a4a62e0b9421c802a631309a2b1e84afbbef2bbd5a3
04_Assets/HotUpdate/Sprites/texture/CashPlat/GCash__9794bed5.png,6869,ad07ccd008070496bd2adb49722bb0f839d38aa8a176219e5396973aa6dceb04
04_Assets/HotUpdate/Sprites/texture/CashPlat/Graboay_1__1f05009d.png,8981,8214da9ab5248ff4d5fe25a50df8ac3adc2668d85f3a92e25d4ee70bd9910981
04_Assets/HotUpdate/Sprites/texture/CashPlat/Graboay_2__92d78116.png,8874,416d2d03c150a2eab66c5860ffd6a139c785d41393bf71a23c26716caf6d577b
04_Assets/HotUpdate/Sprites/texture/CashPlat/Graboay__6091c02f.png,7027,35efbe29477647ba592f93cb611a15cc29dbb6bfa7f3a16eea48c6f5a13428e6
04_Assets/HotUpdate/Sprites/texture/CashPlat/OVO_1__4acb0f0e.png,12213,26ac619f89eb6e007014d5cc60f5bb45022d5d46e6d0f7857decd254e6cf75da
04_Assets/HotUpdate/Sprites/texture/CashPlat/OVO_2__a8d97225.png,12679,5cf01c01b57fef8e82bcbdbe3fb332275b975c2a221505e61d94d0d26b9977d6
04_Assets/HotUpdate/Sprites/texture/CashPlat/OVO__55cc7875.png,10163,cc0b2e4e162fb040e202f4b225010653973eda3a801e019c4c0b093cdf9c8262
04_Assets/HotUpdate/Sprites/texture/CashPlat/Pagbank_1__9c705677.png,10294,8e4c1a0d8c43b3e715321bd3547957437f82d85e4998d610c79e1f8ee3c80104
04_Assets/HotUpdate/Sprites/texture/CashPlat/Pagbank_2__b17009a5.png,10068,fd23db5f7a3899113e6850cd46f86d5475f443fac202956193e4cd46eb3b0e54
04_Assets/HotUpdate/Sprites/texture/CashPlat/Pagbank__377973b1.png,8220,5e9482ba3557170928b87abd13092660bb6d150a626a5014b048f8c0a5f9a719
04_Assets/HotUpdate/Sprites/texture/CashPlat/Paymaya_1__0e4ce643.png,6322,71a3d2e2147676285deb88bc80cb5112099d3170c153c731e58821464720e497
04_Assets/HotUpdate/Sprites/texture/CashPlat/Paymaya_2__b5ba64b9.png,11504,850e6f6c125e8e7d67491b2b0dffea91fb623eb6a56e06a810f04db55f096502
04_Assets/HotUpdate/Sprites/texture/CashPlat/Paymaya__43c51b38.png,4934,d1415ff2738457a1e6e14ca2236e81d3d246a57713ab2f46d73dcc52bc0ef91b
04_Assets/HotUpdate/Sprites/texture/CashPlat/PayPal_1__2a453ae1.png,5154,ca30794cfd86e0be712f010f2bceffd0a2b5351703da4ff1b12b986add40bd07
04_Assets/HotUpdate/Sprites/texture/CashPlat/PayPal_2__670f5856.png,8438,4ef409d04e97eba70c68bdd0c8189d33b479d5a0b333640f8710fa7e4468d759
04_Assets/HotUpdate/Sprites/texture/CashPlat/PayPal__b7533d81.png,4334,08f96da4bf213ba639049ea53028e0de39e6c235bfe963c8474ba2331d1b6978
04_Assets/HotUpdate/Sprites/texture/CashPlat/PIX_1__668866c3.png,3628,f64b05f2d00cfd5e9c3aa3074caed50666b33fd79d4cdeae4a857c8610014731
04_Assets/HotUpdate/Sprites/texture/CashPlat/PIX_2__256a3042.png,3940,840ddc24a4bec9c75b0e826050f19a37c02d5740518a63510c29b13caa4b761f
04_Assets/HotUpdate/Sprites/texture/CashPlat/PIX__0e412bdb.png,3972,c0c7e19f81e3247d1c7b08fc1dd955e6fd4d8657e95e0fbaeddd00304c39ce97
04_Assets/HotUpdate/Sprites/texture/CashPlat/TNG_1__4c44e139.png,6275,b2cf9dba9a382aa5bfbc2bceb8db289a63d8440d6375d5b7e5bb19cb364d72fb
04_Assets/HotUpdate/Sprites/texture/CashPlat/TNG_2__0dcb2924.png,6427,153a60a0227aad9d8e3557617c1e4f543d51d7e2d8d643d132431ede73bebda0
04_Assets/HotUpdate/Sprites/texture/CashPlat/TNG__1ff5a8ff.png,6771,5f95bdc9cede693f11d6368c9edb50f4d97ee0f55a0571f0bc47ad7527cdbed5
04_Assets/HotUpdate/Sprites/texture/CashPlat/Truemoney_1__d7c18b35.png,5106,ba62a072ee98d7c148a7111fc7b3e6dabecfec6343fb1d23110a94e211b74ac2
04_Assets/HotUpdate/Sprites/texture/CashPlat/Truemoney_2__b6886899.png,8337,7989254ab0655b1a48af117a6e2edbe4624847deb1bea115de39e6c14cd6b6fb
04_Assets/HotUpdate/Sprites/texture/CashPlat/Truemoney__db04e71c.png,4903,7588932accf3b02ba7b8493bee738f32ef0de7f9a116968407e7faaf27fdb993
04_Assets/HotUpdate/Sprites/texture/CashPlat/ZaloPay_1__abd30034.png,5024,0e40c6a4ea6e8e0d837fa5514b71d86d9b91fbc7f9a588f228b6461fddea8834
04_Assets/HotUpdate/Sprites/texture/CashPlat/ZaloPay_2__85709379.png,4614,b56ee242208b92b7ba1324422be7162464a27855374da3646e614413b0d023b0
04_Assets/HotUpdate/Sprites/texture/CashPlat/ZaloPay__97ea5f30.png,4930,0480198250f6f6504d4ed573afaa0b3f2b2dab934f138f555fcd62d8c4c3e49b
04_Assets/HotUpdate/Sprites/texture/coin1/0__9a3e5b4a.png,12656,bff82813e258dfd35d1c86b1ffe850d8eaea5a108594b1e4683973c9b334469a
04_Assets/HotUpdate/Sprites/texture/coin1/10__d23df686.png,11950,8d1ad6191c3cc46f38bbfaffc1f794283cf61102414f76ce1411dd040f2b847f
04_Assets/HotUpdate/Sprites/texture/coin1/11__777a2afd.png,12171,02671dd867fdf297ec8f94edb0231eb656b47060a3da7d963d51a9deb9fadda9
04_Assets/HotUpdate/Sprites/texture/coin1/12__72f29b23.png,12585,dce529332d6aaba616957210dcf78c4264f85017d3a16fd110b4a4a5afefdd48
04_Assets/HotUpdate/Sprites/texture/coin1/13__030e29d1.png,12908,8dbeed82811427832270aa0954071e0a44239c691a83b70b07e958cefdb68303
04_Assets/HotUpdate/Sprites/texture/coin1/14__ab02ca60.png,12155,b181a552000fb3cda4c0f139ce57e96777023a9725f25ab3654689ed573d317c
04_Assets/HotUpdate/Sprites/texture/coin1/15__1128dd07.png,13041,41c3560f9af4b8c08dc3f1b34cd1028fc58722c7ce15e56c782328750224791d
04_Assets/HotUpdate/Sprites/texture/coin1/16__eaecd00a.png,11599,17ede1c0980de2ca41921cd6dc9b182f0a101568bcbc4bd4160c7b0e868c33ce
04_Assets/HotUpdate/Sprites/texture/coin1/17__60db266d.png,12697,22fba31de88e3727d9fa74d3ae25d92901affe232a465d78f3a48c789a38da98
04_Assets/HotUpdate/Sprites/texture/coin1/18__dc5ae5d1.png,12631,fc68115888fd37fcefe3e7f92c8d991fba01317c5a754d1d7082764920a6e34c
04_Assets/HotUpdate/Sprites/texture/coin1/19__174415aa.png,13147,ff53416d67f43f6aba8c6a4529c5a7f58d26a6d6ad3fb18a492d8f1b316bd67d
04_Assets/HotUpdate/Sprites/texture/coin1/1__fd275d3f.png,14186,667fd7efce57fb0a402225bc045b4b89598674352a81d9dc8f9f14544a80b69d
04_Assets/HotUpdate/Sprites/texture/coin1/20__6293e35b.png,12588,afb9ac8d2e7a4aec0c1d00f7f2c012412131c4b660a164e5941862e64cac9640
04_Assets/HotUpdate/Sprites/texture/coin1/21__05fd460f.png,12397,ac11f5f555113e0aebdf51bd1a0b73529367c508ec4d5de8b8173d332e66bdd0
04_Assets/HotUpdate/Sprites/texture/coin1/22__faef2749.png,11923,46385bc3c51c1997ac846c433b81fac5711b6c112bde9ee54ae0274c9acb4456
04_Assets/HotUpdate/Sprites/texture/coin1/23__bca1aeba.png,12384,d96f3f3a23f7facc5a027274edb8712c242e3f3fbfe2b6147db3bd244de6ada1
04_Assets/HotUpdate/Sprites/texture/coin1/24__715b5ba4.png,11280,49636d90507c20bdd1c20d67907022cc85476f7ead6419bf1d1db4186c58a30a
04_Assets/HotUpdate/Sprites/texture/coin1/25__5e6f4801.png,12009,50118bcfaecffbbd3ae69de29ac0cf37d6d7343bcec880f0ac57f44f8fa5cfbb
04_Assets/HotUpdate/Sprites/texture/coin1/26__b849ea33.png,14270,7f0538e95c252096e373557760ad8046a407e266f4694a01b009083ca1cb1ecc
04_Assets/HotUpdate/Sprites/texture/coin1/27__9748eca2.png,11611,5dfd60195cd88e1110a896c1d29e627802c14feed5e4071685041d2b14fe8d8e
04_Assets/HotUpdate/Sprites/texture/coin1/28__ab3878e1.png,11611,8243477086394d30107209f623f479c962aca5fdc0578663362ad0fd713c29fc
04_Assets/HotUpdate/Sprites/texture/coin1/29__cd241e5f.png,14376,f06e7127a765d6cf4b8ccb2fd3386ed80d98301c411682f8b300a662cba67df3
04_Assets/HotUpdate/Sprites/texture/coin1/2__0d3df2f1.png,15135,aeb480ba01e39d7708c4ae9dab95eda6634a69ca1dd0b2c6bc8469052edbf4f0
04_Assets/HotUpdate/Sprites/texture/coin1/30__6cde03c1.png,13121,5f35035cbf358f5cb95a1d40798ab62d0ee1a8cbb4f78aa94a4726933925b010
04_Assets/HotUpdate/Sprites/texture/coin1/31__c09f78e4.png,11721,ea2779b7b7d12306ce338e5059daac144aba42157c830f3ff3bd23e4bd73377b
04_Assets/HotUpdate/Sprites/texture/coin1/32__28e38d7b.png,11000,55c15b4b1bf9c841b5a52ee379d47f1742897944b7c45ff3717bc3df61d6556a
04_Assets/HotUpdate/Sprites/texture/coin1/34__28f2d3c4.png,11766,1c0786d5e9ff2e1d3efb0899d18b2b3c557c63845556f5de1316966b2829e6e0
04_Assets/HotUpdate/Sprites/texture/coin1/35__0a37e04e.png,11103,3fbb7e4bf40ee1192a733957f4c6a2bd6c2b94c88de8a874f3f2cf068bc65aea
04_Assets/HotUpdate/Sprites/texture/coin1/36__cdf8a7f5.png,13041,41c3560f9af4b8c08dc3f1b34cd1028fc58722c7ce15e56c782328750224791d
04_Assets/HotUpdate/Sprites/texture/coin1/3__392b04ed.png,14140,132cdace88074f61b575a798c65be56867a9f10d33b32b0578dcb804e5750b08
04_Assets/HotUpdate/Sprites/texture/coin1/4__8b810e6b.png,12891,740188dc3d54bac39ff8295539087179bb7a790a8e524aa6de41717260b130ef
04_Assets/HotUpdate/Sprites/texture/coin1/5__88946f5e.png,13020,559dc3ae5c02b281023837bae4ae5d44ee2c077bb108cfee41f3862b14cfbe44
04_Assets/HotUpdate/Sprites/texture/coin1/6__0775da32.png,14375,cfbd7a059bd4ae628cd081db6d4b506971d9e534a681fcf582b741f46094cfb9
04_Assets/HotUpdate/Sprites/texture/coin1/7__a13448ee.png,13552,48c9c558bd2a88a1a7e044544480848afa02b262418c3197df6964e11501acec
04_Assets/HotUpdate/Sprites/texture/coin1/8__5becb456.png,11994,4cf7ad69cdd661c263b8f0557b410043514a9ee8f08bf0910f4fab084a66d89f
04_Assets/HotUpdate/Sprites/texture/coin1/9__22bf6a78.png,13568,6e6d274c9f03be0268231a6a584b068480c71c2853e15b412a41cf398829baa7
04_Assets/HotUpdate/Sprites/texture/coin2/0__a36306c2.png,14382,4dd15e45c2f56127721c6ee0788e92b7654ea650e6e60addb7e7ad2d8fb10ebc
04_Assets/HotUpdate/Sprites/texture/coin2/10__b53efe43.png,18192,7332c4e826f4c99793c0769391a2c73078f3c4121fe43076b34debf414affc3f
04_Assets/HotUpdate/Sprites/texture/coin2/11__0a242cf0.png,19462,fa3534b90bb9fb92491894b8a10076dc6c0a465c8db73e9e3f964c49102e2b8c
04_Assets/HotUpdate/Sprites/texture/coin2/12__a5d2eda4.png,19927,6fedb0b5c8b3c76d576f1171267151e9dd4bf5581670bc17cbf7af850d040ad7
04_Assets/HotUpdate/Sprites/texture/coin2/13__22e21797.png,20429,4108e574e32c5f5260e84b5f62563009eb71c6f855284df9b1bdcf7058f193cb
04_Assets/HotUpdate/Sprites/texture/coin2/14__3f3a4e01.png,18869,dc0eedb1f8d575c950e8d1bbf909f6f1875bed031968379f1f40efb25719b4e8
04_Assets/HotUpdate/Sprites/texture/coin2/15__06c65f58.png,20244,5217f7a2e8f85b6a1f242ce46d55086b85e76bc51bc4240956b1177193ed3528
04_Assets/HotUpdate/Sprites/texture/coin2/16__d462ef0e.png,18507,45055d535f178165443fd1d39074bf94c3c3f0992a0a0152603d08e69414655c
04_Assets/HotUpdate/Sprites/texture/coin2/17__715cbe8c.png,20451,a8e7f4255328f61a62fed2fb877205165756bd29078bc298d96aeb411a9d03e1
04_Assets/HotUpdate/Sprites/texture/coin2/18__8040c24a.png,19910,83fbbd8170cd58bfbeba465f474f7d504122e12be9452a2b47ab178d294a8b8b
04_Assets/HotUpdate/Sprites/texture/coin2/19__858ca62a.png,20227,79062d439c193dd1c1a78f6309efc785670d07c7f6302ffa8e6ff7b0e760142b
04_Assets/HotUpdate/Sprites/texture/coin2/1__6a870d74.png,19994,71a9f5449554970e5b20685abbcb158f1468226eaf830fb414e8028c391b1b24
04_Assets/HotUpdate/Sprites/texture/coin2/20__5a3ef3a6.png,20315,26de7724b33d0efc0b382b8ccc7292c90d61aafefb4e5479afc967e984037b0b
04_Assets/HotUpdate/Sprites/texture/coin2/21__85928628.png,19419,b00b75913b08a9909121269a197074130f8e79182a921ef774087a66e9b0febb
04_Assets/HotUpdate/Sprites/texture/coin2/22__ba87cb10.png,19143,bff050e219e0f7dafc1a7341ed2afa0954152e571ccff80163e2a7f3ec908011
04_Assets/HotUpdate/Sprites/texture/coin2/23__2d5526e4.png,18612,c447603d8acd9bd8eed06e89bad59fa669ad37813b7290e36df8a14f66c764ee
04_Assets/HotUpdate/Sprites/texture/coin2/24__30403932.png,13470,7ffb093c4c87bb4e5a88e882c82016837c8559194eef7301ead64f3497e9e82a
04_Assets/HotUpdate/Sprites/texture/coin2/25__11731d9b.png,12585,cc5467e6ffeae00259ba4e5ebcd9930ff9ef12cbb753353a9b50a3c4d773279c
04_Assets/HotUpdate/Sprites/texture/coin2/26__dd9b8469.png,16749,839391cde7ce8589db327983078048cb35e2214fb7a066f2ecec51cc047206b3
04_Assets/HotUpdate/Sprites/texture/coin2/27__c214bd81.png,15367,a1fb028a16ca8f8c5598544f8b6f7c5be1d19f26e3e7edd399434817f5162519
04_Assets/HotUpdate/Sprites/texture/coin2/28__7c753772.png,15498,5967a43f20bd7c0a507d071010f876fe3057b932330e801c427409e5c418836d
04_Assets/HotUpdate/Sprites/texture/coin2/29__2aa7ae77.png,16824,4e39a6eae87b2b4fef3e5050bfbac76ded3af1c1ffac8c2b91b6bd2556f99ddc
04_Assets/HotUpdate/Sprites/texture/coin2/2__f5c8858a.png,19624,f3bd5525f508f29a1d183e5e4de6627d074cd6fd0170ee2eb081799e6825adeb
04_Assets/HotUpdate/Sprites/texture/coin2/30__bc6791ed.png,16641,e839417421a782dc0bcf8e3b0d8ce7f3ff120ec2d1bfddb6148855252331ed60
04_Assets/HotUpdate/Sprites/texture/coin2/31__25d357f2.png,18515,35b7c61be5414a85582a73116477130ee3dd20cd560f04c1e847cdc1f0d6ac4b
04_Assets/HotUpdate/Sprites/texture/coin2/32__31dcc6cc.png,17710,79e2e7ad27ece19660a0401b2354f1789db26456a9fbf37f8f4d59567244a8fe
04_Assets/HotUpdate/Sprites/texture/coin2/3__6ded56e0.png,16581,242151615c86f4f3a9969a7d2e02df37ba12a2e60ea16336f79110b686507209
04_Assets/HotUpdate/Sprites/texture/coin2/4__5e4993ed.png,19181,2a86237c579488ac6612539769ab9fd942492173bd31deef89461abaf6f168d9
04_Assets/HotUpdate/Sprites/texture/coin2/5__d878f612.png,14567,b03a459d05f4952f6793dfea634ca3a0a3ef91243ce1a0e30f231f05e0b1a28b
04_Assets/HotUpdate/Sprites/texture/coin2/6__204c7531.png,16664,9f39df8167daeeb3e106d04504214f637a93d701a959a53a5478836ca1332f3a
04_Assets/HotUpdate/Sprites/texture/coin2/7__0f84349c.png,20109,c0a8246cb3790412ec0ba1fd20c58d7e8ade33ea9895480c3d1d8c58805c2e2e
04_Assets/HotUpdate/Sprites/texture/coin2/8__2b6f8e1f.png,18944,e742eb12a0f37996e40086ae947fe4aa3c3a10403c361c16d1723ee75747f32c
04_Assets/HotUpdate/Sprites/texture/coin2/9__bc77f079.png,18431,d7041ab87a833b40d09e9808da3c7d7000289e38eb4836a65f4d057da0ee6d25
04_Assets/HotUpdate/Sprites/texture/coin3/0__c720cde9.png,70744,f17211e99bed6cb62226e94ffc4d8b42503b0cae7e65303ffa2df3be000f4fbd
04_Assets/HotUpdate/Sprites/texture/coin3/10__2ab8775f.png,31208,dfb24967e3341c2c02b8d326f24b0fdd10559241c14de160e140b632a9756535
04_Assets/HotUpdate/Sprites/texture/coin3/11__0f580ed0.png,32986,6528000619d9c4b76a3c52167a85abe201b31d559cb4ebe722ed46fa3d282868
04_Assets/HotUpdate/Sprites/texture/coin3/12__4b86257e.png,34532,ef9ea30200d386a6f7d1d66867317b6348295862781914f55b389dea37f7a49c
04_Assets/HotUpdate/Sprites/texture/coin3/13__e51ef2e7.png,31655,2eb9742f60160040b011e4c60dac2a4059c851d8b16e7dd96a5c37fabcc2a8c2
04_Assets/HotUpdate/Sprites/texture/coin3/14__4c078731.png,31670,d3c3cd4d05e302d2bb0eeaf8b337a36bd932229e9076017772b9a05d0d38e867
04_Assets/HotUpdate/Sprites/texture/coin3/15__5bc559b7.png,34967,4fb7ca5e343f7528cdb6757a73c3def91af986ba3abc8c380a8356857d624ba0
04_Assets/HotUpdate/Sprites/texture/coin3/16__77c9a2dc.png,32300,85f0de352f00103fe9aef8b35c3d4dbdb6567f44c11e0e77be5a9869e936140a
04_Assets/HotUpdate/Sprites/texture/coin3/17__3b65d51e.png,31850,69caf4d0a165aa4c8cdccdf0dc258addd7ffebc1343a59ec6cea99e8d076a103
04_Assets/HotUpdate/Sprites/texture/coin3/18__abebc1f4.png,32529,efcffc5a5733fe61297730afe54fb3048113317af7d8a835b6410fe55c74909b
04_Assets/HotUpdate/Sprites/texture/coin3/19__657f993a.png,34801,f9522d8efeb35a722612fa5395c4386fdd159e15b06a17bb194f00a2a21d6499
04_Assets/HotUpdate/Sprites/texture/coin3/1__4248892f.png,73538,ebee0837851c915cc2f001d9ba9f84137ab063c928656d2510ec203056891063
04_Assets/HotUpdate/Sprites/texture/coin3/20__f0c29e65.png,32885,63f1c7fbfb4fc16a63614e856a86ac71302ed77475f8b95b3e6dc5a709353d19
04_Assets/HotUpdate/Sprites/texture/coin3/21__7f84677c.png,32511,f79ced11e21a3cd9b2e116c13f7a0bd54a0c70ced7d03ca432b22462e002f328
04_Assets/HotUpdate/Sprites/texture/coin3/22__55a63745.png,32880,cdf4e1c904e9169d8d29a79c1e4a17f462ecc87a56524230ebe678fb62075d03
04_Assets/HotUpdate/Sprites/texture/coin3/23__3ea126e9.png,32971,cca6436ac3508a26476c4a02913651262fceec93ca42d2b82b2ed4573f3a4893
04_Assets/HotUpdate/Sprites/texture/coin3/24__f8703baa.png,30629,92f72abd01d7d9b9f14c5c31ff662cdc08ea5b60124fb1e99c1659bc1ad3fd8f
04_Assets/HotUpdate/Sprites/texture/coin3/25__9d8d7d1a.png,35130,422b6721d1b0dfd6a5505258b05d7d08207ce9b6163ac2da60dc0c2b18e6d296
04_Assets/HotUpdate/Sprites/texture/coin3/26__761dda6e.png,33034,d007c5dda212778df2b0e6a3cc2e763c63b419d92327a9aef3d3bdcf1fbbd050
04_Assets/HotUpdate/Sprites/texture/coin3/27__a92721de.png,34363,2fe5cc6c8e8ade4b8747b68e5767030fa785c9c43d7091f7a6e7a24f9c84e9ff
04_Assets/HotUpdate/Sprites/texture/coin3/28__264aa8d2.png,34023,ff2251e5a9bb2319b668540c51a8297ff01dd452f39a68eb2558d3dbd1cf4f4b
04_Assets/HotUpdate/Sprites/texture/coin3/29__8814a10b.png,32914,d1702da1a0d1b0a877f5ec177619bc633b63e7fbcf42cbb9b5101fe4af798a34
04_Assets/HotUpdate/Sprites/texture/coin3/2__092b1a93.png,32979,1a4ace8f453ea8c48f7585a096d6eb52e9b87bfabaa08e1894bb57bc83834441
04_Assets/HotUpdate/Sprites/texture/coin3/30__7828027b.png,36459,a58a570d6fb9b5e01cd572938d891cbc94661d105a9d2255633980c6054e1f20
04_Assets/HotUpdate/Sprites/texture/coin3/31__16c370db.png,32466,45c7bd24ad5d028893fb6a43d7258454bdf2e52b1eab6d6599f0b8bfc5e43663
04_Assets/HotUpdate/Sprites/texture/coin3/32__7259aec6.png,30883,bddf445985ca65049f7d9f2e2f95c25d90e5ed114e0885266a21929fb2b09f87
04_Assets/HotUpdate/Sprites/texture/coin3/3__f5ce2478.png,37878,e1c8ea4f133ab6bb85ee7f430586998d54d8a6b7b1d2d7390ed5e92f459f7474
04_Assets/HotUpdate/Sprites/texture/coin3/4__832d981e.png,33568,5d9eabdea90ebc83b9a35680adaa2e3d7cab196ed5ec7e17ac583ef1ce17884a
04_Assets/HotUpdate/Sprites/texture/coin3/5__ccda82a2.png,32016,1de44fa56d457df3299a5e47419aa0919d2e26c53333e42c12fc9a1ec44cd6eb
04_Assets/HotUpdate/Sprites/texture/coin3/6__a7f3b3ec.png,32825,1ff4c260d89cad61818c660febbe11c503edf80b3321eceb50f29ec2aad3821d
04_Assets/HotUpdate/Sprites/texture/coin3/7__0ee794a2.png,34146,43600230138395461ad32519a4fc5a06049e05282c8e82e357075db7402f5571
04_Assets/HotUpdate/Sprites/texture/coin3/8__c56270ee.png,32956,04b87a192266caa85c9478cd4c426a54d0ba93f39ebb36f5f6a7872c3d868c32
04_Assets/HotUpdate/Sprites/texture/coin3/9__d4037ba6.png,34325,647c8959c39068b77855a3a373aea35a0caa7b747fc086d5236a42cf9873f9ce
04_Assets/HotUpdate/Sprites/texture/platform/amazon__90bf3407.png,7827,3edaa282c8d740d6d5f040b4f1d05dba8bfa507ff061e534674c318ab36339f1
04_Assets/HotUpdate/Sprites/texture/platform/BBVAApp__92d63964.png,10330,b529e9c8a83331683d82d7b4a0b0452800220eba58a2efdbc5a0695da95388ba
04_Assets/HotUpdate/Sprites/texture/platform/CashApp__3539e574.png,10554,b7de9ac82b88e688070ce240c5906c2888b4ee962cf745ffb6d1ab7146e0c8ec
04_Assets/HotUpdate/Sprites/texture/platform/DANA__4579fefa.png,21074,edd256e9dc94aaa708d3d343f0d35348f75bbbec7c3f554d6165bbc21b16ec4f
04_Assets/HotUpdate/Sprites/texture/platform/GCash__6569d348.png,17102,b15bef3e7ee724920116d0d3955667b1a5d761b8ab3186b89c280b68585cfc48
04_Assets/HotUpdate/Sprites/texture/platform/KakaoPay__8eef2c72.png,7970,9cf9ec0d9e9d11820f7bb77e4a77afcbd17fc5f98885194120fe94ada494dc27
04_Assets/HotUpdate/Sprites/texture/platform/LINEPay__7f84f5e4.png,5421,cce45b0f1322beb253e78941e92d275766a09a80f80f4be09407ae00c73cf78b
04_Assets/HotUpdate/Sprites/texture/platform/mastercard__49b122e7.png,7312,a965052388bcabbe4e740095b1f9410f642f3758d3bde1760310f8688d14a8a6
04_Assets/HotUpdate/Sprites/texture/platform/Maya__25ceb86b.png,7279,e51aa346df107af6239f999fd7df30d6fc642fe2c92e625e85d973ff8f8bce32
04_Assets/HotUpdate/Sprites/texture/platform/MBBank__1936bdd3.png,8902,698ca9f7d0587ffc18111d9093786cc5693bb4dcc848aee630f3d90ac6fb7cba
04_Assets/HotUpdate/Sprites/texture/platform/MoMo__128dec14.png,5406,3da9ba9f9880d11aec455a2e562332173b52d1a45206cbd1b6f75c1ba7960dde
04_Assets/HotUpdate/Sprites/texture/platform/NaverPay__de151b2e.png,8423,593120f3c1e1881d5923412aa1b9be4db5a3ee6bedefbae64a2a147e905015ce
04_Assets/HotUpdate/Sprites/texture/platform/Nubank__fff0bdbd.png,6471,3a248ef4562ca448b021e92ea26bee01f0399c5cdc45920a71cac04db3865472
04_Assets/HotUpdate/Sprites/texture/platform/Opay__151b1f43.png,8342,49fac2875101d753f8c362f54df9e56508bac7e852fc44361936261adc52aa6d
04_Assets/HotUpdate/Sprites/texture/platform/OVO__89421516.png,21255,03840b9c3308efca6cf1a677929e31fe2c1c281d1151c5311434104b308215e8
04_Assets/HotUpdate/Sprites/texture/platform/OXXOPay__0c92658b.png,9311,0beaef9320b457f4ed7eb09590aacf77679e6402e2c0d2fee5518ff239cf4eca
04_Assets/HotUpdate/Sprites/texture/platform/Pagbank__1df1d9fb.png,19804,be041f600274ef4afa59d7554c13cea403d1b9327d8074435b01ae7acf1c6dd6
04_Assets/HotUpdate/Sprites/texture/platform/PayPal__09e37d60.png,7970,8eb68fc614941823bdfe60790c8b34ebc55bebfd0dbf20b2a77fa328332c9dd6
04_Assets/HotUpdate/Sprites/texture/platform/PayPay__81669a36.png,13502,030dd489034ddc47ee97a87560f6f4673b8b6aa84afdc142d363d26d0fb025b3
04_Assets/HotUpdate/Sprites/texture/platform/Paytm__195e80d9.png,5023,f13e509eea12bf4ddda2d682f59524630fa579e0a182eb0dba2fc7c21c4f9971
04_Assets/HotUpdate/Sprites/texture/platform/PhonePe__f47746ba.png,15137,be15dbce615a0e83723dfceec8dcb7e6ec83271ffd3d802565de03432d5a0e02
04_Assets/HotUpdate/Sprites/texture/platform/PIX__b22f8898.png,7287,5dd55aa9d6942980b6a8d1f38e5cf56b0efec0bef1c2c0478ac4d9fd0c8e1f65
04_Assets/HotUpdate/Sprites/texture/platform/QIWIWallet__999ce578.png,9322,cb486b159ae9d242e7212e15c0af0b639f641108db3c55d4fc61b6886cba548e
04_Assets/HotUpdate/Sprites/texture/platform/SamsungPay__768bb702.png,19217,ea600f96b6aa228d349bda75efe031edfaf51597094cab00e998c5d73d060236
04_Assets/HotUpdate/Sprites/texture/platform/SberbankOnline__f9235a27.png,8076,5da22fe123e3436202770864387c23fd7db859e3b262f1857be5d86657690ec7
04_Assets/HotUpdate/Sprites/texture/platform/ShopeePay__76e6b6e5.png,9287,320cf5691599892b6edc1123c496741e40d71affa91355f38b3912c3ba3ef23b
04_Assets/HotUpdate/Sprites/texture/platform/SPEI__137a80a7.png,8838,d249cd98244b93ed8492d51d2b9288c29bd85eb496bc694c7bbce93a80b6c685
04_Assets/HotUpdate/Sprites/texture/platform/TinkoffBank__9394a752.png,5273,20f329fd659d95cff6daaa16c0b8b90caad1a22b78bfd0862e132d44a76f8fed
04_Assets/HotUpdate/Sprites/texture/platform/ЮMoney__21be8783.png,7328,3609212379d05504fe92021375f7b9923940a0103dbca26fe3734d7d45d33748
04_Assets/HotUpdate/Sprites/texture/spine/AnNiu_TX/AnNiu_TX__7a3a740c.png,92005,f37c312759f0c42c611722447c18d3b31220028786bfa603575afb83f1747259
04_Assets/HotUpdate/Sprites/texture/spine/CaiDai_TX/CaiDai_TX__dab09611.png,23046,8c12f4bf84ccf0c423f2543964a25799e30a329e034d8341eb4941287006292b
04_Assets/HotUpdate/Sprites/texture/spine/DJB_TX/DJB_TX__7fdfb107.png,169988,634ea40589f28abdfabd356f5e554bb20253950c386f5c1c9fcbf48a5c476928
04_Assets/HotUpdate/Sprites/texture/spine/GuangH_TX/GuangH_TX__ce98abd4.png,652454,d18ead10956397286fc402349b8f4d0e7368bf573e8c6b7fc3c1f086169aa7f3
04_Assets/HotUpdate/Sprites/texture/spine/HeChengSM_TX/HeChengSM_TX__4064506d.png,164196,8d25f283bdaf79278122f48eb516675b5098a85e599be3ebf7b09ee302d9885a
04_Assets/HotUpdate/Sprites/texture/spine/LaoHuJ_TX/LaoHuJ_TX__6677c3cf.png,256267,4fa8fe16337b11de76f262a3b6d1add801e266e8c2e1081cdf1026800aeca7e0
04_Assets/HotUpdate/Sprites/texture/spine/loading/loading_4__7320bc80.png,4283,da4f7e13d9d63e30bec7afe45351a3de78ee5fe2905a01f199fa158af8696949
04_Assets/HotUpdate/Sprites/texture/spine/ND_00/ND_00__1105fa04.png,14022,76806ad1b4de7d1c8e280c016788e64154da000636fc9e3d8f9d6a55d3d4e3f9
04_Assets/HotUpdate/Sprites/texture/spine/ND_00/ND_01__63aa34b4.png,6952,e0fc1193970bb67258e0e9b7cc4e767b60c8f150ea197bad87cab577185af27c
04_Assets/HotUpdate/Sprites/texture/spine/ND_00/ND_02__f16d5591.png,8919,21c953d806330f0155b94331dd8c3ccc771a0e43b5502f81977a40d27b7ae280
04_Assets/HotUpdate/Sprites/texture/spine/ND_00/ND_03__dc146e04.png,8131,9e9f0da72f0a6c60f1f80ff7e7c73e40064a47ef2906888a82a24a5c39f3e327
04_Assets/HotUpdate/Sprites/texture/spine/ND_00/ND_04__2eae9c8d.png,440507,cf98562ed87f9879120bf9ab5463048cf8fd583d58bb7e70d453914cb7e4605a
04_Assets/HotUpdate/Sprites/texture/spine/PiaoDai_TX/PiaoDai_TX__654bfebd.png,20407,1b7dda12158089e285a345b77508d01592dadf928125bd6a0bc165d592ae4679
04_Assets/HotUpdate/Sprites/texture/spine/PZ_TX/PZ_TX__7752fe18.png,9217,7debdea19be4e70b4282e447a269a56aa3281b88b42348b553384fffe7d45517
04_Assets/HotUpdate/Sprites/texture/spine/XX_TX/XX_TX__31183d22.png,555588,764e1747d0f6a2b58530dc09f9cefb077f9d9634f3702ec7c927f3eb5538cfe8
04_Assets/HotUpdate/Sprites/unbelievable__c732aa1f.png,41628,7ad4922999f5bb6ef75539cd8f09f3eb22cdedb2080cbe08c5737955f1bd5810
04_Assets/HotUpdate/Sprites/wujiaoxing__598c0c0d.png,4356,0d88a8b716222353fb7b391cc958fcf83541d14e1a67b632d2a1042cd4a916bf
04_Assets/HotUpdate/Sprites/矩形__4c3eb705.png,4392,d757d6b930383260f1e7026950f7bc7364047a99cefb5a974c9c0b28c37999df
04_Assets/HotUpdate/Sprites/编组 4备份 5__284583c4.png,3004,2b62129dc2f1fc4b902946fa05905c228df195656dce894aa8212a4c022f32b3
04_Assets/HotUpdate/sprites.json,221780,29c423b13b550d654f4212ccedccf9967749a19707ba8be8da4a45517ea1bb78
04_Assets/Packaged/aliases.json,3769,c298377a2199ea70af5a98f6491fd77dbde79d629ec88bb7cf9d908f5575c038
04_Assets/Packaged/animation_inventory.json,2,4f53cda18c2baa0c0354bb5f9a3ecbe5ed12ab4d8e11ba873c2f11161202b945
04_Assets/Packaged/Audio/Audio/BG.mp3,574965,cf81bd19771b6c9bba884beb56e342ada7c0479597b93b32758125da34d9e816
04_Assets/Packaged/Audio/Audio/button.mp3,809,45932c2d4114cae1b8b906769a2329eb9050517db1fb3faf1e948dbdd2b66c33
04_Assets/Packaged/Audio/Audio/floor.mp3,4451,63dc457501bd541641966951fafe1cf5ead7b6cc03ee242e4d7bbde9b7734c30
04_Assets/Packaged/Audio/Audio/HeCheng.mp3,20752,55b8ae8e5f2a27fcd2087347c4761d41d3da7295f049d69b2b9587f171a9b0e8
04_Assets/Packaged/Audio/Audio/HeChengZuiDaYinBi.mp3,88461,1a7432177c81a449c85daa0d500706fd1c1d991fe6e072cebe5b7a9069234475
04_Assets/Packaged/Audio/Audio/ShiBai.mp3,10094,d9aa3223df0d777ba0813d6f90c242687b7101b770d09c47920e9800bfd36551
04_Assets/Packaged/ContactSheets/page_01.jpg,222095,bd622d1722a5e1e0c5767dcbdaffe18ed34418f422bca1817785640da893daea
04_Assets/Packaged/Native/00fccf83-940d-44aa-993f-b9dcfcdb9547/00fccf83-940d-44aa-993f-b9dcfcdb9547.e40db,2069412,be3d048ffa3366c5d28dcdfe30ef784f9a4f906219a110b4e85ec4e3a010fef3
04_Assets/Packaged/Native/01ca532a-0123-41b6-9823-3286cd337550/01ca532a-0123-41b6-9823-3286cd337550.ac820.mp3,88461,1a7432177c81a449c85daa0d500706fd1c1d991fe6e072cebe5b7a9069234475
04_Assets/Packaged/Native/0275e94c-56a7-410f-bd1a-fc7483f7d14a/0275e94c-56a7-410f-bd1a-fc7483f7d14a.cea68.png,82,83c9b8ce1937570a40bcedde29457a4ab7865ca1db23a46d2d68e6b1949f3c28
04_Assets/Packaged/Native/050e749c-78c3-46d1-a66d-7288c7f514db/050e749c-78c3-46d1-a66d-7288c7f514db.c924b.png,63952,fb399d459a69964fcb9a00e8e74e094dd115eefc9b6ad7aa0c6c66fad81360a1
04_Assets/Packaged/Native/0882284f-c97d-49d4-9405-94a3d4bc0dc3/0882284f-c97d-49d4-9405-94a3d4bc0dc3.08843,2390942,44613c9877f594a8fa4ac9053d82c97b8ad0efa1228182ec4b4940979a3415b9
04_Assets/Packaged/Native/0fcc457a-c571-4949-b9df-cc0714744a9b/0fcc457a-c571-4949-b9df-cc0714744a9b.933a5.png,287,ea588958684830a63f6cbb9af633948480f58aaa407ad3d702ce00d09be60c38
04_Assets/Packaged/Native/127b6aed-4d57-4b0b-8cb4-5c4d996818d3/127b6aed-4d57-4b0b-8cb4-5c4d996818d3.ed434.png,8193,612ba5e5694075ac12a51bf1f2227b06b37d62762a324774c019ce1bdffc223c
04_Assets/Packaged/Native/13a0f3f0-036c-4bcb-8078-09614b179f51/13a0f3f0-036c-4bcb-8078-09614b179f51.bd3e6.png,66683,1aebe3bdc91e38c8330aa666ae4c8db7fb3fc629f2e3c1cb8cae8230c236f70a
04_Assets/Packaged/Native/1504728e-7004-4db0-b971-a1301562d882/1504728e-7004-4db0-b971-a1301562d882.b8eab.mp3,574965,cf81bd19771b6c9bba884beb56e342ada7c0479597b93b32758125da34d9e816
04_Assets/Packaged/Native/157cc2b8-7118-4d07-a09a-3d70313d5d74/157cc2b8-7118-4d07-a09a-3d70313d5d74.8b10c.png,19457,05400f3e867f61f717c677fe384a1df352c78119dab9f1586862f4bfdd3b1ab3
04_Assets/Packaged/Native/1802f955-cc9d-4a38-8584-ac5830f8e1d1/1802f955-cc9d-4a38-8584-ac5830f8e1d1.f078e.png,25314,7fa5772342a92eccebc7b08e302a5fdd0f37327ffe7d6275915e90f20d12fea3
04_Assets/Packaged/Native/1a74b274-7cd2-467d-848a-39483220fc60/1a74b274-7cd2-467d-848a-39483220fc60.ffdd6.png,7960,8961359357506bacfa5103e9e2fef667d1dae259adf3feec18c8247574d4704b
04_Assets/Packaged/Native/1b01ae52-bf3f-41dd-a98f-a350b6b26230/1b01ae52-bf3f-41dd-a98f-a350b6b26230.f38b0.png,513,5f7841d3caead4c5fda44d153e6ca5c6a8f5bc7fd3656855a434191a263f5321
04_Assets/Packaged/Native/1b5f3d3f-ddcb-49d1-8f58-2cbd9d5b8db4/1b5f3d3f-ddcb-49d1-8f58-2cbd9d5b8db4.2f841.png,31468,3371bcd24eb7d03f7992bc7bcb89df7a10f0997a8157eb24357c8878b4da029b
04_Assets/Packaged/Native/1b7bc0b8-b9cd-458a-8fd8-992b29544979/1b7bc0b8-b9cd-458a-8fd8-992b29544979.db143.png,2856,acceae1d5decc82ffa3c8afbdb5fc832d521f65f23e2a88a767c2f6c3b9f5537
04_Assets/Packaged/Native/1d3ae4c4-91a3-4b2e-a175-29718b968171/1d3ae4c4-91a3-4b2e-a175-29718b968171.30759.png,3805,039f64c493909fd0dc82962f5d7353bd68baadae30d446f667ac893e7741b6af
04_Assets/Packaged/Native/1e4d6150-2e90-4f47-b0ce-f51068dff40a/1e4d6150-2e90-4f47-b0ce-f51068dff40a.be08f.png,32127,ef9e70a318dc27b94998e0406b05f9a45a81e7c4b7707e946c841205add1993d
04_Assets/Packaged/Native/2012a8f8-b8db-4f6e-a07e-57ca2bd98287/2012a8f8-b8db-4f6e-a07e-57ca2bd98287.77f52.png,6706,846479cc6067ca19c1d109327317b132e76af1ec9e50dca7c864cf50f756ec22
04_Assets/Packaged/Native/22552ec9-c470-4d5e-b578-09f9a4a44bd9/22552ec9-c470-4d5e-b578-09f9a4a44bd9.1222c,1946936,7c6dee197f600ce1ec23f20414029b3466709d1c5db43f01392beae43cead006
04_Assets/Packaged/Native/25b5ef86-c836-4f44-9f87-4a2939361d5f/25b5ef86-c836-4f44-9f87-4a2939361d5f.4f529.png,6382,09e1a15e4db69c29c3de9fc09fca0ed9fa7b3ed765abfb18fdfd17247c2ec987
04_Assets/Packaged/Native/282e855b-c003-41c4-9feb-66d6d74a2906/282e855b-c003-41c4-9feb-66d6d74a2906.68f37,1798518,587cc7087dab25559fb266f995646c8d1275d42fd1dcd89ea88427c1f1728b77
04_Assets/Packaged/Native/29a28790-787a-4936-ba3f-449db5cc2adc/29a28790-787a-4936-ba3f-449db5cc2adc.ac861.png,278274,0ca1cbe728c35898a3ac94387ba10a18c1209e1a92d85fdf23430d783008d251
04_Assets/Packaged/Native/29f0032e-3c42-4348-956b-236804a13520/29f0032e-3c42-4348-956b-236804a13520.602c5.png,224471,14baa4e16f914427a17257f8bc568675e7cc6ec2d925ec33b0033e8db4b7c9c6
04_Assets/Packaged/Native/2b20483e-839f-4bc2-81b8-513f6862b36a/2b20483e-839f-4bc2-81b8-513f6862b36a.20ecc.png,6499,74cea98ee36ae69971b2a1589843a7da5695172d8dd057877e581ef7dd24c2a2
04_Assets/Packaged/Native/2d889576-61d3-4c6c-9a7e-baec25d19427/2d889576-61d3-4c6c-9a7e-baec25d19427.83964.png,277,4eded50c3cabcd19f0915a6b1efcab420ebfd6a0372bfa505c7a8ac2b9d9805e
04_Assets/Packaged/Native/3198a1cc-a4fd-4024-9afa-7c79fbbf9cbd/3198a1cc-a4fd-4024-9afa-7c79fbbf9cbd.f9b7d.png,561,879df5c7ecb9c0b362678a3edbd67c448e11088b672b47fc645e344f099de6bf
04_Assets/Packaged/Native/35b639ec-f5e7-4908-a6e4-9efc102b0a81/35b639ec-f5e7-4908-a6e4-9efc102b0a81.f908e.png,3570,fe41d604ba8f5de559ee1e9c6bae87aa6d633334d746a913226db5abd99f9b09
04_Assets/Packaged/Native/36c6ac8d-0ca3-46a7-b1f1-74b05204de3b/36c6ac8d-0ca3-46a7-b1f1-74b05204de3b.b197a.png,14104,139e46167e0c231aeb99e9e626c6623c33d04ebeb577daa8b94fafcc88e40546
04_Assets/Packaged/Native/3781b850-9ec0-4d4e-affb-f854c9c7f28c/3781b850-9ec0-4d4e-affb-f854c9c7f28c.e721e.mp3,809,45932c2d4114cae1b8b906769a2329eb9050517db1fb3faf1e948dbdd2b66c33
04_Assets/Packaged/Native/3cd48c22-9f2c-47e4-a563-851a54f554c4/3cd48c22-9f2c-47e4-a563-851a54f554c4.0c065.png,33857,9a04d8be09dbe779a8274c6f06ce70824f37e9817f82a7611473f5be6b1d4c88
04_Assets/Packaged/Native/3e51fc87-559b-4c1c-a7c6-a48e11d8599c/3e51fc87-559b-4c1c-a7c6-a48e11d8599c.8b677.png,1276,6cbeba8c9ff74d0132fedbe649857c0c2015551bf95856c26907f8ce806f012f
04_Assets/Packaged/Native/4373950c-2d87-4519-a2bf-52a5d9ee95b5/4373950c-2d87-4519-a2bf-52a5d9ee95b5.6faaa.png,56323,3acea94dde17ed6244db6e4ffc579f01c1d537ecdcd77a2ee6c5c2f9f9719b92
04_Assets/Packaged/Native/4dfb3ed3-a28b-4cf1-89b9-f07981422932/4dfb3ed3-a28b-4cf1-89b9-f07981422932.9bfd9.png,287,1127e270cf737e1418b73dcba96b285319faa45e08b11a059d0357528b41fe04
04_Assets/Packaged/Native/4ecd57de-75e8-4db3-a6dd-355871292995/4ecd57de-75e8-4db3-a6dd-355871292995.4c08f.png,26519,eec50b992f3b9dd2fc184ffb5cf3353ffd76e0e9087236234f37b1f4f53e268f
04_Assets/Packaged/Native/53604e51-aefe-42e5-9d1e-40cfad64cc87/53604e51-aefe-42e5-9d1e-40cfad64cc87.d25a2,1724798,0cee74670d080f7e7900485970fbe464726e533b3838bd337ef92625f9c16f2c
04_Assets/Packaged/Native/56ccf369-757a-4707-9dbf-b5e1206d00a5/56ccf369-757a-4707-9dbf-b5e1206d00a5.44552.png,713,ffd4175f9103541bce609af2cffedb9743bca4670ff67f8df9fb1bcc56cae167
04_Assets/Packaged/Native/59b97112-c97b-48f6-811b-1e52d0f171ba/59b97112-c97b-48f6-811b-1e52d0f171ba.f71f3.png,2005,e2d9206fb263767bca910fd09bf4430f75e2f216cd12cf78d663f93fa4fa5c17
04_Assets/Packaged/Native/5d955491-fa76-4150-98ba-1cf425225dc4/5d955491-fa76-4150-98ba-1cf425225dc4.50194.png,3911,2c2d6e66856b17e13c8b7df5a39547bfbc3f797dd8818554084b482a3d2526ca
04_Assets/Packaged/Native/600301aa-3357-4a10-b086-84f011fa32ba/600301aa-3357-4a10-b086-84f011fa32ba.c3a3a.png,7518,2e96e6cfa06188f02c7dfac41b9e9e022a99f29a1a94a188ccae29db3bcdb327
04_Assets/Packaged/Native/60597400-aac0-4835-b539-f980b79fbe75/60597400-aac0-4835-b539-f980b79fbe75.b5cc0.png,21085,367382a49e675d4593ca579d1524579c3baba599a7c13971f597f7f776946e5c
04_Assets/Packaged/Native/61e8148a-c2d2-42ed-a60a-0429eef4ffc3/61e8148a-c2d2-42ed-a60a-0429eef4ffc3.c1ac1,1872122,edd2fcecb2fd269038c8cff59035bb1cf774d0cfa786c1624b73f4f15f0d23f3
04_Assets/Packaged/Native/6218d65e-032b-4415-9bf5-d33c8f174e7a/6218d65e-032b-4415-9bf5-d33c8f174e7a.a5b34.png,3029,541dbd6984adc51df5ba92a653229fd6907d41ff5b8207d870da17aa83de7cd1
04_Assets/Packaged/Native/65b056b9-cdb5-408f-b3d7-2c3ec2a0cf3e/65b056b9-cdb5-408f-b3d7-2c3ec2a0cf3e.dc98e.png,9142,bda1ba631d898445a243bd2b6eb768773fd21af9aa536b81c76a7050b9ebd3c7
04_Assets/Packaged/Native/678cc07f-5859-41da-8ec6-5ece36fd417c/678cc07f-5859-41da-8ec6-5ece36fd417c.19e38.png,559,15f5143d412432849d01d35134980c2accf37d64fb32511da545439cad52d36b
04_Assets/Packaged/Native/6ab60de2-c2d7-4e1d-94d2-c98fa371032c/6ab60de2-c2d7-4e1d-94d2-c98fa371032c.8b4b0.png,29529,beeb36edb1c8b83488ce443ade7f084e830b9f941b3661991e161af65960ce8b
04_Assets/Packaged/Native/6fe47eef-b74c-4864-91f8-70cf0c5aaf34/6fe47eef-b74c-4864-91f8-70cf0c5aaf34.a7d63.png,520,4f5ec9db0d876d93c8bfa84f233cc966173f743daddde806a40b5a4f803963b8
04_Assets/Packaged/Native/6feb7340-4213-4a37-834c-efddda9aaee3/6feb7340-4213-4a37-834c-efddda9aaee3.1fc44.mp3,10094,d9aa3223df0d777ba0813d6f90c242687b7101b770d09c47920e9800bfd36551
04_Assets/Packaged/Native/7064be55-434c-4cf9-933d-1f7224bee890/7064be55-434c-4cf9-933d-1f7224bee890.71e6f.png,9691,b132801d2fed04471efe1b3e1b701b6c79fe40b79a02bef4238a1af48ff90333
04_Assets/Packaged/Native/707d1237-7579-412a-8626-97ed327bc1da/707d1237-7579-412a-8626-97ed327bc1da.6ca13.png,4290,a0b23a8a05d8063fd8419526a146e62bbf2c455ba583fae66b23add4df031287
04_Assets/Packaged/Native/71f5ed3e-9902-49ad-b721-df84871778b0/71f5ed3e-9902-49ad-b721-df84871778b0.4f060.png,2681,4ba349eb1343460e5ba69b69c5bffde830b685a7ecd35b737dd406e30fbc74ef
04_Assets/Packaged/Native/78df8588-335c-4127-ad79-36398bda94f1/78df8588-335c-4127-ad79-36398bda94f1.a70d1.mp3,4451,63dc457501bd541641966951fafe1cf5ead7b6cc03ee242e4d7bbde9b7734c30
04_Assets/Packaged/Native/7dc399ea-a792-4d41-a57d-d8bd21f374e9/7dc399ea-a792-4d41-a57d-d8bd21f374e9.9af8c.png,2215,ac94d03625d04c592223b99ddb14d9fffc9ac445a1ca77aecf4cd2c89b8fa28b
04_Assets/Packaged/Native/7de54adc-4e99-409b-8a6d-81b4b9a3f341/7de54adc-4e99-409b-8a6d-81b4b9a3f341.2f0b6,2113980,88b2599dbfb18e95b0210853d067148161da826c456a683e0d5859f8a8f51016
04_Assets/Packaged/Native/7f437501-7426-4100-a8cb-a41fb871949a/7f437501-7426-4100-a8cb-a41fb871949a.09de4.png,2584,3b2e55ad066a85d4db4991cdbc560f320c73a7b715c222593593d57dc854946e
04_Assets/Packaged/Native/7fb630b4-bc08-4662-849d-5834736513c7/7fb630b4-bc08-4662-849d-5834736513c7.ffdd6.png,7960,8961359357506bacfa5103e9e2fef667d1dae259adf3feec18c8247574d4704b
04_Assets/Packaged/Native/86d577a2-9380-4a88-aac1-a8333961e0a9/86d577a2-9380-4a88-aac1-a8333961e0a9.9cdbe.mp3,20752,55b8ae8e5f2a27fcd2087347c4761d41d3da7295f049d69b2b9587f171a9b0e8
04_Assets/Packaged/Native/87a79e36-cc88-4be0-b937-9c4daed2be15/87a79e36-cc88-4be0-b937-9c4daed2be15.29bd4.png,226,a5815a6e21e7467339e39288748081e95658dc2cb0e0a25dceebaf6f6020e529
04_Assets/Packaged/Native/897e7d69-0016-4466-a473-5d40f6481e0b/897e7d69-0016-4466-a473-5d40f6481e0b.fb483.png,732,19c3db6bad4e0382cc145ea9d206ef0d3ca99f3641688919511ea1b0cd754481
04_Assets/Packaged/Native/901a4d90-1efd-4b0b-b117-d341fe15d83a/901a4d90-1efd-4b0b-b117-d341fe15d83a.ec6b6.png,2901,bacdce4076963766808bd1f58f8e27aee35c028dd2116a2399192d2cece3d2b3
04_Assets/Packaged/Native/91e1056e-f851-4b1e-bef6-ded01a007fdc/91e1056e-f851-4b1e-bef6-ded01a007fdc.c41ea.png,624,4147c84c9dcb3133b69f3257f3170cdc57ff679bae3a731f5ef2901b3680bbe3
04_Assets/Packaged/Native/99ef51d3-37f1-4c35-be3b-28d4014de0a9/99ef51d3-37f1-4c35-be3b-28d4014de0a9.a5b34.png,3029,541dbd6984adc51df5ba92a653229fd6907d41ff5b8207d870da17aa83de7cd1
04_Assets/Packaged/Native/9a1fc424-af38-40e5-8ba7-2bcb7df665cf/9a1fc424-af38-40e5-8ba7-2bcb7df665cf.9a643.png,3934,63f82d0aca00fbdb60c628706e8e403df180b26022713142554f4592ec1656d6
04_Assets/Packaged/Native/9e93b639-81ca-4e67-b41c-714c8248bd22/9e93b639-81ca-4e67-b41c-714c8248bd22.c2d26.png,3511,d5e2b378a652ba51786b4326dce55fe60018a1213f795bb3f3df02244587f406
04_Assets/Packaged/Native/9ef925f0-eab0-4d13-a400-d91a9a67709b/9ef925f0-eab0-4d13-a400-d91a9a67709b.1f2f6.png,8052,d7f832924f4afbadd995b0b3adba8270ff032ca5054cb665a8e1ac8c2bc09675
04_Assets/Packaged/Native/a25c2a9c-a437-4907-8457-50af4eb07838/a25c2a9c-a437-4907-8457-50af4eb07838.e6b43.png,23569,a0c0c0e6cb0c81dadccd537aa8289886d7af9f829f718f00afd8c1781f9a0b11
04_Assets/Packaged/Native/a4282ff9-1acc-4eb0-8f6e-b6dbfdc6a136/a4282ff9-1acc-4eb0-8f6e-b6dbfdc6a136.f8c27.png,26838,26002f29c6de48f582ba8132f748ad2acbbbb2577095ca17e6cd2562857ce1d0
04_Assets/Packaged/Native/a45d185a-2114-47aa-b6b1-b06b5f2c1f8f/a45d185a-2114-47aa-b6b1-b06b5f2c1f8f.55b60.png,2544,c91c466465809f9c6a6ba1b7dda74b8d8b32c1f4fd65bf52b8f7f8e2fe32bfcb
04_Assets/Packaged/Native/a8027877-d8d6-4645-97a0-52d4a0123dba/a8027877-d8d6-4645-97a0-52d4a0123dba.cea68.png,82,83c9b8ce1937570a40bcedde29457a4ab7865ca1db23a46d2d68e6b1949f3c28
04_Assets/Packaged/Native/a8ee947f-c1ab-4587-aef2-3e9bde6b6afd/a8ee947f-c1ab-4587-aef2-3e9bde6b6afd.532f5.png,6649,b29905435fda3305f13289ac0b04a6e53077f8cddd215bed404ea2ea278eaa91
04_Assets/Packaged/Native/a97af8f8-5d61-4ae6-8e99-45a0fe15664d/a97af8f8-5d61-4ae6-8e99-45a0fe15664d,460,9b2e14d75cce313e039d1d1c92bab416d6cf4ec2cba58ddf8a810989491ab013
04_Assets/Packaged/Native/ae9145d3-3dfd-4ea2-8ae4-8c520f0e6403/ae9145d3-3dfd-4ea2-8ae4-8c520f0e6403.1f6be.png,2205,f683765ea4032498a029fd809d9535aa1741817662214e5ae4f57a4c6499c36c
04_Assets/Packaged/Native/b085cded-1179-40b0-bdc1-782d657ec739/b085cded-1179-40b0-bdc1-782d657ec739.07349.png,9492,9ff33a650dae4f80299afdc47c6890e45bd33fc4f786e3ef0ddf62782f974f82
04_Assets/Packaged/Native/b6574d93-b511-47b5-ac94-ea121ae3b44e/b6574d93-b511-47b5-ac94-ea121ae3b44e.29803.png,26537,5e463c4b3efcfebe0eaa702f2117b7326cc4ee8f9ec67fc9302f37bca448fdb0
04_Assets/Packaged/Native/babd05b5-63e3-4de7-bb61-dc02e3134078/babd05b5-63e3-4de7-bb61-dc02e3134078.16390,2199584,0264082994eaf38737782d25d083efda766d3a04599ea2186d5c2e6b7f029673
04_Assets/Packaged/Native/c44d8466-cd03-4175-9f8c-7fe5eaffbf5b/c44d8466-cd03-4175-9f8c-7fe5eaffbf5b.ddac0.png,361,a4d16b2f9d4d1bba5920926f5aa19d5c8cf2854384f6057051cb11f17de6325b
04_Assets/Packaged/Native/c9b9211b-05c7-493b-bf09-83f59777527b/c9b9211b-05c7-493b-bf09-83f59777527b.d0dae,1936842,2c768ea87e59324fb42b70497dcccba556a993eff417d3669815cd0a4e997f7c
04_Assets/Packaged/Native/d1512532-b4ad-4eb8-96a2-2006eb9fad43/d1512532-b4ad-4eb8-96a2-2006eb9fad43.f769e.png,741,b4cd5c7fd4a980c569cd54e12ab0900c00e5fcdb773871bfc287d78a9829a718
04_Assets/Packaged/Native/d1cdfaa7-cf4b-400b-9fcc-58700713541c/d1cdfaa7-cf4b-400b-9fcc-58700713541c.03bcd.png,1065,f43897b26d560836d526a382681ce8aa98798d43c42eb62e74e3daf2ec8f6b5e
04_Assets/Packaged/Native/d3c48559-bcaa-49fd-859a-a92b13b3e7f0/d3c48559-bcaa-49fd-859a-a92b13b3e7f0.d08b2.png,295,3b23ba4cacdeb8ecc8ba42dbf3e90a1691ab6203043abb07844245ee0b0984c3
04_Assets/Packaged/Native/d4d29c00-dc61-4461-ac59-bffb57e92801/d4d29c00-dc61-4461-ac59-bffb57e92801.af2b1.png,829,72f34fa2e5cb45ed52b6716356406480b3476fed8351a81a963b2ef16b4bb393
04_Assets/Packaged/Native/d693e547-be89-4992-919b-b6c4b2b63734/d693e547-be89-4992-919b-b6c4b2b63734.9e1bc.png,7536,e1795b832c8a2e63b22cde7e7b0cc07a7976640367b86e7f057ce45e3a852ea9
04_Assets/Packaged/Native/d81ec8ad-247c-4e62-aa3c-d35c4193c7af/d81ec8ad-247c-4e62-aa3c-d35c4193c7af.cdbc9.png,158,428698a9cd4c031962c9f5defd15057fd1f20273dc3cd6eddcbd2ce14c4057d8
04_Assets/Packaged/Native/d88b9be5-19e7-4385-b379-f8cdebbb6ba1/d88b9be5-19e7-4385-b379-f8cdebbb6ba1.6ad18.png,21134,7f02564b579aed1792396d8d53b45b0cb627b8e1f3a12f245a08625a7907ed31
04_Assets/Packaged/Native/dd87d738-81cb-43ea-ad47-9a4dfde3662b/dd87d738-81cb-43ea-ad47-9a4dfde3662b.f8006.png,7210,ec1785d996153f7c3bd33fa72617ce231049213c621cd9ef82348810a3bcc6a3
04_Assets/Packaged/Native/e099dc38-68f8-4eb5-8024-1900c29ed314/e099dc38-68f8-4eb5-8024-1900c29ed314.5c805,2154110,6b537380025fc6ea7c33671f19a39e807b0901b6a5ef6bc3cafc0ab5b313ed98
04_Assets/Packaged/Native/ea137731-fc53-4306-a91e-cd3c50843228/ea137731-fc53-4306-a91e-cd3c50843228.c5999.png,5034,ecb2dd5ae7221a854e3ef11b600dcdcea26f6e78118eb18f5333cd8a5999d3c4
04_Assets/Packaged/Native/ee0c7220-a9a3-4dc8-ab38-e0b249b4d978/ee0c7220-a9a3-4dc8-ab38-e0b249b4d978.594e4.png,6627,e65459fda00d9ec3442a7ff7bda75d45281e4b70b651a7001f837ba812b7ec55
04_Assets/Packaged/Native/f19aa3fe-7a9c-4f27-99a9-a02d57a4da5e/f19aa3fe-7a9c-4f27-99a9-a02d57a4da5e.ddb1f.png,6605,5b5c79d5a19e4939530ecd2997e20ec3f6f6176a37274c4fb77e0f155c19f6a8
04_Assets/Packaged/Native/f6d03e4b-1471-4a64-abea-da7c2b09aed9/f6d03e4b-1471-4a64-abea-da7c2b09aed9.ffdd6.png,7960,8961359357506bacfa5103e9e2fef667d1dae259adf3feec18c8247574d4704b
04_Assets/Packaged/Native/fbaa34ab-ca57-43f7-9d8b-e4356acc4304/fbaa34ab-ca57-43f7-9d8b-e4356acc4304.35f62.png,69847,2ffa38b5ae897fcac0eb17aec6585f6e3c48379297c136cf9f12c3506d4a30b4
04_Assets/Packaged/Native/fd8d6602-e884-440e-a8d9-07a60d7b84fc/fd8d6602-e884-440e-a8d9-07a60d7b84fc.09de4.png,2584,3b2e55ad066a85d4db4991cdbc560f320c73a7b715c222593593d57dc854946e
04_Assets/Packaged/skeletal_inventory.json,2,4f53cda18c2baa0c0354bb5f9a3ecbe5ed12ab4d8e11ba873c2f11161202b945
04_Assets/Packaged/Sprites/10__160a4f08.png,86411,51d27f7d84a084a377cfb3d5a63ad45d6c63c57aa5422f4d0c46d36a10497623
04_Assets/Packaged/Sprites/11__33f50ac0.png,141973,28d7ac738c0173cb842075bd4daee62c1abfca59751ff6a12321ec68d483ab04
04_Assets/Packaged/Sprites/1__5e1f265c.png,15659,f5d97ed2123c65534bbe10b82170f2bd27406ec50e54cf9a57027e3e7903302d
04_Assets/Packaged/Sprites/1__c92ed130.png,5584,90bafb17046905797afe3b1ae48c0def1f53805f11b4b0c07946ebe2c6fa6191
04_Assets/Packaged/Sprites/2__2c8d859a.png,8382,58999ac57ede6c0af6038f3543565ffae84328d4268a8313e87798822611eadc
04_Assets/Packaged/Sprites/2__e8c4d117.png,14053,d0c90389b37afab082cf78c2140009d37d9fef58ab060ce1795ef21e34768a7a
04_Assets/Packaged/Sprites/3__15cac725.png,14520,6d283926b0d969a10c6e6bffc2b88f204ef24931dcb61f6926a7a3a81c066d95
04_Assets/Packaged/Sprites/3__da8f7058.png,22572,e273cfe65c15a2d73e5acca80f4f542f08953c5e08132e65eed7b7d575d366b0
04_Assets/Packaged/Sprites/4__3ada75a7.png,15129,c05b0906bcd6842fd6f266b836ec30ae530b2e9922868ccc91a2d94e075addfe
04_Assets/Packaged/Sprites/4__a52e5e07.png,22415,eb63a3230e38f30d5249073c5ee5e0d7a8e47d40cabb1b8b8b0dd6f9bdae4112
04_Assets/Packaged/Sprites/5__e42eb6b4.png,15306,b0b186ee85178ea98448b1f4a1ac8b24e93a2dc8155e9ba35e97d0522477f89b
04_Assets/Packaged/Sprites/5__f2ebcced.png,33707,6b6f39a90484875bcc8d6cd76843df40b44e5afca7a537ff4129ce461e29effb
04_Assets/Packaged/Sprites/6__6389954b.png,17968,868091ce7c8d9a846031ea219df4ca11eae5a331cb0a53d3df79f5e399b3722c
04_Assets/Packaged/Sprites/6__66a9b557.png,48594,3c02b48a0ca90b46c08b272d704fc889910019d5eb3367a776aa761685809efa
04_Assets/Packaged/Sprites/7__03441240.png,60937,0430bce7941fcffacc9979b65e0d4770fd180f8313645a8285ed1af3aa4219c8
04_Assets/Packaged/Sprites/7__5fe69ccf.png,19241,d0fdf62118cc45d34730cad8666b6728a29fbd60b3ea2f4375e7d4016043d551
04_Assets/Packaged/Sprites/8__50e70dc8.png,78927,725a41a8b52daef8232834cf46e0fc49d2c2c24a99823d78313f22b0ea317677
04_Assets/Packaged/Sprites/9__4f243371.png,63804,de6c8b5448c85b60880c210a73e7a69778f50f1f206d8f16cd23c3bb3905f97c
04_Assets/Packaged/Sprites/back__b5a3c60c.png,14483,127cb55c91b307b83266cf3e54f9cfc091a812b76b37a387969ab7205b8dfb04
04_Assets/Packaged/Sprites/bar__3c78972b.png,1334,b1a9493a0ffdfdbe2e11e5d16ec4da5aec35873a6f1313f9799cc18cee5c11b9
04_Assets/Packaged/Sprites/bg2__23633833.png,1583,35ab329e3037e7ac087881e7180cd5258a74a80cf2f0c8ef6c246c79cde6a085
04_Assets/Packaged/Sprites/bg2__6539261b.png,1024,5c9e351dd118c7aa0f0f821f16b231d2ffdd4b13da9206f50ccc055506003461
04_Assets/Packaged/Sprites/bg2__cba80641.png,2309,273aa771d3e02d788ddd3d803df89ffa968a9a3702b0abbd350cd9bf2b101b1f
04_Assets/Packaged/Sprites/bg3__3a309598.png,4786,39db287dc088044b0db9b5257aeaece10294c25bd54812721a37c166ae400a9f
04_Assets/Packaged/Sprites/bg__27a1871e.png,148794,1b678751bf334c1788d80794293e3ec9733abdf0e0b127f1ab759363a73c0f09
04_Assets/Packaged/Sprites/bg__418bb024.png,65948,574c77d4e1a8631cb6baf50e3e8f279403de1786b7aa7775696a62a4f05251a8
04_Assets/Packaged/Sprites/bg__494564fd.png,7002,de4041663cfeb7fab893b72455feb1d418a48db6c3af9298340d693c262039ff
04_Assets/Packaged/Sprites/bg__b20d4370.png,6929,aa1e9e351c77a5e909449bfdcb1f76ebd10ee446bb3b43c95d3c034502b1242a
04_Assets/Packaged/Sprites/bg__bff6d57a.png,18338,c1ca1ac4471eff54ed0eb1b8e8a2059ac4fab3592fe610f819592800b042221d
04_Assets/Packaged/Sprites/bg__c21a5d9f.png,1593,d8a4f480f021d0354536ccc6a7cc0a38844d37854290b8cd957355cf7b4de61b
04_Assets/Packaged/Sprites/bg__e8a1e2b8.png,23879,deb5f0efe98be98c99e92e21b7e464e10c4ebfb209a6421ecefa89d1b13e5353
04_Assets/Packaged/Sprites/bottom__825a7f38.png,1586,89048420e80ba23b787be93b6b21f666ad7551825443c4a2d37ea2fc402e35cd
04_Assets/Packaged/Sprites/btn__09fb4d52.png,17906,ec2be527ea327a5ac2e96b6b8fe07d76fc1c0dd632288446fd48a8550ec29af9
04_Assets/Packaged/Sprites/btn__214e7602.png,17906,ec2be527ea327a5ac2e96b6b8fe07d76fc1c0dd632288446fd48a8550ec29af9
04_Assets/Packaged/Sprites/btn__7f013f23.png,17906,ec2be527ea327a5ac2e96b6b8fe07d76fc1c0dd632288446fd48a8550ec29af9
04_Assets/Packaged/Sprites/check__ed7b90ef.png,5554,ada2541384d5edce587f09dc170c41c0b1ff62c105782216c2693580122dd49d
04_Assets/Packaged/Sprites/close__3fb1c5ac.png,581,a0748db0d8a6bba904b4af0ff2535dba49a1fbb63ec8cad9bc2a112d95aeb99e
04_Assets/Packaged/Sprites/close__99a38022.png,585,c4756f32ed06385cae4407bff16add86d906c556621c8ac9a0f28db09030ded6
04_Assets/Packaged/Sprites/close__9acae03f.png,596,e405d04248e6fc655a03a3402a81396f5af507f4647b4c5bebd99e5e1d5e22f1
04_Assets/Packaged/Sprites/close__f7b567c8.png,567,645ac156d2dddcbec403ae065ef515cd2bcbc8dfcaa567287e6e5af681008585
04_Assets/Packaged/Sprites/coin__2316961c.png,3719,b550b73b691e4498039f712a42caf79a6b79e7f28069488de29fb41cfadf7445
04_Assets/Packaged/Sprites/coin__9542e802.png,4743,a0280c9e23ef6fbdc49635d75a19c68866118acd2a38af38c5fcf581fca03450
04_Assets/Packaged/Sprites/coin__c2139f28.png,4743,a0280c9e23ef6fbdc49635d75a19c68866118acd2a38af38c5fcf581fca03450
04_Assets/Packaged/Sprites/coin__d01fa1de.png,2559,76c841a7338b0e9e564bdfa9adbb029db649c688233c43d4890edc15190af323
04_Assets/Packaged/Sprites/coin__fbbba82e.png,8921,6531e931b99097608f67c78cf7acf452f19190db3b44550e0dd15ff16df7fe3a
04_Assets/Packaged/Sprites/cry@2x__7f2c05af.png,66477,375fa7d655df11d7402de41f3c4539ac83d9bf3f8646090ce55c87eefe277d58
04_Assets/Packaged/Sprites/default_panel__9bbda31e.png,193,043434a799e30ec759a41891242cd4c7c76a06522d6cf97f7b037dd78b1303fe
04_Assets/Packaged/Sprites/enter__6aa212c0.png,4843,549cd403d46afb53634ceb7f03c52d1677060ac256c2192f183b84172b92e045
04_Assets/Packaged/Sprites/heart__90158239.png,3873,7662c7f02692308a187d7dbca15771639c0a270e27a8286a418cc7825787729c
04_Assets/Packaged/Sprites/heart__c19a08fe.png,3873,7662c7f02692308a187d7dbca15771639c0a270e27a8286a418cc7825787729c
04_Assets/Packaged/Sprites/heart__f6ae0818.png,49396,c312136f4c695381d4d9b63607114e054eccb7f091afafbab8e9a50f4e6970d2
04_Assets/Packaged/Sprites/honor__2dc6b624.png,7161,b9dc4aa1e8cada157399ee6a583a54df3f38cfb473b2b9b10a626d850314f787
04_Assets/Packaged/Sprites/level__68405fc2.png,3480,2dd6d45dbb96c9293bf25e8c04ef960ab61a8924023a20579b084966761885e1
04_Assets/Packaged/Sprites/light__a586675c.png,68971,63ee24e03dade1d9c169e652b37ff895d64f9f88279a464b4252b904b0f5f212
04_Assets/Packaged/Sprites/light__ca9a6aa0.png,81908,803bb2e209c062c73c94d673e9b689c9a39d34587ed96e3920fe396e80f17c86
04_Assets/Packaged/Sprites/line__1ee6617b.png,210,acdea4bb0161a6a08ded75173e8d205a4bf4432cd4bc30298ad817f9add55084
04_Assets/Packaged/Sprites/lock@2x__6fa4fb6c.png,7669,74146ce66fd95128b1d15742a8108e077029ec318655bf5e83e92d8b2c80fcc7
04_Assets/Packaged/Sprites/logo__297b45f9.png,154518,730ebf88df311dd3a5d3bb86784c4a7ba2c30bb47597ecd9a0db2dbfee382776
04_Assets/Packaged/Sprites/no1__dcc67e6a.png,1497,9b06c15a5b1b5b058f211fd1c4be8adcbc8d98f9681f8a50ca8404624c8188c3
04_Assets/Packaged/Sprites/no2__70b84c1b.png,968,b588e20f191fef03b2ac5a064ea65ee46ddcbce3b673a4053ceb133f1514b346
04_Assets/Packaged/Sprites/pgb__436a50cd.png,2000,983aed203639b024df14278daa4261e9ddfcb09990919cec29c55058d2e88d4d
04_Assets/Packaged/Sprites/Privacy Policy__419864ef.png,670498,a7075d93e2fd9f7e40105efdc76457400251711bb43722be30ab97b03de6962a
04_Assets/Packaged/Sprites/reaty__217debed.png,15098,e3ef4527a5665bd96a722341bdaa8597f05c64e4223313bde0d23eba67a69ff1
04_Assets/Packaged/Sprites/setting__3ff73e21.png,7095,310619e353629db42f14ccce5c55e4b4fca9c5c61675a6f2a20a38c0951401a9
04_Assets/Packaged/Sprites/shezhi2__20549095.png,6978,434ee3a36cebd1daa9805a01b260bda8e6f592db5ffacbd8a3e3a2ee29dfe3f8
04_Assets/Packaged/Sprites/singleColor__410fb916.png,78,803f3b73e9e4960c1b25d25b1dcb493de6cb51a001fbcc7f604e4dfe62c8c26e
04_Assets/Packaged/Sprites/Terms of Service__c3ba03e3.png,534698,0786b6cd858006081bcf948a8ff7569634c921bdb78f2f7221b810ace6a60fb0
04_Assets/Packaged/Sprites/tips__6c961c8f.png,1891,17d001229a6791836faa88ba16bfc11ce592b04ae1adac15577302ef575d74f9
04_Assets/Packaged/Sprites/title@2x__c37fa13a.png,45861,5025626be6a5a3754b918966bf43b09b71822fea6d1cfa7a974fc6cdbc0e7a17
04_Assets/Packaged/Sprites/title__aa905f88.png,39792,b769d8e033dbaae01a5ba2bb56ae764ca95931cce0e38c6d9088b68cf8bc18e6
04_Assets/Packaged/Sprites/Toast__fd813198.png,1168,5afa38db117eb867ac2b34e040dac713ee25112c79b11006d8cb60dd04b9f0fa
04_Assets/Packaged/Sprites/top__858d4c21.png,167381,4b16189313ec599f2a7dc033b609fa13aeb965f6869608ef313493942d400755
04_Assets/Packaged/sprites.json,40988,ee94ea84b12f334ddc7bca225ff35365bc73a9c932e261fca33fde5473e10ad5
04_Assets/README.md,1047,96be23e20cd8f13a7bae87747abe003db32b2e5e40b93cc72d2d8fb8fcee77c8
05_PrefabModel/HotUpdate/Decoded/002f010e-15b8-48fb-9bce-7b7d2e44a5a2.json,324470,f6adc9dbd7053bbad8eadce6d83eff93954409e5989703865e7944507e37ea9c
05_PrefabModel/HotUpdate/Decoded/00586a0f-c04f-4ae8-aaa9-bbf0dd807957.json,405,9beda2b3a7031771ebdffad7ee199f053c50c354c78feae15adf0e8bbd0ae8cd
05_PrefabModel/HotUpdate/Decoded/011837fb-9bae-415d-b151-f070999b8263.json,13414,41af037d56f9c66963a69431fde32f442a335244eff15ae355ac4d9973eb53e6
05_PrefabModel/HotUpdate/Decoded/0206b8c4-c6d6-4758-8ab0-6bb5c633c0bc.json,414,8eee9c0affbb76ecc2f3b40de4d13aa7f03e7aaf8a6e9bf1994cac4565b23f9d
05_PrefabModel/HotUpdate/Decoded/026e5d46-7d46-49d2-a16a-9054bb583e64.json,775,16ce7ffb1ce2343186e04de3488920acedf2757ae8a48488f37460a918d25c15
05_PrefabModel/HotUpdate/Decoded/0275e94c-56a7-410f-bd1a-fc7483f7d14a.json,336,1b285dfe82206217fc8ca93619c6b5e20c42e334076fbc79783327bc4e1affc0
05_PrefabModel/HotUpdate/Decoded/02c5647f-fc1e-4497-95b2-dece47c161cd.json,364,2ba6bbbfea1207d55884945e2bc11c2870ddaa15932b80c3dd3deff4786e94a2
05_PrefabModel/HotUpdate/Decoded/030e29d1-29c8-4a86-913e-ab4f05cb9f56.json,802,669e5224814612db2732c3b075bd1b9adaae6840abc8aa31d465bb9c70ba6b3f
05_PrefabModel/HotUpdate/Decoded/032fa651-550c-4dd1-afa8-de411ce244e3.json,402,b808ea8e2db489e60e46ff6eb2075f7805004474549faa117d5cf80fdc1f27c4
05_PrefabModel/HotUpdate/Decoded/03d07187-85fb-4cad-ae05-9362abe663c8.json,391,cfeecd07a1f8b426d47adf9683522bf30a404eacd625545bbe43177498adacb8
05_PrefabModel/HotUpdate/Decoded/05b3fde5-db02-48ca-8946-b589eec571ef.json,364,4d2aa2c896e578663dd0e1533909822ee9a88053e3400f9782b9b466e8bcd7b4
05_PrefabModel/HotUpdate/Decoded/05c49007-2186-4ec9-854d-dec5e07a5742.json,441,a0775a7b74f636a7ba5a06cf9fcc9e31870036d6b7c7f4a51f168b615e7e44dd
05_PrefabModel/HotUpdate/Decoded/05fd460f-714f-48e9-a8d4-3dd09b27597f.json,802,7d7a582485e96a0522526d031419fa5c41c7a3852c00b1457d1e04bd4e39ba4f
05_PrefabModel/HotUpdate/Decoded/064b096c-8c9b-4b5e-acc1-fc141e7db6fc.json,813,c667f757df6ecce8a5d3265609dfb53022e9c30bfbfdd3ed6cc933978c48eac3
05_PrefabModel/HotUpdate/Decoded/06c65f58-05ed-4adb-ad80-e846dc499a50.json,804,9e00be247a923ea13c6ebbcbfc66c80f08c5b7668915a17380bc1b4be0bc4286
05_PrefabModel/HotUpdate/Decoded/06e98695-a200-4471-bb97-07f58b8be2cc.json,428,221590380c1fa2c34d85bb9628002dc0eefede3a2a25449a60e2c2d0c9770191
05_PrefabModel/HotUpdate/Decoded/06ff4813-1f4c-46df-868c-19c9890be93b.json,4316,244ee848cf7bd2317f819ec4d9cd05985acadff537168e95cabe42c04ca23c6f
05_PrefabModel/HotUpdate/Decoded/0775da32-095f-45d2-a460-7af8426edf8b.json,804,34ac1d49f3c74c47c484a01ee58a68abadca4cfb7b3228ea218d1540a59fe575
05_PrefabModel/HotUpdate/Decoded/07a56aa1-62dc-4d5a-84ff-f4e5e4119698.json,428,c8d15a9b511b4bc1295808fb17713c3a82062315ca705bd7e9acf431775d2c09
05_PrefabModel/HotUpdate/Decoded/07fb0dd9-500e-4793-87d7-e1a868f6fb2c.json,364,db2c8c959cd596f3828f57d8e9342aefff45b518e4e9a941fc0351af6de31978
05_PrefabModel/HotUpdate/Decoded/085ba54c-aa68-45f1-91b8-e61799010e23.json,428,f7ca84b22d24f78d24ff925d9908749e1f9316c886c5b8bc23976d8f147a8995
05_PrefabModel/HotUpdate/Decoded/087de8d2-3a2e-4e67-b6ba-c1bfd9307e53.json,812,11ee48e582b018b752ce16dcccb0931fdf5d1717b6858ed85e61ac13f5f3c763
05_PrefabModel/HotUpdate/Decoded/08efd144-c597-4feb-b4fe-ff192592499a.json,41958,1e967aa27c0e297e1e9d06e88e0ee73c26b0853ec35568b0450d688f2d9bcd52
05_PrefabModel/HotUpdate/Decoded/092b1a93-c7b0-45aa-812c-16e56049c2fe.json,800,b2d1a33e9e0e7b94ab20c7e41c1fad2a1ae2935e85f040835eb133a862ebcae1
05_PrefabModel/HotUpdate/Decoded/096204b8-ca29-49af-9199-dfe098d9dc89.json,740,735edd4c5a14813b820de06d463410da9d4429741f94186d2a80431f8ce0af40
05_PrefabModel/HotUpdate/Decoded/09e37d60-c40f-48ea-a865-785c71aae6f9.json,813,5db93e96781a666d4fc8818d99982bd7abbf03c13a09ac0d3dd366c83159e3a4
05_PrefabModel/HotUpdate/Decoded/0a242cf0-1cb8-49fc-88eb-c11b50990c9b.json,804,dd114ce7d8a8cf1d5c2eb171f47c2382a8d41a9e33301c0e9c70e04bb7102c2e
05_PrefabModel/HotUpdate/Decoded/0a37e04e-2601-4c89-983e-7e8e5ac2306f.json,802,71ac99f3c4169ebf617f7fb7ebdf6dc2ff6236dfee1da68ef6560b5817f60f57
05_PrefabModel/HotUpdate/Decoded/0abeb70a-d583-4a2f-846a-c54a53cd76f7.json,743,1aa82f7274686f14d0ea43eeb728520986c5e755ce2faee40662775deccd868a
05_PrefabModel/HotUpdate/Decoded/0abf1807-89df-4f7b-95b3-3c5724573be4.json,409,04994eea20247325776e5918c41f89c5bbb8ea6b6b141c5eeee79533347aac41
05_PrefabModel/HotUpdate/Decoded/0af43847-621b-416c-8498-c228084b3f15.json,403,54834cd0e700f4cad55abd60ac30d079fc8c85f051b0c75f9f61365d582f35b7
05_PrefabModel/HotUpdate/Decoded/0b3927c9-e887-4073-8b3b-ba5d34b5c192.json,397,0bf19658ab4747e99f06877399e63a932f6a2ee6a75e49b0aa7fff344ebe35b8
05_PrefabModel/HotUpdate/Decoded/0b53cb8c-6d9c-4e56-a256-9c5ef51e4cf5.json,775,06a444f1c26b294844ca2212956ce77f84d942b6c0d963b7530d6df282b1bf9c
05_PrefabModel/HotUpdate/Decoded/0b7600cb-5235-4192-a1ab-774844baa387.json,400,1a2672dc23eb1cf3b8199f04a28613652efa166e61ececac22be915ad80bdefd
05_PrefabModel/HotUpdate/Decoded/0bd53f5e-7d47-42b6-96db-b708f7ee103c.json,17405,271dab0bb38d620423b60d340671c0087fdc7f71f4abe76a2b0946297863c091
05_PrefabModel/HotUpdate/Decoded/0c5eb910-a605-449d-9433-b8fb202e7938.json,745,0837125e89dcf7b10196e1b585922458243f83f9a566c86b30ca889d784bc1de
05_PrefabModel/HotUpdate/Decoded/0c92658b-4eb4-4c5f-b08b-346a26c8de44.json,815,ecaf674256eedbecce1ce3990426a46440d6e32505adebfa7386cf6fb7426e4c
05_PrefabModel/HotUpdate/Decoded/0ce0129c-f5f5-46ff-ba29-929759b228f1.json,392,db57adec93f981ba7a711b987cd5e4210bf8825fdde99b9919a98be0e521e02f
05_PrefabModel/HotUpdate/Decoded/0cf1474a-03a0-454a-91b0-9d00354b65f3.json,38036,4a0b2cc8a52e3a7a16482374d301a8eb601c7a5834f9d9c092cad532bd340c3f
05_PrefabModel/HotUpdate/Decoded/0d3df2f1-3d1a-46de-83ab-3fb73136b597.json,807,ef7c367deda1b19bf18f4157be552905e327111810bd66483b8f0fa1db77c7e2
05_PrefabModel/HotUpdate/Decoded/0dcb2924-629d-4799-8cdf-2aa784f0dac9.json,809,af7617b5d81e225f3e7a638879da8f3a9638f57f4280b419990c0f58ce1fba08
05_PrefabModel/HotUpdate/Decoded/0deffd13-2e78-4ebe-beb9-f2085a1858b7.json,6747,b7a48fd5cb8fb5790cfabc26db73c9a136dc26975bef77d963d5088d28bfa797
05_PrefabModel/HotUpdate/Decoded/0e365a00-f5b2-4117-be37-31d04ff0b8ab.json,812,c073bb1b15bec50fff60eee4b8dc98bcf6542f2f06ea2e9cc2f283103f536d93
05_PrefabModel/HotUpdate/Decoded/0e412bdb-b6bb-444e-a4a2-d0c37d28b66e.json,805,4493ccb93480aebfc62ce21f45f57662e4d67ebad5c1a7e6915ec89e334f0d36
05_PrefabModel/HotUpdate/Decoded/0e4ce643-3ed5-4341-aaf3-dc24d07745d8.json,817,2d4d2e861e85d4ef8211767fbe4dc49f37d904fb190dcf9d4d539e1dc568da43
05_PrefabModel/HotUpdate/Decoded/0e93aeaa-0b53-4e40-b8e0-6268b4e07bd7.json,6888,7577a8cec835ce2071f3e9f1cbb3a2cfb6e26299b27e01fb5f153a12ee167b1c
05_PrefabModel/HotUpdate/Decoded/0ed6258c-2da2-470c-954b-47c7151aa008.json,819,326edfe8ac0ec0ad581228fc672c0eba09d5338d454a8c3b99250dbba02af9b8
05_PrefabModel/HotUpdate/Decoded/0ee794a2-3d3b-4b61-ba6c-d8468aeb2901.json,804,68a7988b2d8cc617927c1392729f9649a2f112bf668ac8b157cd4e60b43124a3
05_PrefabModel/HotUpdate/Decoded/0f580ed0-1aa9-49fe-9de8-cb868dfbd690.json,802,57169ccf6665ed13df51bd3b3de1c257ce1f2f30c3101c9ada2ffde7b1427292
05_PrefabModel/HotUpdate/Decoded/0f84349c-ab4c-4b10-a5fc-47e87e20b0c2.json,800,d4a813dc64e9233ecacb3b172bf0488d893338668d4bdbf1d90f2a3ea7136b7b
05_PrefabModel/HotUpdate/Decoded/1024d1eb-68bc-4347-b0d0-b02997f2cfe3.json,391,9bbc690e4148ea04e7d3bc45c56c9eb6bfa23fc8d0aeda9eb91e2989b08d7d3d
05_PrefabModel/HotUpdate/Decoded/1059e560-1ac0-4260-80ef-2291746bdd38.json,15741,01fe215cc31ce77ce71c8ea10d3713c09a00245f5975bfc5cf5453c7d39624e2
05_PrefabModel/HotUpdate/Decoded/1099c00c-3f12-48e9-8990-83528de1f866.json,398,4104e98a19f9b1df0d0146169d60ec693c62844ad7372e33bc350042dbfcb4f4
05_PrefabModel/HotUpdate/Decoded/10eaa0eb-425e-4412-ac89-9a33627db09e.json,815,9fa01aa6b01224f843337227f62f3b51e427529416b533be7007eb1f8ee3d43c
05_PrefabModel/HotUpdate/Decoded/1105fa04-a1dd-44fe-b2b8-90a242734048.json,810,1c1e9529241a405a8db883988af5fb49ff56ba975e6bff6261ecead8a8ddd4be
05_PrefabModel/HotUpdate/Decoded/1128dd07-33f2-447b-b7f0-f28d87ce2dcb.json,802,710208713058359fabe247aee40feb2ae52c670c597b47f74da91f221efb0e07
05_PrefabModel/HotUpdate/Decoded/114eb6ba-a1c5-438d-a0c4-99af60925a27.json,743,062e18e346194944a9a16a19e6badeb19fd3f865fbb51a669f2561d6f5b977a3
05_PrefabModel/HotUpdate/Decoded/11731d9b-4f60-4182-a2b9-55ba4cc24c35.json,803,26ea129138ae668479c98b430bde0094cd057b055eac76cfc3c18784d31bd6e3
05_PrefabModel/HotUpdate/Decoded/1202ab1c-86c6-4b8d-9b96-a68c5410fb5d.json,413,8e4b6b61051cffd0b1b47c36be7b3aafbd2bbbbf69ef726d0421ed30006966e0
05_PrefabModel/HotUpdate/Decoded/12890502-2ae5-46d2-9ee1-b347da44a028.json,830,94109afd3ea17ded85cb63f7f621d7520fa9279764deb76926f87dc0a29c4951
05_PrefabModel/HotUpdate/Decoded/128dec14-3bfa-4edc-bc6f-9870eeec315c.json,809,5e12133bc9430c7c8ab20b2b8de1d36bb6761536438beebc99958bd92a3581f3
05_PrefabModel/HotUpdate/Decoded/134da679-2588-43e1-837e-a991158df399.json,392,422447df070681be00e11ec5dae9779cd00767acd157a9b60d8be45da5fd037b
05_PrefabModel/HotUpdate/Decoded/137a80a7-c9e7-4eae-8485-1dd99b9649e4.json,809,0a793b11eb1589f5a7081b652c20c55d60c07f46e1cf8958d1c397073f0b137d
05_PrefabModel/HotUpdate/Decoded/13a53c7b-9477-463d-8954-84403ced20e3.json,821,3003f8a8526d38dbf3e437752a4231bc19b75aa4d1bab0ea4fee2297a023b004
05_PrefabModel/HotUpdate/Decoded/13c996a9-7ce2-4605-8a55-6585c9791f06.json,401,426d10976f9d96e12689b1cfe6441ef110636287a1a99815812817b22e5c4d7a
05_PrefabModel/HotUpdate/Decoded/13df6558-8c2c-4f9e-90e2-4deb7892072f.json,828,eec0dbb58f440554ef9ce8595960e1b9452adddb524741e01a09003f6ff6ace6
05_PrefabModel/HotUpdate/Decoded/14348eba-1ece-4d1e-9897-340dbd6248b4.json,811,f9e84eb606cdf16c588e276874b2ba887a37a43707c60cc1db25a1cf3fb69020
05_PrefabModel/HotUpdate/Decoded/144c3297-af63-49e8-b8ef-1cfa29b3be28.json,4191,e9c82286f863b5737bd94653dc9997ccd5c2f0ca7c008d2cfb31f0264f4e0494
05_PrefabModel/HotUpdate/Decoded/14b642d4-c488-4833-a289-e4e3c535d52f.json,405,f2d9fc1de30096ceded1f3e6bca06f0830f2039d8d213a0068e917e2192951e5
05_PrefabModel/HotUpdate/Decoded/14ca5528-a7d2-417d-8034-9b1c02884626.json,430,13cb2c38dfc0f8936f63ccdf14b9b574334689952220ece56fff372fd3b1cec6
05_PrefabModel/HotUpdate/Decoded/151b1f43-c105-465c-8fb9-ec9a56413889.json,809,2bcb38c360ff4336b97fd35d8fdb07e70f8e7cbbc52f11a4dca9916bd006b103
05_PrefabModel/HotUpdate/Decoded/157696c5-4a44-4e24-999c-b234d6c5e030.json,425,91bf76db8479a3daa0152d357e075b339e3e2d71a0483f14d3c730b19c0a8934
05_PrefabModel/HotUpdate/Decoded/157e6f05-e6a3-4262-bb24-8e3c0382fe05.json,392,876f0144561307d2866702eb0ec2d5f5027cb3149f7668874ba56d97e22bb273
05_PrefabModel/HotUpdate/Decoded/15fe22b1-2aa8-4b92-b523-3760b9f77c0f.json,843,d9c8dbb58b912b2ab85a01cd57d39699497fb95bba812770c7be3c6937a9b617
05_PrefabModel/HotUpdate/Decoded/161c2821-9062-4078-b9c6-f880bc9a5cb0.json,364,46dc3ec541772f4da8658af4b6be9c71405b990c17fa2f4d023b2e5ff82d54d9
05_PrefabModel/HotUpdate/Decoded/16579a07-8947-421c-8572-f1772b66048c.json,744,993e5bc7e305353e47b26fb7a829dbca512a78b5969522110788a6ba298619e6
05_PrefabModel/HotUpdate/Decoded/165ba37b-d5a7-4b0c-b03c-2f934702b864.json,826,7a4ae8d9adcb38f03d934753be3c9e01928d75e431d74169a8bbcc7b12a1e5fe
05_PrefabModel/HotUpdate/Decoded/16a850b7-4fac-4077-b410-7c8a4868289b.json,397,fa4a1192b3031349a06389aab11a25ddf08790acec0a6b353c5c0909437b6208
05_PrefabModel/HotUpdate/Decoded/16c370db-1f09-46fc-9ccc-92bf46772804.json,803,4704aecad1ab77754c772698fee8f9f297491ce2bd94114bb96491874b256add
05_PrefabModel/HotUpdate/Decoded/171fcd12-a0f5-4e68-a600-ac4af3fcb481.json,402,e1c609162deaa0a08405af01049498bef4814263737fdbad1cb7db72de415092
05_PrefabModel/HotUpdate/Decoded/174415aa-8a0e-40f6-b895-fa086a2653fd.json,802,d41cddaefb08775af4a23c06a0a73867a747fb537da8d5a35b7bafa4f12b5ef7
05_PrefabModel/HotUpdate/Decoded/17455961-9832-4328-81cb-b148f6ab1b59.json,822,dda9fccfe9207dcf8664b0420c6030db7c869e6f86fb145ad0bf0f9ffba06223
05_PrefabModel/HotUpdate/Decoded/1755afdd-d336-43fb-9955-1d4f84ebcc53.json,817,dec9c881fb45a183b280532a1e11bd87ef61c588ac6f6c2e494630ee205bc44c
05_PrefabModel/HotUpdate/Decoded/187220aa-4af3-420c-b91a-2aab35aa6c02.json,27400,f9d18e96861ea09ba6c76086dc1e30ba9ca495c14adb45a0fd45201c66248c39
05_PrefabModel/HotUpdate/Decoded/1896be18-c13e-491a-9513-067f7d1ade52.json,740,97abefc4e398a754ab9648fadffee8700217532c60c3d454ae091cb5be683a3a
05_PrefabModel/HotUpdate/Decoded/18aedae7-fc02-4437-b3c3-04ec4d422e11.json,407,31849f568c28e0c5b1b35134d007bc963448479068de0a8e0c88e2f180931089
05_PrefabModel/HotUpdate/Decoded/190243c6-fe6f-4939-8460-9002fb15eee1.json,826,3d1912f83024b5e3337b8f7ca4aa27248d92b1a05e90518e481bd80f5fd99cba
05_PrefabModel/HotUpdate/Decoded/1936bdd3-a2fc-46d6-abff-206b91a47618.json,813,6094a071b4b3ccd567ba93d77fb1a27d5c334543b6ae53f97202ec2325289c91
05_PrefabModel/HotUpdate/Decoded/195855f3-6ce0-42df-97ad-dcde9e976f66.json,364,709b979ba561c40fbbc26c9120b2417c301e1c32275bda6146b2ae2a6584b673
05_PrefabModel/HotUpdate/Decoded/195e80d9-e152-4235-8de4-aeb7dec1b6fa.json,811,d5be231d8c037c62fd5747de23d4e5a473ad8480c26c5d41d3c9c6ec1b638c7c
05_PrefabModel/HotUpdate/Decoded/1a6a9105-bed5-4028-9154-069bc801e6f8.json,408,6ee0d1ca324cbf2a2c1263304a0fd2959051fbce5d4afb2a2e5eee20ecefd6d0
05_PrefabModel/HotUpdate/Decoded/1aa2cd20-b235-473e-b448-613c5cef9c5e.json,821,4dfc971678fd9f15467d9dab726c7e5659ec7c3eb92d1c11d51a07745b5efb53
05_PrefabModel/HotUpdate/Decoded/1b01c63f-6fad-4a9d-bf35-f03925583c07.json,413,dda6edf302ea54b2c8006da96bbe66703c1296b40fc11f317b98b152f4ac06e0
05_PrefabModel/HotUpdate/Decoded/1b4b71c0-a4b3-4e99-9929-266c1d7e51b7.json,751,86e0b0d5a86565dc126b93a0d56f3ad9ed4de34cc838d17aa2d42bba9c1599fd
05_PrefabModel/HotUpdate/Decoded/1bff119b-9a15-4bc0-b0d3-851a752661eb.json,399,eb3a20952d98dd445a86cbf053e625e020aabe4376cc07a5aba4f05a95ea37e1
05_PrefabModel/HotUpdate/Decoded/1c15b816-1821-44b1-adc6-469d26fe60f5.json,396,772fe4cf72aea0bb999f1ac26b4d3289556ca39950933c89020a4c85e7a5467c
05_PrefabModel/HotUpdate/Decoded/1c4c35b4-5fad-4708-af9f-187dbf70676d.json,400,e763fb6123d80ea30f77f05a1865862d60215013d22b4da9e9083f96dbd13ccb
05_PrefabModel/HotUpdate/Decoded/1c96b1ef-04c0-4719-959f-4ffbddbc28be.json,392,dea02ea32bfa49afddacb53546fc1167835818fc0b7718191fe154a58a909e74
05_PrefabModel/HotUpdate/Decoded/1df1d9fb-6837-4b67-9341-95f8ba78101f.json,815,ea7f64b274c7c79f091a2e4f6e3c4bdbae2772ac3231a0cb2ef53612339fadab
05_PrefabModel/HotUpdate/Decoded/1e893d77-51d4-4e67-8817-57c9b3ec39c3.json,834,a06d546ecbb752de712111775255b90b0a378d5ea6f9e5e99bdc0198844dab00
05_PrefabModel/HotUpdate/Decoded/1eb2b9f3-f510-49e8-a7e0-5eecbb26d413.json,819,6c197c99030ba00b5af0180d953a90ab32011e3f9ae24a37e6d825e9a6ff3411
05_PrefabModel/HotUpdate/Decoded/1ec532c1-42a0-4f41-85c3-fcd74432d0ee.json,400,3d63117b797ca281d2ee7f018fb3882367ffa00f9d7478334b791021a4bf36ad
05_PrefabModel/HotUpdate/Decoded/1f05009d-40aa-47da-b98e-2f05b3371fc1.json,817,88f123091cc950432856eb11916d2e029467c78892ff29474709c7ee67f82345
05_PrefabModel/HotUpdate/Decoded/1f3c23e4-c902-41e6-9265-c63b6cb307b2.json,413,16238dbe661b69d9424d6d2d4554a99f52bc280582545a45a1cf3b748ff39039
05_PrefabModel/HotUpdate/Decoded/1fa6c8d6-2c63-47e0-a089-2fca14bce77b.json,405,63d547d92a12756619a8f516dd94336e3b9ab3681d5a9e03c11a4efaa4f8e5ab
05_PrefabModel/HotUpdate/Decoded/1ff5a8ff-16ec-405a-8b25-1d07f374ddc6.json,805,7c0af80ca887f6a35b48b58a59bdc1ef6278dfe0fdc7625d78ba7a8de6e49fc3
05_PrefabModel/HotUpdate/Decoded/1ff8efd6-3a3a-4ae1-a672-d2465d7db4d1.json,332,c61b55a0dd741db2e1be654772dc19a42538bf263f1336e39d7292485a7ba4b2
05_PrefabModel/HotUpdate/Decoded/202e7c10-4b83-40af-aed1-f7e1080ca46c.json,400,cd7752d15d112f396abae101859a8887e294feeebebfbc7c8a7347c12f540818
05_PrefabModel/HotUpdate/Decoded/204c7531-c040-4062-96a2-3feab67c0032.json,800,e72a1c7d802ee5e3eb93f2a4741f80c0f1361dd2bea75390be9612a0e049963e
05_PrefabModel/HotUpdate/Decoded/206815fd-7015-4187-ae91-f50d36298f42.json,775,70b7f3eac7e9fb202b444caa980070869177a60854247db8dd279e3b0b3e24cc
05_PrefabModel/HotUpdate/Decoded/208ca591-c94c-406b-96bf-3801afeb9982.json,402,db51d8ae0e102cc1c42e075c98790159cbd955fd66942867e122bc1b82283565
05_PrefabModel/HotUpdate/Decoded/20ec7624-692b-429c-964e-283df018c7ca.json,402,fbd5da4d7331d5d2681a6773fd736454cdfe4d94cc1f1780688c8a9b10f18f72
05_PrefabModel/HotUpdate/Decoded/213c9d22-92ca-4d24-a1fb-22f599137aee.json,391,be9d37beb1bec5f041675c086a02156e1d8dbdab1a7593f0ff9c16c425221188
05_PrefabModel/HotUpdate/Decoded/21be8783-c8d1-47e8-be5c-1a7e961b8bba.json,815,eebac8d6ebd19b14839fbefa10ff625e42fe528a79d4cc486a5d0949cf4c77c9
05_PrefabModel/HotUpdate/Decoded/21eba8b3-2304-47e7-b6bf-794759c9ad14.json,392,f578f37911aeff2ff41e2769c8ebbad03d552ab7b8654dd3a9d23f12ef610431
05_PrefabModel/HotUpdate/Decoded/2294695a-2276-4310-a7d0-0ff55a56b26b.json,402,5b9cf9477b988ad5cb9eaa8032da96384aa6ee42a93325416b37e6771ad39d04
05_PrefabModel/HotUpdate/Decoded/22bf6a78-0328-4b0b-9cd4-8f7e334698c4.json,800,f86d116c28d13c73caa0c098fd70154bb592cd5f1d92cde53ea33d7e5847595a
05_PrefabModel/HotUpdate/Decoded/22e21797-711f-4ea0-b61b-e86ad8ffe7f9.json,804,d84278197be3a6c100e4712763a006c2acb9f00fa184a031a14123c03ed283f1
05_PrefabModel/HotUpdate/Decoded/22f0a5aa-8ddd-4ed7-92ff-222d27980b6b.json,391,a9c9369a8a042d8fda58e4d1813073371850962d131925d47fe4cc86d317fac6
05_PrefabModel/HotUpdate/Decoded/231b9546-0e00-4adf-9f30-d91c7b1fdc2e.json,392,9b279164f17f28ab11835ddbbdb73b89deb49084ffe4768e57f769a31934b29b
05_PrefabModel/HotUpdate/Decoded/23913135-27a2-42c4-985c-0315848b12c1.json,392,4f7da5b9081b5e34f905608f39ecc0a9184cff0492bf080e20d355e0fd49205a
05_PrefabModel/HotUpdate/Decoded/23cb996a-b651-4bba-9f61-5f81690542b3.json,391,84d61a500f9c91cee366d31f845fbe218d8090e85bb03672eb73b00c5e243cb6
05_PrefabModel/HotUpdate/Decoded/24139751-31b1-4f10-9cce-29640eaf490c.json,824,4dff0bf5822b0f7c5803d1a78ce114511813c8f57185e9ef04caa1108d7fbc36
05_PrefabModel/HotUpdate/Decoded/244ae178-ee63-4a60-a2e1-719f5125e13e.json,399,98c6cdb0322b1bdc8646d6d0ab6c4a4303489d41f05d19959d07244bd1e0367c
05_PrefabModel/HotUpdate/Decoded/247e2b16-db87-4d16-9a89-b2bb94984ca4.json,744,d53b375c15942a3730b870e37f6451de2e69fdd54bc5bd2d3d21b18b123246f1
05_PrefabModel/HotUpdate/Decoded/249eecc9-01b9-4c69-854a-3152e89e6739.json,409,5bb382db11c3d23353483efc5115aac622f8ca96c4c4f944c895d41715ce2ea0
05_PrefabModel/HotUpdate/Decoded/25220b58-ed68-44d2-9fa9-7006807f8a8a.json,364,a838c6ebec977a7837721ff552a07f8d1cc6f8da1ebeecea56eb4820da8e870a
05_PrefabModel/HotUpdate/Decoded/252e9df5-ded6-416b-ad00-e6c0c15c7f86.json,774,4c708926135b88efe9c3e364976c2d1d3853cc84689c9dd868a0e17a26e84e15
05_PrefabModel/HotUpdate/Decoded/2555b6e3-ee49-4793-b603-1dbdeb19bfbb.json,398,94f9a3453498f1e91b35e8fa1b09053dedfdcf5787b22f66464a790aedf2ab9b
05_PrefabModel/HotUpdate/Decoded/25621828-3796-447e-97fd-e6bce7f69077.json,392,1024c0ce44ac6ac79b4dabb7469e45ce7bbf27adf74e5023b37d840b5fca8f55
05_PrefabModel/HotUpdate/Decoded/256a3042-75af-4d9b-a5b2-e900b9ada931.json,809,1cdfcc0a6afbcff0d448df100621cb4e240a8294493a361d0e7f03939c186b5f
05_PrefabModel/HotUpdate/Decoded/25ceb86b-c0ff-4bfb-af74-99561a57459c.json,809,9dbefb873c25dac7792619411b7980fab42f7610ea8a62df3635d83f4653e657
05_PrefabModel/HotUpdate/Decoded/25d357f2-08d5-40c3-910a-2cda72d08ef7.json,802,3e68b09bb05c422382610ad26c76e75f3b9f4297f6127f666927fd77a285662b
05_PrefabModel/HotUpdate/Decoded/262c07ef-5987-49fc-81f0-bd059baa8aa8.json,396,2134fd6fd0bf9cfc34ac34e1273fbefb37cdc228b3fb55abfc2159dfba264776
05_PrefabModel/HotUpdate/Decoded/264aa8d2-af4e-4b83-8151-50d3d9ceef0d.json,804,91c1464b58379f349cfb91e3ae969c5456ebdab05f0c18966e7b1fcad9a30f90
05_PrefabModel/HotUpdate/Decoded/27054148-b2d1-464c-bf44-dd1958858e7d.json,826,d498ff59d141256fe4c8fe7bba3e360922694f900a1c90d8d1bbfcf32811777f
05_PrefabModel/HotUpdate/Decoded/27199576-486f-4ad1-9b40-8c3ad0b29713.json,742,a43a5597227eb90c299ff7907ee0f9e214ac1cb5b5d422745c4c1e11f84a1aa2
05_PrefabModel/HotUpdate/Decoded/27240b2f-85fa-4233-802e-c639da2c5f4b.json,823,d2ce831d6f13e4571c0554115b74795137a09c16069b79dfc03177c20bd3603c
05_PrefabModel/HotUpdate/Decoded/2748d4ec-0869-4507-9ca1-266c659ac73e.json,399,71eea5280a9e30e491ce6adb2b0ab6a128daa5353f214f355cc49fe84c79bf76
05_PrefabModel/HotUpdate/Decoded/2799c570-4cac-42d3-82e5-efa7652e9bff.json,818,7b7e2863cf32b1840fb4017cf4013e8b75d5027c17dbd2c0dd48bb57e770f191
05_PrefabModel/HotUpdate/Decoded/27aeabe3-12ad-4428-a484-59cb1d17be43.json,392,0ec9a334cab2fd14429c67fa60d10d853ea44379ba59d155d74b73d1e7579d2a
05_PrefabModel/HotUpdate/Decoded/282c618c-3cdd-4dc8-a406-c85bde8f7252.json,411,3bfae13fc97bde9f710328df146a1758bfd273eedc98b620c99b8f97ba26fc4e
05_PrefabModel/HotUpdate/Decoded/283b33e3-a27c-47dd-9c07-5bca8ced7297.json,404,1c9ea88fc183b9001b9a7457df33cd474cc5b02c6f6ccb2bf42e24f13d2f00cc
05_PrefabModel/HotUpdate/Decoded/284583c4-da92-4a53-80e2-ae06dd582146.json,786,4d9f3f921fc959016d75f65353eb0aa0ccc1ec91976bb9ce23cffdc26db9e8c7
05_PrefabModel/HotUpdate/Decoded/28459be8-9921-47f8-9514-424771696d14.json,392,399074382654d7d84c4b1a3855d537153bc987da0ca4106982cf755c178a6657
05_PrefabModel/HotUpdate/Decoded/2874f8dd-416c-4440-81b7-555975426e93.json,6615,4e1a93f614c98169902edb8817da998b072b940845e83c3b9ce8e784d3ced9c8
05_PrefabModel/HotUpdate/Decoded/28b2978f-9ae0-45ca-8b2f-8609aea1b50d.json,391,2f24a520aba492085880aca99b300dbcdaa5c738f03fc4b011edbdd28b65bc77
05_PrefabModel/HotUpdate/Decoded/28e38d7b-6f13-4a0a-8db3-994d5ec5e290.json,802,84d2308f0209dd6ca520b281217d9ef276b1b732a2fb744dfd79a8ede18bf66c
05_PrefabModel/HotUpdate/Decoded/28e74edf-6f12-4b46-9de6-9aa02ceb097b.json,401,0175ddc31c71087e96424fe20fee47fc02c0b745f73ceac72d53030aa960aeb5
05_PrefabModel/HotUpdate/Decoded/28f2d3c4-05a0-4e2e-a7a1-e32a362f4913.json,802,35be63782aa932c8a5863bb16ca6011f0a582d2c5edbb61f59eef4eb9d76288a
05_PrefabModel/HotUpdate/Decoded/29158224-f8dd-4661-a796-1ffab537140e.json,792,a32693e7239ccb5b0bd70f087dec754dbd459f504519c6851bc4a46a799c6fe6
05_PrefabModel/HotUpdate/Decoded/29c058d8-9d21-4a65-9448-0e387243911e.json,741,2582e88f896cb8332bc738e58a562b10da06dc6e488e960aced04b0c09861091
05_PrefabModel/HotUpdate/Decoded/29e8dd88-2fe5-4b2e-b277-c6fb3c581ab0.json,12565,eadd49c2a4bbb0e90bfbe988ca7f15e26aedb48ec7aad6841d83bf0c53149e9a
05_PrefabModel/HotUpdate/Decoded/29f635a5-b3c4-4ca8-b981-7b968878a221.json,402,4287c4eb9d610cd9a3a96f974b764fe9eed98172dcf7b917a6c19c286de2754b
05_PrefabModel/HotUpdate/Decoded/29f87d66-c648-42a5-b463-4e0f20112084.json,774,61521137fac8eb010e10fc3f533c03f959cc628f1d7d796acafcefe75adac804
05_PrefabModel/HotUpdate/Decoded/2a089b0d-0c58-4852-b031-dcfb3e6aefa3.json,428,a54ac46ff7406e95d1c647844cc86913e7d4f377dbc3e4822caad55e5c3b4ae5
05_PrefabModel/HotUpdate/Decoded/2a21dd9c-b800-4706-aadc-a38ddfcd8ea7.json,828,4e32716fee5a71a618d28d819aea602076769b033469ecb605554c8cfe281b53
05_PrefabModel/HotUpdate/Decoded/2a296057-247c-4a1c-bbeb-0548b6c98650.json,739,1255f7db233f31fe2742060a251cba469586ff5235dbad272005cb537240c701
05_PrefabModel/HotUpdate/Decoded/2a453ae1-2b0c-4541-97bc-6ccd9abfaa31.json,815,416162b77e04b9919d8d353b04de49adf386bd5c568b5574a67d9764fec59b2e
05_PrefabModel/HotUpdate/Decoded/2a7c0036-e0b3-4fe1-8998-89a54b8a2bec.json,31156,1091be7ec539e73a993aeb0497309c96be5e9ad8e56497528d9367b6686aa705
05_PrefabModel/HotUpdate/Decoded/2a8cc108-297f-4d8f-ab9e-aca52cec7a5b.json,392,f6cc85ada8cca1e4573b3a2b927521a8a177294b6ef1ff5284b14c54e5bc9fbc
05_PrefabModel/HotUpdate/Decoded/2aa7ae77-0339-4e03-9595-4949c84c9de1.json,802,b55e209ea70310bb1aaf19f35b9c0bff931565875a1cd07b211c8441be7adb8a
05_PrefabModel/HotUpdate/Decoded/2ab8775f-f4d2-4f38-a7f5-e4668d1d558b.json,802,0165cb0d5424dc3b0ec265a8638b79f43e3e4843240e4a94b1c7e3342abf4be0
05_PrefabModel/HotUpdate/Decoded/2abbf8ea-bb4d-4558-aa6f-d1161eb704bb.json,392,4c04caf90cbd90ed354941a16ddcbeeb21e797328557a461d9cdb7fd1a81faaf
05_PrefabModel/HotUpdate/Decoded/2b0cdc24-42ad-4d0a-baa8-c394059d3adf.json,817,335aba9a9a11f060b913946b5b72e7e3e529c6e6f763e331c4296ab2bbf4d8fe
05_PrefabModel/HotUpdate/Decoded/2b3aaf20-cfd9-4c7e-b398-7f8cef989381.json,402,b621ed1c164cfb4dc5a4269ef1b3d9431df288943446ce5f5d70df1ba80132cd
05_PrefabModel/HotUpdate/Decoded/2b6f8e1f-3171-4356-8865-ac0c0b9840eb.json,805,02698468ef63c1a4083bfa679139ab87758ef648cca1e36a15f124473af9a986
05_PrefabModel/HotUpdate/Decoded/2c8e6768-3b52-47e1-9f71-c6cc6a8320ff.json,364,5f2bc4448d1beda9127cf949e161fb5014f966585623e1058b9eb82b96f37969
05_PrefabModel/HotUpdate/Decoded/2ced43d3-8dd8-449a-860b-4e19036e105c.json,402,6bb9d90a591111d225ca258675a64e59b7e06e3f03f115659d560cdd56773e5e
05_PrefabModel/HotUpdate/Decoded/2d5526e4-3bf4-406e-a9f0-c52e15cbcc1c.json,804,3fcd7746db50451e355e1ed27538ff1e880c1df620dce93d67c1180efc8eab27
05_PrefabModel/HotUpdate/Decoded/2e7b1ca4-2477-4b3c-a089-3a3f613cf408.json,824,06cccf46f6bad432ac5721c0ab874e7fbc65ccabe08fb1d9cd3d133c3bb7c2b5
05_PrefabModel/HotUpdate/Decoded/2eae9c8d-fe0a-4d0d-9a78-0a3162c3a5d3.json,814,c18e98a03e4f2ac7cd9084a387d4a55627b713b0bde111c3e43cbb48ec75dd8d
05_PrefabModel/HotUpdate/Decoded/2fc65a1d-8e55-4e95-9e6a-419261e99044.json,776,1643826dfd12bc6c8977b5866ecee2a577426b240aa6cb22c26b9c32d7ee6548
05_PrefabModel/HotUpdate/Decoded/30403932-e248-4e6b-8edb-d33f65c8f841.json,803,2ffe0ebaee5ca4a9538756a701676141ceb022c4359df0a1247ab4f0268ead27
05_PrefabModel/HotUpdate/Decoded/30682f87-9f0d-4f17-8a44-72863791461b.json,5223,e2da0e65039b5fcd70be9c2a28a955e5d1d1212d250fd87c7f82615018c85a28
05_PrefabModel/HotUpdate/Decoded/307e360b-615a-4831-9cdc-2eb14a810e05.json,402,8e40f73d926e64453d31c2677d9de93a5baceb0d5e1a602734dd73cdc1ca135d
05_PrefabModel/HotUpdate/Decoded/30e3fb57-65d1-4062-82e2-d96d28f6029e.json,813,8bb52bdd67f5cf423f01c4d3e921ed27a64cc0dfe886d4d7a2e6cd784c77f18f
05_PrefabModel/HotUpdate/Decoded/30f4878e-f8e0-4924-a240-5305342f41d2.json,398,e6176fa5da8cc95c1a9bb09e245b24efc9337512b653b14df3d82a072bdb632e
05_PrefabModel/HotUpdate/Decoded/31183d22-9f29-4557-8a01-6c48a0632176.json,825,a6924adaca6baac39fb83a1360a1c66b66e4375e50fe90314f0030de2cc82c8e
05_PrefabModel/HotUpdate/Decoded/31bdda63-a545-4e5b-bee2-938ed30063ea.json,404,a9e1d6cdf0602eda1254872c08ac01e959bf5f17ea45e0057265436babd05a9b
05_PrefabModel/HotUpdate/Decoded/31dcc6cc-e6f9-4f0f-ae66-bd440acf1b57.json,802,998a7a818f20ba0c606cd881f89a82583da718fc3414cb6d531d721865c787f1
05_PrefabModel/HotUpdate/Decoded/3268668c-f5d7-495e-9b9e-c0559cf58529.json,407,548e74897142469ae00de90e2dbc160f75e4b7ee9e4194ccd507553bccd6433e
05_PrefabModel/HotUpdate/Decoded/3282681f-2e78-4e43-aa07-e04daab53f87.json,430,6e8942e30821fe5ecc54cec01986d033d927c114eb2643c3814bd9235adb2fca
05_PrefabModel/HotUpdate/Decoded/32e1e60b-cfc2-4751-8f07-5537edafd904.json,409,75639a4e445ba06b813653724cd55e6bb437d4d9edcb91b6b0287d761695a299
05_PrefabModel/HotUpdate/Decoded/3316616d-6200-49cd-9606-56461b6d4267.json,425,efcfbc46a0de0bef971ef0160daad16d8c0add563361a7ec3f906d137b993138
05_PrefabModel/HotUpdate/Decoded/346619c8-e3d5-409d-8788-5b36381b5c62.json,401,d0185e1e5d34188f2cd3dd4c30e41d3eb113eb03af44103ce677e747f561875e
05_PrefabModel/HotUpdate/Decoded/3487c262-dd08-47ad-9b00-1fe3a00c4e4a.json,400,edfd1b404151389e02f9346844725db868785be01ed54634c480808ae355e31b
05_PrefabModel/HotUpdate/Decoded/34cc23cf-7abe-4fad-84bd-e3e1ed30bec6.json,836,04b815d5f89bbace1b2dc3aa5e962000b42679ea565bb4d863680d25e06ac114
05_PrefabModel/HotUpdate/Decoded/3511249d-972c-45fb-a8e7-dbbf1481a6aa.json,392,694e087029e8c9d3b96b3db51fa6a6519853e1df5747d10caadd553ff96b17a1
05_PrefabModel/HotUpdate/Decoded/3517b175-a829-4209-bf85-4756a1769de7.json,392,111617acb021c7c8ee4b538a09d0bc4b3e22715a725e9d977ef916da437414db
05_PrefabModel/HotUpdate/Decoded/3539e574-10aa-4173-abf2-0ff1d1178890.json,815,72d8c033557d78e284af18d763dba39ab4a91a0a69a3b98bbb53368ae0e6e3cf
05_PrefabModel/HotUpdate/Decoded/36341612-9909-4bdb-995d-37aca4695446.json,824,a0fb05802fc858448c206091cd18e79bdaed7b8730f1fe56fbc5cf02003da7d1
05_PrefabModel/HotUpdate/Decoded/36909214-3d54-4105-8405-c410d6acb867.json,63174,05668e3df6c202c16de14a1397d3727632c7f2ba7502cf678d0fb43be0fa04a3
05_PrefabModel/HotUpdate/Decoded/373025c2-0472-4260-8731-2d2320f75c73.json,392,8dff02693eca473e85f9f468e92bf4358d1cc565572ff9f70efb96f76089c682
05_PrefabModel/HotUpdate/Decoded/37449846-3dd5-4a6d-bde7-6b7ab558e4bd.json,402,ad1e8509e5965d2b449d6c5a5cd77fbad3a1426971b358eab4916ea3dd2af539
05_PrefabModel/HotUpdate/Decoded/37679b0b-a717-4693-ad8e-e119f9b94cc0.json,391,028243d3c9621525c72cfc193b284ee8549503aa9e5d1626b529ae9616da4e88
05_PrefabModel/HotUpdate/Decoded/377973b1-6623-4887-95f9-5a645f96632d.json,813,c6534aefce8dd71e3fd6a146c880cd082044f6a3538b3bd46f739515163cdd0f
05_PrefabModel/HotUpdate/Decoded/3892357c-81e3-41c3-8118-c9f2a090da7b.json,815,81a8639026567143e5032e94435702c40f77ecd28ffb65bab5dcb909f0c10650
05_PrefabModel/HotUpdate/Decoded/389d314a-9283-4bf3-8486-4d08547347e4.json,404,6d710ba8dc3245880443e4d52c145af06f9c7be0cb80cf31754723789ce1faa0
05_PrefabModel/HotUpdate/Decoded/38c3487f-2e85-48e1-a058-e8ffbeced06f.json,822,cbad09dcfef0c5d48554f56148db88f801694ef48f4f8345ab0b16813d65880e
05_PrefabModel/HotUpdate/Decoded/38cd33ab-e885-4820-b8ac-6740f363a073.json,401,d2e1a7102501e80294a801b37b47b97a38663ee817b64d727a68d9af34a65ca0
05_PrefabModel/HotUpdate/Decoded/38d9c1d5-51e6-4eef-af24-b00d9e573900.json,402,7c940eacb24dfd83b40ee46ff0eff025fe18516125c22f7f2382b824ec7b5958
05_PrefabModel/HotUpdate/Decoded/392b04ed-c03b-4198-af4a-de354b0411bc.json,800,8a59bbc0dc1736d97c5b8d1733dd7e87ca033fbe5669bd50207437cc23e8aef7
05_PrefabModel/HotUpdate/Decoded/3945182b-8fe5-4217-9267-de38c7ec46c4.json,397,25e35054809875a3331cca0a5d88764ea9a833918cf73443dc4d680ec634d318
05_PrefabModel/HotUpdate/Decoded/39921fd1-3e5b-40c0-a0ed-b445520f70db.json,400,3db5168d80ab59ed961515ddd1eb1d61a34c7a37dc5a51b5379622a362c45ad6
05_PrefabModel/HotUpdate/Decoded/3a453ccb-3258-4d80-94b1-962e0e65e478.json,811,d6bbe09a6262ef215d2ddeb88712c3b7d69fccfc93fa913a507cb8879b2f1a5b
05_PrefabModel/HotUpdate/Decoded/3a7bb79f-32fd-422e-ada2-96f518fed422.json,496,bba8900584e53ba7b4d0a4375750c6ce6efa7a4968c84cfe8b69e1f1cd19a6f1
05_PrefabModel/HotUpdate/Decoded/3b43d6d3-40ee-4db3-b178-8218db767beb.json,408,688589671e9b1e33db10297d5e02c62d335ae2104e2ce5b962571abc6eabcc59
05_PrefabModel/HotUpdate/Decoded/3b65d51e-2dd3-4efd-871d-97f2451e4a88.json,805,6659095cec4b87258c3a5ddd2d412ea4488d2f02690454934cb2fa5be45573e1
05_PrefabModel/HotUpdate/Decoded/3bd61181-5a98-49e2-865f-885213a16b3a.json,14441,ef46b2324eb99964894b7f9deb0819a2520a30238e567b75a6568640bb4c2bbf
05_PrefabModel/HotUpdate/Decoded/3c55dc23-4711-4586-ae5e-7f0601524baa.json,58427,a0748803019af16c2198d01a4880f0357b7029c93191642eea47c31d19718862
05_PrefabModel/HotUpdate/Decoded/3c7d8fda-a915-4f9a-9a20-029778176c43.json,815,e24c94aaabf646c125d3020ac9a01d0ecd56d461d2ce78766df3fe5678f63d6e
05_PrefabModel/HotUpdate/Decoded/3ca9c65f-89a2-44fd-9c3f-d598d2a2e011.json,332,f49d91827dd26e73e61b513de52032e9a66a9f84bab616325ef68209bafbb645
05_PrefabModel/HotUpdate/Decoded/3cd28e45-5ac8-4769-83b0-199d011aa6b7.json,392,4bf21b53c50c301c66fedd9c983dc09d1a5eed905003f754cd59c272c9e05ba5
05_PrefabModel/HotUpdate/Decoded/3dc86e89-44bd-4b4c-90f3-fbd65f421a2e.json,13264,6cc927cb02a0fd0d0e9b8c2a5a106557a705a5f4df15cebfe36394b9bc218e56
05_PrefabModel/HotUpdate/Decoded/3ddb7cd6-f96f-44b1-accf-1eca6b267915.json,815,61f1a980e33db67461d363ed4768d88e91aa6b68f88bab4f25fb9af1952edd23
05_PrefabModel/HotUpdate/Decoded/3e78e514-5ea3-4e50-af4b-66b87a30c451.json,1104,7921a1ca180f8a6e234485e884189b39a0b8b8b700ede8d5f1b18e02737cf017
05_PrefabModel/HotUpdate/Decoded/3ea126e9-30af-4525-b52a-8f474a157219.json,802,4299078231ad13a9ab6f3041eba936b1893ce5d6fe5e33a7c76661eb5b2b9f1d
05_PrefabModel/HotUpdate/Decoded/3f35343b-ff5d-4505-a526-6dd06fdf73a4.json,399,7be41a776d48963f6b58e3b9d6e0122534937067b7f35384e159f681643ae7fe
05_PrefabModel/HotUpdate/Decoded/3f3a4e01-0347-49fb-8f57-a1e3e36114a1.json,806,8c9cb77334f2d7734769c57860fa88ea768e77bf4296ba27f7aebb02ab02a063
05_PrefabModel/HotUpdate/Decoded/3f4c189f-aea8-48b8-b6c3-d2d3f5ad322a.json,397,242b5f96532bf721a1e727b1ce4bd3b3e42339001741650d77ceb33e9d0b4ca1
05_PrefabModel/HotUpdate/Decoded/3f57e63c-eede-4494-acdc-a600143dc78e.json,364,4af982ac0efa7dcc0d05ea0dbba02ba36cb540f84d46c91d78003850026ec7ca
05_PrefabModel/HotUpdate/Decoded/3f909b92-f192-46e2-b6ee-cd6418d1087f.json,413,dd205b7b312d997a2fe2289afcb69c21b152d52e6bce554ca298aaa9cd3cb291
05_PrefabModel/HotUpdate/Decoded/3f95ffbf-9305-4d7e-85ed-bb2f2a112f28.json,405,8ccee1f597d08725135fa8d1b55d5879f7ed43d8c528c1b4a9a9f5eebedf3cd7
05_PrefabModel/HotUpdate/Decoded/3f9ce5c2-ec1b-4cbe-904b-96d423f5edbb.json,399,0c1a5cfb35e0b670ff36964006e259054a1ca52b6807867eecca01c9e8ee5491
05_PrefabModel/HotUpdate/Decoded/3f9f2b43-ec6a-4feb-91f4-5e40219b6763.json,391,12caa0593abdb42ff80079f10db4a56d27cb158f2f09d0b38f85b86e4820c7e6
05_PrefabModel/HotUpdate/Decoded/3fa8e839-89df-4cac-b289-544ed10a969f.json,415,abde5b352a20bb098eff86a349a7b79b61d029baaca3e13fd30e8b550ee1a676
05_PrefabModel/HotUpdate/Decoded/3fda254d-ea0d-457a-bae8-07377c89d2b4.json,364,877eb55c4f61420d869dc3892f8bfc9a5cec147a8538b5421a7d081edbbab025
05_PrefabModel/HotUpdate/Decoded/3ff9510d-b03b-4756-acab-033a5102d02a.json,743,767ed02d32a1442713a677090aba93c15a5e5a7e72892546be7b2aeb60405c72
05_PrefabModel/HotUpdate/Decoded/40275659-77b2-4a50-aa9e-46433b72d8f7.json,819,e2de6f7450eeec95e28ff0ec69aa892c792a06f82836db7172767287b024ae63
05_PrefabModel/HotUpdate/Decoded/4064506d-ab32-4a56-a03d-056f1e9cb86a.json,835,187881b92dffa5bd3e0475d8841ac1fe875a9a1e72a723d6d88db5a572fe6e96
05_PrefabModel/HotUpdate/Decoded/40b93ed8-0f73-4bc3-9b75-91114c38ed2f.json,401,ef11ff64120d4bbcafb265f3c775958041633b10d787e52206dd2cb7a8468691
05_PrefabModel/HotUpdate/Decoded/40cb6360-12bd-4d31-8332-435df0896708.json,364,f530ddc818d72c6944cb17e0e97b2458ba57ef45fc2668569c4c1c575b71d07c
05_PrefabModel/HotUpdate/Decoded/40d4ea29-c790-4cf3-858a-44dd68c409f5.json,813,06abad59ababdf907a7f90f42c7618f2a0cb10d1e1ec697e5228701dc1ef223e
05_PrefabModel/HotUpdate/Decoded/41164baf-e55c-45f5-bd64-588e43f0fc19.json,422,4ba6ea1cb29dd5953a5e4f5626f286383ef34c3abc8033a9784913f588953963
05_PrefabModel/HotUpdate/Decoded/418ee8a4-e8bf-4ee0-bfdb-4da13d8f5f2b.json,404,7736958bccc32c66d28836404b4fd81a99e7a15596589b9c7f3d170e940c436e
05_PrefabModel/HotUpdate/Decoded/41bf57de-ee87-4721-8c28-eb206b676673.json,401,a3d5703587d1709b11ea5c191f5bd94af312a12b5a017dbd647985bf9191071a
05_PrefabModel/HotUpdate/Decoded/4248892f-b8b0-4ef5-bf31-2086184c312d.json,800,6f6a352b5a688c4da34a3d657045effda5350194637b1c767d2f94d8bae2c80b
05_PrefabModel/HotUpdate/Decoded/42a8c669-864f-4445-b053-862cb94d2c99.json,392,681e7fc6cd976e5ec12f8836d6744b48ff50cb5da56e22985219a80a29cda8af
05_PrefabModel/HotUpdate/Decoded/432fa09c-cf03-4cff-a186-982604408a07.json,1298,3036a76ee9a9ee5c8996d1c6b87358d6559a0298b9e79f408f3b60321b1a6ac2
05_PrefabModel/HotUpdate/Decoded/433ac5ac-19be-4138-a9f6-0234a3fd7507.json,423,e88f90c3f5c4c193edb5147249ec5eef6cf30747efd23b747c64921391cd4580
05_PrefabModel/HotUpdate/Decoded/437b5a29-9a6a-4cc9-9132-0a258aa70660.json,832,1a7acfa1da45cab41f4cd1ffc67a6495fcf7caaf8c3a3a505cdd7faccf249485
05_PrefabModel/HotUpdate/Decoded/43945ef1-2445-4ea7-81a8-ea3eb01fb192.json,400,4638d7ee6d6df19ac0b4d65d2a17733ad6f0b2e3a9807738bf5e043acf48713e
05_PrefabModel/HotUpdate/Decoded/43c51b38-075e-40a2-8b8e-79179cb767cb.json,813,b94a221e63863fffb9e5448669ef3b4898596bfbe8e67ddbd4fb0d93469f6b7f
05_PrefabModel/HotUpdate/Decoded/43d2761d-f0f3-4f2f-9461-8ec1411ee58a.json,332,99c0572eec4412e34fe14d7dae0115270cc0e61bc2e35276368941ea4486f112
05_PrefabModel/HotUpdate/Decoded/4579fefa-8029-4553-a7f3-9bbc96ffe855.json,809,a041a682985ca8a5d46d6455d723d69901e928fd8820d9a477cdb3e9a498d76f
05_PrefabModel/HotUpdate/Decoded/45cc6803-d18f-4689-b17f-7d42982414f1.json,769,9a999aba7bcdda75d568a33258f40d6a398a416ea3da36b40f1abdf6a5e61aa9
05_PrefabModel/HotUpdate/Decoded/45cf5e2d-151e-4e91-bd8e-4d4a3486eb10.json,392,f914b989f370fb1fad9d556f314866d8ee53fde4c506beeae57fb2d02b3c4dd3
05_PrefabModel/HotUpdate/Decoded/45dd618f-e2ef-462e-bf9c-8655fa9d485c.json,820,6d0d787d0237b598d856d3aa137864bdde334588f2886ebe2ceae00947c8ff38
05_PrefabModel/HotUpdate/Decoded/46311530-6a52-4d46-ad86-8cc55a9a2020.json,843,6ffd1b59b1535fd38f66b550716853533fce6ec9e257810b46616b3807012bb4
05_PrefabModel/HotUpdate/Decoded/466d4f9b-e5f4-4ea8-85d5-3c6e9a65658a.json,663,86f71c24afaa52a3f7cd7a7e5192d885cbf9a1ae9bc2a3b7636d7eef48f97771
05_PrefabModel/HotUpdate/Decoded/466dcf19-9f2d-4ef7-8ff3-de173f8dc521.json,840,278f80c0ae518ad0f2e368c4b36a2edba834df866d07e71ae2d793fb6ca312e7
05_PrefabModel/HotUpdate/Decoded/469a759e-7d9f-4bf9-8a1a-1ef856f0e68a.json,400,3e23f839e6447daf084695a6aef3710b91b67b6675a36e4b4f10a6b46cdfd38f
05_PrefabModel/HotUpdate/Decoded/470aae94-de2a-4db8-a6ff-e42266a03946.json,443,4d4d1467089d22070cc3699c7fe4b159065ae13d9175d7a2137924ef754efba5
05_PrefabModel/HotUpdate/Decoded/47afe65f-9901-4412-9dce-ed349851d5e1.json,427,3fdc9875175710e48579f563a1767b5775560a07dbd73842fbce5fdd50ba1465
05_PrefabModel/HotUpdate/Decoded/4815f2f6-da31-4b25-bddf-c2515ba8b24e.json,398,06c1970ea170b71b56109402d625fa71a5c68b7656750fae56ac92e1805cfb34
05_PrefabModel/HotUpdate/Decoded/48ccb66e-8407-435a-9ba9-eb9dbf4906fe.json,364,1f8b6c63eb8e6f66d7a507a96edcca4fb1e4942cb4e2dcd6746461cd045b188b
05_PrefabModel/HotUpdate/Decoded/49b122e7-efa4-48b3-a224-0c7e5fa53e56.json,821,62971e3c60d8e57312425999e89c2c880bf1d824325866072b8db5e7aa9af572
05_PrefabModel/HotUpdate/Decoded/4a43ebbe-a907-41c8-a6de-f04d358ce02c.json,404,8f06be8850627c5442fd8ee9fae51dcb55e6812b6da1c78ce6167ff9911244a1
05_PrefabModel/HotUpdate/Decoded/4a4812f3-21db-42a8-a977-e2da0caf2567.json,417,164bf5808dfb6cd86fa48e2c48648ef719fef05fa1f99d32aa77cb6272f64f4d
05_PrefabModel/HotUpdate/Decoded/4a56a513-c422-4918-8cbc-98f77fe4b571.json,27077,43713bccc0400a263f68d76f26dc1ef6a6801757b5a56a024ef81b5f22190c1f
05_PrefabModel/HotUpdate/Decoded/4acb0f0e-bf03-4e01-a94e-100f8bb67074.json,809,ffd70f358b6d1f4ef37d347f879e6e8b2adbc9e94cab078f5b20ebde09bd84e8
05_PrefabModel/HotUpdate/Decoded/4b86257e-46b2-4a6b-b362-86d6787d7e8f.json,802,86a9034d2925ccb24db4a7e9164b315a18b84e1ab158a88c31a76c0b9711a076
05_PrefabModel/HotUpdate/Decoded/4bfc51d1-cc77-49d8-b220-c6071e3b9953.json,416,2abdb0020ee591571e93c6c227e0f2d433bc3181ee8386cb46f35331493cca78
05_PrefabModel/HotUpdate/Decoded/4c078731-5345-4256-8ae2-b38a46458faa.json,802,a0b0f9555e179c842e0a0b3493f0a299614c43db91225fdb6efe370e5ed555fd
05_PrefabModel/HotUpdate/Decoded/4c3eb705-6d5b-4770-b57a-c7e4ee6d05f0.json,784,e384db1666d5b41cd9eaebfbbaf167007336eaefcf04696a889c146ecbb162f4
05_PrefabModel/HotUpdate/Decoded/4c44e139-f9c2-4feb-b6b1-6fad9909b01c.json,809,4f2e18ac5db5459079a1e52655e5e7ea3695c9a474be281fe9dfd6d9e28fc711
05_PrefabModel/HotUpdate/Decoded/4c919a12-6be4-42b7-ab74-2cb02843c31b.json,400,735818d6899e6adb4d5f08ba7c6d72577d53a2d0f8c37a94166b095c2fe87b3b
05_PrefabModel/HotUpdate/Decoded/4d444ff6-4050-4e1a-ab5e-94952fe47143.json,165120,984dbc086e4f7220866af3cb34367ec5e7ac765ec6e50f47952b1649036a115f
05_PrefabModel/HotUpdate/Decoded/4d617c00-0f33-436a-a76e-aaa2a595ad86.json,392,2b4cd6d63d284b5b2afaf5efd6afa08773a4567c40df1a13894c18d3f70393e1
05_PrefabModel/HotUpdate/Decoded/4e8c506c-773d-4a84-a6e4-3e26fbe363fe.json,781,4e2986c43af84e586e694d9af0d2eee5b2dcfc2ddff7e3c46d44966f024274f0
05_PrefabModel/HotUpdate/Decoded/4e9d8790-6db3-44e6-a254-53850dc123ad.json,392,1d9ba8ca9847ff4665d6c62219dccb32ea6f9844b0e80b73fc0f4f8a9e0ad092
05_PrefabModel/HotUpdate/Decoded/4f0e2e27-a383-4b64-acc3-8bf8f8b28579.json,392,424918f94bfeb8f30836abe231399f659b56d30ea4878d14ddb5e1a5383e7523
05_PrefabModel/HotUpdate/Decoded/4f20b518-4bf1-4967-adb2-a90a01e30e85.json,830,6da7aa4dded7ddd8d86ed97e4d0a4dd51181372f3d667924991bbdedd4ec746c
05_PrefabModel/HotUpdate/Decoded/504c91b3-06d2-4b2f-9107-6dcd08146cc1.json,415,c739081d56d08d465202f675a8c9f72bf09793f2105dc25e6b5a944ee5f60b0e
05_PrefabModel/HotUpdate/Decoded/5050cf53-c59d-4235-842b-9ac96afa3225.json,402,d933a9e37894eb9c3f1581fe5f0bef181f61e8dda63566b91a99123f24bd8bd4
05_PrefabModel/HotUpdate/Decoded/510096cb-d62c-4c7e-bcf7-70ac5edd3e82.json,407,95334f7fb55cd6e5d23900d4fc154d5f444f3e30b89ac0eb8f8d42416de5de67
05_PrefabModel/HotUpdate/Decoded/51161702-3fcd-45d6-b99b-393f0f0e0e44.json,1112,3608d553eeed663c7eed10b600815c04bb30c4cd49a01730182fb46927b4e8d7
05_PrefabModel/HotUpdate/Decoded/517750e5-b25f-4b3a-8b96-4d590127ca85.json,403,8ead5610fb592d4f89f6c231a07c0b609ada94c8a32834cb11ee7a65756e16a8
05_PrefabModel/HotUpdate/Decoded/517dd422-aa9a-4f29-afea-7d2a24a3dd62.json,332,28acfe0e027eaacc7fd47f7da52e08a9969a7928cede4adf0bd344764106fb61
05_PrefabModel/HotUpdate/Decoded/5203aceb-68f1-4753-9a75-a5a2b774c8e5.json,392,d88be6f5721ce640c0884fd9007817a3bfa356203ebfa32462f4ddd067741d2e
05_PrefabModel/HotUpdate/Decoded/525d4437-f6b9-42b6-80b6-e038c222fc4d.json,14088,353325fbd1719070e7c4aa5944ae1e981bc60718312b27ffd35010a6661e678f
05_PrefabModel/HotUpdate/Decoded/5333626d-8920-4e3a-adca-3551ed60d1d9.json,400,90f2391397733f04d7777c9aa94c6f3ae6fb2737922e6775c301e5a485f5eaed
05_PrefabModel/HotUpdate/Decoded/5356882b-151a-4512-bece-7427423dcd27.json,24430,a146083a66d74f1f344619e0c9741ab0c1929ab1d7467fb5905cb076314ae870
05_PrefabModel/HotUpdate/Decoded/5372f8db-f531-4d05-8f56-290450e8100e.json,812,ad8a48a78dba95157000b3d5615eb8673a7c56a5f371b6f96a0e2565ee462a40
05_PrefabModel/HotUpdate/Decoded/5385907d-a913-470b-b47a-22903cc7bb41.json,332,448584c1c673f99b1ce2e698e3bc2bca04cb5f7195cc24e38bfdb8191f23b688
05_PrefabModel/HotUpdate/Decoded/53c78abd-ac1e-4f54-9531-ec266c6de6ac.json,401,ed2b2a3f7242b6e5e163657c6e1e735eb70a4a1a3b6e6487b3726c7f10753bf2
05_PrefabModel/HotUpdate/Decoded/551080c3-bdf3-49bc-966b-fe19eeb66e8d.json,391,eaa296a2a42c1cc7be17cd6e2b1f8c5d28df4452cec9afaf704cfeb9973d065a
05_PrefabModel/HotUpdate/Decoded/555482e6-8fb9-44ed-a19c-3621ee75c04d.json,332,7e85eca904cb935d2ce1192f1cc6346a0949314c760e809b1ffd71a4be93e35b
05_PrefabModel/HotUpdate/Decoded/55a63745-872f-4329-bf42-34b13517be99.json,802,ae9d8a1035eaa59ac395cfaff414801f3cc838480100a7bfb75d74590c883f46
05_PrefabModel/HotUpdate/Decoded/55cc7875-4a5c-424f-a672-0ecafbfeba70.json,805,853f2b2139cde0ad5212fa5c0f41e9f5b8bf0b0f7dd16e0bdce7fa38d00c36dc
05_PrefabModel/HotUpdate/Decoded/5655241b-be9a-49dc-a4a0-1865bb691529.json,818,791358f6b645a4d220ee00499f6f6921404d4dec1456b8986471a37c867dcd64
05_PrefabModel/HotUpdate/Decoded/565c9f09-039f-450a-9a48-32f6e5e9c02f.json,810,32e9f39fd45368ee12812ccfb308c4fbfb50eb76887224b63c8fa9da545f36f5
05_PrefabModel/HotUpdate/Decoded/56f89244-02ae-427c-a3b8-f41568d0270b.json,1199,73d9894859998a518e1ab78782db502866fad81ad875aba9e4fceb2b36e3b020
05_PrefabModel/HotUpdate/Decoded/5723193f-b78b-4fc0-92da-ea95409e503d.json,400,6da3bd54d8983a9e64b8cb08acd35fb5a1df4fea2a1ecf66fb3fcdefe54186dd
05_PrefabModel/HotUpdate/Decoded/574a34ad-c32a-4215-af1e-df8701ae5e6f.json,392,79b24de0b637117fc1ca308ef6a061fe0456ff772fca87adff53b63a3ebb447b
05_PrefabModel/HotUpdate/Decoded/581699ae-73ba-45bb-8d3f-f01341d4dccb.json,413,5375366bd49fd10593db2a9fe4dc25d9ecfc2aa8a18fed71a64264b7f7a5290e
05_PrefabModel/HotUpdate/Decoded/58dcac4f-a94f-4362-982e-d1bd2cf45a60.json,398,09614feb934e5f4ec5647df465aeb60df4bccb3ff01153d0efb46d70b4e436c2
05_PrefabModel/HotUpdate/Decoded/5963ed4a-dd82-4b29-84f1-5d26b0a9211e.json,392,68a6f8e6d01970d3edfd265e63c4a145310346cf52b396d3350ddc276c06b473
05_PrefabModel/HotUpdate/Decoded/5966bc66-96d7-4003-8144-ab74b0809de4.json,404,5a5ab96c8955e83687be4ec39b4ac085c80499ee170d5da5e5153d7a9a003e95
05_PrefabModel/HotUpdate/Decoded/596df372-0dd7-499c-8ad4-a091bf78eec6.json,1509,dee410d19a7c5f7235ae2e66501e0c160db9904554ba2965d52bc59358618257
05_PrefabModel/HotUpdate/Decoded/598c0c0d-36ea-4f91-9933-c78a175cf83e.json,746,645d046147312d1919a5a2ed90224dde2f1bd66936dfe245a8d6cf90e76845b8
05_PrefabModel/HotUpdate/Decoded/59d7a375-30a4-4658-ab58-e8148c79ab2c.json,392,f2cfcde97a4dff8b57ec8bba517265bf760d7366eba4eaca911c47cc2010d023
05_PrefabModel/HotUpdate/Decoded/5a3ef3a6-3a78-43ab-9957-282a476b918c.json,804,2aa45298d5c0ca0b12cfa078ba741a21d616b6e56b5b32bd41a7af9e018b7a91
05_PrefabModel/HotUpdate/Decoded/5a68d192-0ac5-4875-8cdb-76d9e19682c9.json,38249,73220d779ea4b1cdcd562064962c8ea2e44d4bc6d80edfd3e0835876fa1abf2c
05_PrefabModel/HotUpdate/Decoded/5a90af46-ac07-489a-bc78-b8a53d559f4a.json,830,6edf06595ae1ea5b23ea163eec66bdea8ff0f83f2619b47482f8c66c64f58442
05_PrefabModel/HotUpdate/Decoded/5ace1a10-bfdf-41ad-a766-34ed98c5eca9.json,399,b3751ce34c5f2c7ac22a58366b9e61dcfd75f90256a274646b2a5ca278b4e2cb
05_PrefabModel/HotUpdate/Decoded/5b74e011-a942-4462-bc5f-3e037181373c.json,742,23322578a602973304c20b79323c28656b945371f81083328d364bd3c490d287
05_PrefabModel/HotUpdate/Decoded/5ba239c4-494b-4272-845f-72f93b88305c.json,401,4a918e5f0c8329a00c110dcd078b20b48b3ce8ea79a155d79ca9152be79f49b3
05_PrefabModel/HotUpdate/Decoded/5bc34550-f067-44f0-bd74-d3ecfa00248f.json,392,3cf719a65abb51232b4ac59eb21863d3495b9ef8db999c254234376f2f113b9c
05_PrefabModel/HotUpdate/Decoded/5bc559b7-ee70-49ca-ac35-07a53109e846.json,805,1ba2363a9bd5ca25131c8776b85b564c3dc619d8c68d5f0f5d3f7c1b40a84b47
05_PrefabModel/HotUpdate/Decoded/5becb456-27e4-43f8-8b9a-316b09e85184.json,800,4d25ad10bb77896427f1b4650aac0f3c57f6612752ad60a58a8a662d0befbbdb
05_PrefabModel/HotUpdate/Decoded/5c4b192a-d6d9-4e21-8c9b-1528ffdeafd2.json,812,96de25e4220db4151cd9dfaa90bf849bd22ea3d03f7f63547aa115fd8a3d9127
05_PrefabModel/HotUpdate/Decoded/5c52a940-fc70-4012-a29d-8869bade96a6.json,391,445bae5fd013b0ff1a9427dde5aa2875a2512a908c1dbfdc7f812dc2d6dce270
05_PrefabModel/HotUpdate/Decoded/5c540834-0464-4e76-94f5-7e0ee01623ff.json,828,7b4b2e6a852e280e156d1b283f6338682052ec8bc4df1e8010b87ab77d09c532
05_PrefabModel/HotUpdate/Decoded/5cdcd9b5-04e2-4ed3-841b-ebfda86c19b1.json,392,6f3396fe5c7fce2ec08b69eb96734c496218dde6d7028c2834eb457a8e101035
05_PrefabModel/HotUpdate/Decoded/5d27aeb7-82bf-4647-bdb5-dd316ac7deb8.json,399,a735f8b934455df9e116faf142fe01005c81317cf1a837bd3dba0bc0469ddaf8
05_PrefabModel/HotUpdate/Decoded/5d4c7052-40f2-435c-b1e9-9b6d41d13b74.json,400,3bbfdb8792d1849f982a35c1aa4118993cf0153efe3f41a727b983a9a4b06eff
05_PrefabModel/HotUpdate/Decoded/5d810788-5c55-4eda-9b11-cde4da7ec7d9.json,812,926d36859f3b576f4b8a46704487e35ab83a9263257729ea3ea4a8c23ca1563f
05_PrefabModel/HotUpdate/Decoded/5e4993ed-6d31-4716-97c4-fc5c30050385.json,805,85bf1425f0fd90904e3bdee404c5e12d7ad6c55328a0aa469491cda034141d52
05_PrefabModel/HotUpdate/Decoded/5e6f4801-a2aa-43a3-8839-8744d7903c82.json,802,32854657e8782487cb4135a45bb18ddf26ac227774423b2e87f2e091829d5089
05_PrefabModel/HotUpdate/Decoded/5ead77a3-c2fa-4797-aacb-8d847dd412ac.json,14708,dd584483537c8a38543e47f44a471e906aa287dada39155e16756c54bac05447
05_PrefabModel/HotUpdate/Decoded/5f2f19f1-ec19-43ff-8c6a-f5d2cf12d684.json,826,4f13853c34de1d459631364419299d0d6800a44fc6eff8f902fa21cf7c26be3e
05_PrefabModel/HotUpdate/Decoded/600301aa-3357-4a10-b086-84f011fa32ba.json,336,53e387d6285887b21bfbb0d36d0bdf35c3776e9cec0c0e5161eb0f81a03d2c7a
05_PrefabModel/HotUpdate/Decoded/6091c02f-e43c-4680-992b-c14976ad6a5a.json,813,e5387f4de262908ead3406842d4c0f331178dbaf2f0b869dc1d62864fb5d551c
05_PrefabModel/HotUpdate/Decoded/60db266d-ab86-4173-90af-48dc4c350e5a.json,802,48f4c0c4155ce6f9ff1d2f87394ea8c99ede240631aa143d660da099dee08843
05_PrefabModel/HotUpdate/Decoded/61e82c2b-e52d-4fe6-aebc-ac56a9d39968.json,423,b39bd0912d34d3639580fa1b891a6ea83d7ebc89ee0ae713f1cd5508174c1336
05_PrefabModel/HotUpdate/Decoded/62205896-c983-4527-8ef9-26badc20fd20.json,392,7fbb76ee81e2425696bba014086fd94afc4eb52f305c3ccfbd13cd3913bbe32b
05_PrefabModel/HotUpdate/Decoded/6293e35b-9130-4202-b328-34e9b89e5ecb.json,802,242b25368101cb8b2ae96560b3db94c644ad23137b4955285a42f201fdf918c7
05_PrefabModel/HotUpdate/Decoded/62e12a2a-fbe5-412f-9bf4-c8e85c7fbead.json,411,b0b17cc6547a17aa8b26030affa139d7f4fd53b0b3c2961c37dfa08f2ecd0f72
05_PrefabModel/HotUpdate/Decoded/62f14cbc-3936-4775-9ea1-7f66bdd29ca3.json,392,bac0afd7937c2ab67a03b0daa2b3da8162c7be740ad61af24033c6e72d5127dd
05_PrefabModel/HotUpdate/Decoded/632014c3-d761-484b-9a70-2e78265f4363.json,749,83d37112df1a64a6d940b0f11687b7502f7e6bd771e859f8ad38e6870367b6f6
05_PrefabModel/HotUpdate/Decoded/633fb845-39be-4c96-8467-36585dc85222.json,402,fb27365cdb81d994273107abc54a77386e656dc83594db8cfcee878f3207c243
05_PrefabModel/HotUpdate/Decoded/63631bd7-1153-4568-921c-0b3e284aae9b.json,811,9151c7b8eb5f7f7276e044aa6bf1553ce424c2854d5366389578b68070d7eb2e
05_PrefabModel/HotUpdate/Decoded/638d2abc-b04d-4543-aa98-9d4587f3d92e.json,399,4e7683333354ba39655a6e49fe20165ebff6909bf5fd4e504a5eb631ce76fbc1
05_PrefabModel/HotUpdate/Decoded/6395fb53-504c-4a3b-92bb-fa0d268b171d.json,810,88eb9587fd63076f1411fb009466672b554a49990dd041907c0dc377fd3d0491
05_PrefabModel/HotUpdate/Decoded/63aa34b4-5fdd-42df-b45a-95f617faa52a.json,812,dcf0770b8b22bc9a2fee0bafafbcfbdbc9f42aa0a969a230259d6f418a1af211
05_PrefabModel/HotUpdate/Decoded/63c8f810-282c-4bb3-b9a3-5ddb3f7a120f.json,404,f73b996b4a3001d33009c69e2b244a88df1dd41ef7b06890bf82d9f0dfa0837a
05_PrefabModel/HotUpdate/Decoded/6403248e-0a19-48ad-bc9c-d8143487ff77.json,406,0dc160ac38bd9cd25cb2b601a35ce4ef19428d8d200f39ddc70f53b62c0370e3
05_PrefabModel/HotUpdate/Decoded/64061ae8-6945-48e2-8ef2-8adcdca213a2.json,813,09c14c6bb91a4aebeb3c5f7a962d13b22b78111ae0e512924dcdbf1ac5efc81a
05_PrefabModel/HotUpdate/Decoded/6491c232-7ee7-4a36-892f-a9273b263bc1.json,332,dcd6260c37ff317127add22fde42fa63e44e989a4804d5ef989d4bb4d5780ccc
05_PrefabModel/HotUpdate/Decoded/64b2f1d4-4b0a-485e-a37a-0256a65ef785.json,372,0814b1a9b6b038f1b0c4235b9ac2a3f01b6cc487cd634ee4dca0251ff432c565
05_PrefabModel/HotUpdate/Decoded/654bfebd-8ec9-4e34-ae7d-e8117162662f.json,827,48ed1e1c9e6d9365d6ef2411ec834c23a73e4553a3635b4b86589c1a09689425
05_PrefabModel/HotUpdate/Decoded/6569d348-1cf7-4b56-88da-7c4d0814678c.json,811,9cc5cde01b18107ca4d51867d845ffa92ad3e7468fc755f887d46ce78b1f72fd
05_PrefabModel/HotUpdate/Decoded/657f993a-2ce8-4eff-b778-42be2a96a1df.json,802,90566209176ce88b77a6673dde73b2b7b7afa717be80b934c77c6ae3d0f02273
05_PrefabModel/HotUpdate/Decoded/6602142f-c826-499b-acb4-e9ad00db1073.json,412,ec4dbaf9beffceaf7aa3ed01c6931dd27a6d34866fa197e09d2a6bc72c4b2a87
05_PrefabModel/HotUpdate/Decoded/66220788-a230-46ec-9506-3dcccd8ed975.json,399,668e9b22b098991757969df5cd263def53a8574c0504bfaf9de6226d3f66401a
05_PrefabModel/HotUpdate/Decoded/6624ebc9-9afe-486d-896e-e1425e6d6cbf.json,400,0ea43621848ffff0b8df3c0709d413d8453af5c03069cd236d3e6085f09bdab1
05_PrefabModel/HotUpdate/Decoded/6677c3cf-dc87-48e1-bba7-9b5bad29737e.json,826,d391405893601a09eedc6270d37b1a579720d333809e980ecf4d644740024db6
05_PrefabModel/HotUpdate/Decoded/668866c3-1e06-4c89-99cd-f4e7cd9dd5d1.json,809,380d22a9323d095d0f4c3359ad0bd3d7c67567fb51a60443b3beb36a9bae00dc
05_PrefabModel/HotUpdate/Decoded/670f5856-1be4-445f-9779-daddea876318.json,815,788c783381d7ff57c4e8e5ec80d1b50e63cb72dba8a7c90ffa57a917774c8b03
05_PrefabModel/HotUpdate/Decoded/671ba69c-3366-4d9c-85c5-26243f904ada.json,391,17686e3e41aaf701c1bbdf2c19cf748d2d1385ce3a188ee6cdaa6eb0fdc932da
05_PrefabModel/HotUpdate/Decoded/67ac019b-6e8a-4254-9236-faef9db65f17.json,811,afb5fe672a393a0f90ab529888553f0b46f14a84fe1dd21a02035f5292f02d0c
05_PrefabModel/HotUpdate/Decoded/688fe675-312c-4ef9-b79f-95119c346064.json,391,902114f1e454732007e0e64097e94e8e0bb84b3c07a80f7d683db8821b3743e6
05_PrefabModel/HotUpdate/Decoded/696ae94a-2fb3-4ef4-9446-e0bf67056be1.json,332,13e5c367916caf56de99443cba9c5a77f4c1bc1c7bba1a202fe60f97e238db13
05_PrefabModel/HotUpdate/Decoded/698f2880-887d-4ae6-85d1-a74c59341d67.json,807,01b30d8afff52bf9edb24828a63533736f9fbd6bca1ad6888b6eb2ee6da1303f
05_PrefabModel/HotUpdate/Decoded/69e9cd99-4f8c-4ce2-b327-8139c29cf3cb.json,818,3f1da91733932dc0d2888eb7866d54aeff6acf7976010f6c841e25c511f92596
05_PrefabModel/HotUpdate/Decoded/6a870d74-be5b-40ab-9ddb-0a1398f79d89.json,805,8fb622be82e45b3a295bf7bdd92fafff02239a516308330133aa072177575837
05_PrefabModel/HotUpdate/Decoded/6ab89565-9d79-423d-bb9a-62970dba6e13.json,332,a9d759cc29e58dc9963a112c0856b167a0c24c28e4dada2c5fdb01e197bb92dc
05_PrefabModel/HotUpdate/Decoded/6bf9ce4f-7bbd-42c9-9f12-c957dfb7f008.json,809,37c120b874ae40f83bb616dd7045e02c564334f526497901b5f940fcff69b304
05_PrefabModel/HotUpdate/Decoded/6cde03c1-6be6-41e9-bd6c-db3ef794f554.json,802,35dfd2184052dd426fc85cdbded03fb196f43de82321a2764f01fc8c3762bfe2
05_PrefabModel/HotUpdate/Decoded/6d91e591-4ce0-465c-809f-610ec95019c6.json,21191,b383a5d8151a362041267945fea51b821a952a24de4649f5aab68ae6f06d77fe
05_PrefabModel/HotUpdate/Decoded/6da9beb7-d36d-485f-b68e-dc4f686d2e54.json,827,d0b929a4d8858b10e34a38193096e58e9951a56f4c555fde4a3c23a2937d2a48
05_PrefabModel/HotUpdate/Decoded/6de21f42-1530-444e-aad9-19dece677e8d.json,808,f77f3acd18ffb284f0d36437d49bbe9499400d0fad1f58485bd8f84667be2500
05_PrefabModel/HotUpdate/Decoded/6ded56e0-97ef-455b-a1a9-45747890d1f5.json,800,106f695edfdfd811ee2c02f3ad29e4a2d53d3bd05c18018644b4ea96bf376d05
05_PrefabModel/HotUpdate/Decoded/6dfee150-bd0f-40cc-8f1c-2da8e8a9df39.json,406,361101142b4710317fba2aca99f82788ec0c1acaa5dd2e94b8b1a5d354c84614
05_PrefabModel/HotUpdate/Decoded/6e1e97a0-c4e9-458f-a207-5e406af79b6f.json,332,027f92238217d65ede7ad31bf05e46290cae9413c246865b38a28cd176b404ab
05_PrefabModel/HotUpdate/Decoded/6e8db88d-f125-4b09-bff9-acc219c577d0.json,402,a83c52037af892b7ee94e58e7b4788c3c41a4bbc5c8396e4418fe6b3160f525b
05_PrefabModel/HotUpdate/Decoded/6ef3ea99-cc6a-4ce8-bd3b-3cc35d6de578.json,820,3cd7bd248b11010e14f6be65b8ffe78ac847be3d0629514b8dc54e96e32488ec
05_PrefabModel/HotUpdate/Decoded/6f3c59ef-1ada-48c0-b598-fe1ee24c3e66.json,402,b50c89ce42300fbe94fede608e0453420f16e63ba68bcdc1a20b9d454b9493a1
05_PrefabModel/HotUpdate/Decoded/6f801092-0c37-4f30-89ef-c8d960825b36.json,482,9c907ba340c9ddb0ec65e96826162760b4d9d0ddc203d85f85d2a525b9fc5e99
05_PrefabModel/HotUpdate/Decoded/6f9d0c20-7003-43d7-8703-c945d7f949ad.json,396,9c5aab999108691800a261a6489517e8941f4e01e26ad0f37a018085347625c6
05_PrefabModel/HotUpdate/Decoded/700539b0-60bf-4380-9903-98291dba50d7.json,828,f0b5ad792397c7b7d098a35fa1bb4602adf50fd6029376f467ca7cec9c2ebdbe
05_PrefabModel/HotUpdate/Decoded/708fc69d-4bfc-4bbb-b180-9aef8cdefe02.json,814,1add46001cc5e18da37a636e284f406785858f96144af1851c3837bcb42aa8e6
05_PrefabModel/HotUpdate/Decoded/710c7733-6abb-406f-b16b-fb3cda20c112.json,820,4741ab1b780bd8e167ec7718eaa0be30636f8a0a0b358a12ca32014454d3b349
05_PrefabModel/HotUpdate/Decoded/71561142-4c83-4933-afca-cb7a17f67053.json,364,e3139497dc8ce13ddbc6e0adea942d8c8d3bab78b7d4133149591a82e6b7a294
05_PrefabModel/HotUpdate/Decoded/715b5ba4-255d-4478-a8c4-06f4648aaa74.json,802,14c4b8877afda8f5df7a72a018f4d02c6cbedfb6d4148643753f968619e0c037
05_PrefabModel/HotUpdate/Decoded/715cbe8c-46db-4866-acfd-57d6ed6ede58.json,802,3cf7cef81080e0f448538dd7afbe01709f7748d63c358ab5c74f52d1e4b82011
05_PrefabModel/HotUpdate/Decoded/719f1da6-b673-4322-b690-51c779c3a8b8.json,392,2f8ad4209954a5101c89f3fe403f1d03e821887c183ada882de23d219ecd4e0a
05_PrefabModel/HotUpdate/Decoded/7259aec6-5ea7-479a-b632-c68944eae584.json,805,d8a700b380863de1eeb36bb5160f4ee44b4bc868637d2d0f3f70aef549ffac0b
05_PrefabModel/HotUpdate/Decoded/72f29b23-ec82-46d4-8de7-271017121718.json,802,8a6e7172f680dcd98a9bd2b8f358c3c7950699e33f7d73abd87ae4a058ff2961
05_PrefabModel/HotUpdate/Decoded/72fa078f-76d9-4e63-9eb5-fef52a0cd7b5.json,808,546c64e6a37830331a6250fab738dc3816d39edf285c01279cf4632e326be012
05_PrefabModel/HotUpdate/Decoded/730ea2fc-b1ad-4ca5-bf64-891f1eee1be7.json,6586,58979e98dca5465bbe5f68bbf133f0733523df620f76c2b0d99cb618b7a23fe5
05_PrefabModel/HotUpdate/Decoded/7320bc80-2629-47b9-851f-b996d57f7c17.json,825,5cfaaf4efb2676c7fecab25f783aa2deb8f24a501f2d5d575453aeb11839b98b
05_PrefabModel/HotUpdate/Decoded/739724e2-af0f-46b2-b1fa-350d7c330530.json,25934,fc7a4e889fa572a2e7b21f52f8acefe180c711bf23d7106651114582d3dd7d42
05_PrefabModel/HotUpdate/Decoded/73d8351e-b584-4bb7-80f2-a5a0368b040d.json,814,d080690347250e7bf65b770e991ba22de580ce981f194b6c9084f36f523b08da
05_PrefabModel/HotUpdate/Decoded/73eda5d0-5095-469e-a754-4057cf25ed9a.json,414,ceec51a42643375c0317dfe3e1d87d5c8e5eeb2e856acb8d6739ffe1300f4c73
05_PrefabModel/HotUpdate/Decoded/74ff5e76-6393-4c2c-a6dc-cf8c17d3e9c1.json,396,022c1c11817eedcbb75d20a283079bc4b53c2a17485edaf920d454dd78025229
05_PrefabModel/HotUpdate/Decoded/756a3507-a317-43b7-a850-5d1cd477e810.json,810,a47704fb9c7e8784f997d6d83615f1189a10141ef2bfb35e808b145c97a842d3
05_PrefabModel/HotUpdate/Decoded/761dda6e-ec91-4300-839f-b130c54efdd9.json,805,7abbb703ecc1dc8443897474a0bf34153ba2351fab840307a408e035f3f58219
05_PrefabModel/HotUpdate/Decoded/764afd10-9805-4120-a7c1-676aa4122a69.json,392,34a1fe20619f7e6b1289557057c2322009b97979b33a2c90c809d4c642b6d1d6
05_PrefabModel/HotUpdate/Decoded/7658fc81-45a4-4918-92b2-d92d84677f4f.json,364,f68826642720edc8ef7533a72f0ec452dc312d282d0075ac0468092e6d081a5e
05_PrefabModel/HotUpdate/Decoded/768bb702-f2fe-4610-9590-d7876bd3fec7.json,821,a33a18356a84add2a35a51967b25278d315265ccb8b9aabfa57e0160a947bea0
05_PrefabModel/HotUpdate/Decoded/76e6b6e5-53eb-42ca-8d8a-63ab8212c90e.json,819,17fadfc14dec255ba560a5b4304a22720c80e6318836db1407ad5191fa1969b2
05_PrefabModel/HotUpdate/Decoded/770915c0-646b-44cf-99f0-bc29c429f030.json,407,aa4463a64e04a38cfde0570dfdc6705dc5b031aa890fe091c411c65d77e74f03
05_PrefabModel/HotUpdate/Decoded/7752fe18-adad-47b1-b3b6-06897911f2f8.json,814,0ebe9a495143b0963fe4075d436137373a4a32b511e600ebf318f70fa2e6ed5b
05_PrefabModel/HotUpdate/Decoded/777a2afd-b458-43d6-9e6c-3df5fe15bfc8.json,802,f763b22dd5ee431e288853486cd80e9709f80f92d3f84bbd13fe6caa274929ac
05_PrefabModel/HotUpdate/Decoded/77b099a0-d1d3-4e17-a50c-2b3e333ec827.json,774,829342bd298186391eb60d8384e77606a179b01a1979d869a43a8095d5cc5379
05_PrefabModel/HotUpdate/Decoded/77c9a2dc-dba4-49fa-bb5f-6475a4da6bb2.json,804,78a5dcf30c371aa10e560c760f0bc84fff60e5398450e398b35e3a03e04e1614
05_PrefabModel/HotUpdate/Decoded/77e30726-fe4d-41a7-b663-b1ab6d5f5c3b.json,17564,d3d41bcd4b3a4634b3914317b4a25ac7fffebf0665ee72e945b93fd2ec728b27
05_PrefabModel/HotUpdate/Decoded/7800056d-b2ed-4bab-b616-7623de631463.json,157160,a6ff701be6000dcb4e8c90ecb46f5087f4f2dfe6175c41662b625e1637517d21
05_PrefabModel/HotUpdate/Decoded/7828027b-d2b9-4081-aea0-f5df3c2f0849.json,804,51cfede94980dc2724d7c6221d2b0c38955efaa3baf19c7e5b156cb86a777429
05_PrefabModel/HotUpdate/Decoded/786fed12-b944-4239-b9d7-286cd6a5124d.json,392,e2496b1be7630e6f9d2fc66a75ddbd134baeb45851a944af42bcb961f15a3e6b
05_PrefabModel/HotUpdate/Decoded/789f8721-b649-4b5b-9c51-da174f5408a7.json,412,6e362bcd35775b9a8811683018f9f651a5c39aeb4c098b05bb9f0c6808680b7d
05_PrefabModel/HotUpdate/Decoded/78fcf843-c028-4305-b207-b622179b024e.json,417,ca4bc2102d65cfbd78f2f2d7f2ca9d5105cd40a61c8d20a9e99d85e7bc9336c7
05_PrefabModel/HotUpdate/Decoded/797732f8-6b00-4876-86ea-048230218674.json,818,15bc24dac6ecd3a89aae6a3d6812228303636facf45d54a44edfd2fa16780a54
05_PrefabModel/HotUpdate/Decoded/7a117aeb-7ebd-4231-9e76-f643f7c62620.json,407,f19db0785ac661fde7cc03f2ce984770a030b933a9691f12f5562cce88300963
05_PrefabModel/HotUpdate/Decoded/7a3a740c-a738-4034-8929-94e8fed2e9d7.json,826,7a0b810ca9662ba796372a98c91a803b15fbff3df0e4bdd9f704424ea90386a5
05_PrefabModel/HotUpdate/Decoded/7acdac3e-1d1d-46e7-95e6-2ea8a20b6155.json,408,b1614ded4d82e4261887c4bf26d186ca24417be6f51ce54790786d6e020e10ad
05_PrefabModel/HotUpdate/Decoded/7afd064b-113f-480e-b793-8817d19f63c3.json,484,705fb88eb9fabc3da6e9cb5b71df65dc5b49d78a9884ca6e02866520c81ceaad
05_PrefabModel/HotUpdate/Decoded/7b2f806d-3f4f-4785-9103-307fe52c74ba.json,412,6ed23613e33dba3f5a3e2560131a5b86b2c2649d504aa40980964c3927512668
05_PrefabModel/HotUpdate/Decoded/7b538d02-48f5-4c86-955e-6c422e878a93.json,407,e8e9969c461eb0f43eaa37dcb0ab088030b78ff52cb46f5cf2b1f93e7efd42f8
05_PrefabModel/HotUpdate/Decoded/7b945bcb-387d-4857-9470-7842d12d380d.json,402,4af758e833cd1695d3f4c58410809973957ebe66dfc24285850eb903e1a66fd7
05_PrefabModel/HotUpdate/Decoded/7bdc6036-7f29-4737-8d21-b60cc142bc34.json,415,04da0be89e87740ca350a92ead19a1dcac000436ec81fe71464388d5480511c9
05_PrefabModel/HotUpdate/Decoded/7be6c00c-d807-43d0-8e7f-431a2704cb33.json,782,c2d6deee02f2081716a22b06e7d5efa8196867dfafe578626d6adf0f637a5a18
05_PrefabModel/HotUpdate/Decoded/7c753772-999c-4da1-910f-3a8400aa9b96.json,803,430b4a1dd00fc5890e8df35d8dd3bdeacc61835b547c2a2939dc473d4b527182
05_PrefabModel/HotUpdate/Decoded/7d01abfd-ef71-4756-99ca-52698dbd9044.json,809,78eccd9940edabef753650d1772474abe066961d373707c8a60c0d761790a432
05_PrefabModel/HotUpdate/Decoded/7d228045-c5cb-4201-b1b5-7259248040a2.json,399,3b34cbb9dbbdb5276972f7920a5d1712e684902e696c37e63ef0c5501a40cf20
05_PrefabModel/HotUpdate/Decoded/7d6a93d4-1a8f-4834-8795-cd57d5dbd546.json,415,e98622195775c5c01390723e2f1063c3b414e4fac58441ac23ca6186898cffbf
05_PrefabModel/HotUpdate/Decoded/7e61e8de-670f-495e-9549-fce8234ec73b.json,360280,9b0c0f96f01885d74e1f9e40632ae6c381d82526f527dfe4f01441cc397d9899
05_PrefabModel/HotUpdate/Decoded/7eed0b5f-0a2f-41ac-b7de-bc3c722b29a2.json,836,81dee39b1e9124f7f0c67f5d02306717aa3dbc9cd8828cc1e4a5eae2b3c6772e
05_PrefabModel/HotUpdate/Decoded/7f295cdf-d8fa-48c3-9bc5-d19940eb31e2.json,400,f6ae0736427f0621b4715edd42e7b1a1592871d63bfd52eec562cedd5c0e6156
05_PrefabModel/HotUpdate/Decoded/7f84677c-3038-421c-905a-dad28540024b.json,802,6d8513c9521b6cc521b58929a4dc6c2a792426c034a35f4556a4e9f55488e0f0
05_PrefabModel/HotUpdate/Decoded/7f84f5e4-d805-493e-87b1-089d0e789507.json,815,1d225ae7e477fb39b29a2d3de38581de4a539a4cb64a8c341dbb535e9ba921fd
05_PrefabModel/HotUpdate/Decoded/7fdfb107-4b9e-48b5-bb95-d2ab28d0fdf6.json,819,77d31545f31e163704ece4559799b7318c6ee2a0e9a1fa9953c59717d4100e85
05_PrefabModel/HotUpdate/Decoded/8040c24a-fb17-4693-a0a1-a842ae3aac22.json,804,b81258a41ddd2e2a9be6713d903c5959af30fc8e972a456e15eee06fef42f674
05_PrefabModel/HotUpdate/Decoded/80cb3d7e-810b-4b7d-bdab-60eb5b55266e.json,822,83cb6d76157dd048dbefbf55586b365739268d5f19412f189fe46c0dbcee0dfd
05_PrefabModel/HotUpdate/Decoded/811934fd-bfe6-42e8-b660-acb2cc4595d7.json,815,e7eb2a7396de6c00f1a69dcf7c6aaaf5ff1817dd47685ede7316de0e10597ef5
05_PrefabModel/HotUpdate/Decoded/81269d22-4616-48e4-b32d-c3f98fa07dcb.json,399,ae2882dd40c455f29e26e40030bfd371821c08a7b73719cac72c79e36cfe24ee
05_PrefabModel/HotUpdate/Decoded/81669a36-e765-44f5-84ef-c7ca290d3f53.json,813,ac8a858a174220742144fe94c249e85835f00ef8d1c064178084002ee34e3934
05_PrefabModel/HotUpdate/Decoded/82206c04-2be0-4ad8-a859-0a86a26dd1dd.json,399,00fecbffbf54b2ef42d8265b36827b71bd0e2bf2f14348531ee8e045e988d6fd
05_PrefabModel/HotUpdate/Decoded/827e9d1b-46d6-484d-8420-66e643c30457.json,364,39a1fae9c691d21c4a1f7eca0169241bf50e08caf0164e8658da77f6b2d4dac3
05_PrefabModel/HotUpdate/Decoded/829a282c-b049-4019-bd38-5ace8d8a6417.json,99430,dc0f536c84184c3a80326a35544ef1bb8b9968d84d7590e222d545d5131ed1d1
05_PrefabModel/HotUpdate/Decoded/82bc51c7-93e2-4094-a3f3-2c4908f441a9.json,440,dce82f80372c0b25ae81867e53ed786e816c1412af52893d90369a7ec322b64b
05_PrefabModel/HotUpdate/Decoded/82d0a721-f35e-43e3-986e-302a6ae63b58.json,410,5e89251e6b18c71320bbf17afd629d5d08a0629f0b58516cc073ca86550b81ff
05_PrefabModel/HotUpdate/Decoded/832d981e-cfce-4b9f-8ef9-b253811a9b0f.json,803,c6411cc48d7a2956097e06dd235de3cc4b0398110cd6e541e4251864672ecf1e
05_PrefabModel/HotUpdate/Decoded/83aa33df-f9bf-4deb-b6c9-f03f726806eb.json,28401,731d645a5cca8c4f139c2085f2c62205044a1b6d3b23f3d1a54cbb76e2c19b17
05_PrefabModel/HotUpdate/Decoded/83af5b68-3168-4999-984f-477add4cd6f5.json,816,c95aa32b5a934e741acfcc7f515236fa6f5c73ef1be71eeebe9694b3e1a7a7cf
05_PrefabModel/HotUpdate/Decoded/8433e85e-7d2b-470a-af06-69dfd8cfa183.json,402,207a496ea75353f227d81caf8773c982382974998ee1c4697e1a63de7860c560
05_PrefabModel/HotUpdate/Decoded/8450e79a-6034-4f88-8bb0-c0e00e2d31c1.json,4009,5cff7b0ade4ef74b2c80bf1362418ce93a0474e4c547e28187243be844150863
05_PrefabModel/HotUpdate/Decoded/84b34faf-701b-4443-8a91-7d30209ad8e9.json,392,45ebcc64c8eba3a16cddc7c23b13e04cdd154667057ce93c427a298252adbaf8
05_PrefabModel/HotUpdate/Decoded/8522b931-0a36-420d-b7c3-73106915ccdb.json,391,92cbf053de6574b7841d513cb108a358f79aa2921d6f62fbe686f26761c06c31
05_PrefabModel/HotUpdate/Decoded/855884ae-3be5-43da-a4ff-59fb3213998d.json,404,9a0fb8c3548791ba7765cb6843dcee2c610fd0b9e8d6eb9ccce69e9e056f18bf
05_PrefabModel/HotUpdate/Decoded/85709379-1908-46dc-9994-bd30c6fa8942.json,817,781bf836bef2cae80a749d095514f3bdcd7f2de530ee7f7788f8d77ffe5c8bb2
05_PrefabModel/HotUpdate/Decoded/858ca62a-cb86-4d9d-9a4d-de0fb0f5a81c.json,804,8dfec524cd8aaf4ee2489ee29f75e0ffaabb63ae2fe787c4af28c501b8315efb
05_PrefabModel/HotUpdate/Decoded/85928628-d84a-4ca0-9a4b-3698610cc039.json,804,55c41363ae423a595c12db1246f61a83c5484fed725dde96c610507f0ee3fadb
05_PrefabModel/HotUpdate/Decoded/85b69287-9571-4fc6-9d18-cf458cfa674d.json,392,0ff6627c54b7ec8dae16e04ae178e98d6974bd7ac369982587a1339e177fd034
05_PrefabModel/HotUpdate/Decoded/86a5f315-6462-42a4-84eb-dc815986983e.json,392,9005b62195cdf6df8497a59899fb8cb198e810062435950c55ae6ceef3a11ac5
05_PrefabModel/HotUpdate/Decoded/86ef5a4a-15e8-4512-a881-098b1fb4d006.json,392,67d8ff6a87aa322cd855269dbf5877f5bc1f660c090c0e8a42c921873fa65645
05_PrefabModel/HotUpdate/Decoded/873032c8-71b3-4ddf-98bd-7d8ba863ee04.json,818,f2aa99fad081aa7a75dc4a27bcc3ded86558ed8c135823673dded7103a372c18
05_PrefabModel/HotUpdate/Decoded/876d69d0-8302-4aae-998a-ab6c90c918de.json,820,dc3455a4c66de2e2e2725e8e3ec8684ff9b751e3985860bb2354ea0ea9cb5a79
05_PrefabModel/HotUpdate/Decoded/87861caa-7d6d-4cd8-9a26-ff88b003d0a6.json,779,f82b1beae8ce4e56e17787949078ed577185beeec580d0e43de077d8df9926f5
05_PrefabModel/HotUpdate/Decoded/87caf1b4-9a34-45c4-8db7-cb36dfffbe09.json,406,111fbe1f097f6e3c899788f066008e3b967d36abaf32cb8c773b31c17d4b17b9
05_PrefabModel/HotUpdate/Decoded/8814a10b-e3a7-42d9-afd0-1a1aafb72d03.json,805,4d1a6b86a62fcb9b169ccf6dfb14e2eaa6da6fa5987804f9e4951979c878132d
05_PrefabModel/HotUpdate/Decoded/887b5021-1308-4b34-9a90-89652837fda0.json,741,e65a1e9603ad516b37e5fabb360862656f4c1d87e6fe868ef673717670b3a3df
05_PrefabModel/HotUpdate/Decoded/88946f5e-b2c7-4a3a-a134-8d237a9df5ae.json,800,6a1b8d4b08c0f02b43c682632149ccff0591844914a616b1a2d04968efd0f5eb
05_PrefabModel/HotUpdate/Decoded/88addc0f-48b2-403c-879f-78b1f9b13134.json,411,a2267b8d2bdcf93b61a3e1bd325091f6527eeb563c9464165f8b86bdc72ab681
05_PrefabModel/HotUpdate/Decoded/88ffbeed-715a-4695-81c0-af6fb74920fb.json,408,3c099bc45f742f1e868660ec982f24acb0e9a9d84f6b4a35805c1ecfc80e7476
05_PrefabModel/HotUpdate/Decoded/89402687-8899-4279-9661-535b21442f89.json,822,b290bc6bf80e6fd506c72527173a4992308e520ae94e2c6bf689d22e006f506e
05_PrefabModel/HotUpdate/Decoded/89421516-9a11-440d-afcf-6d137be39d8a.json,807,6bb64aae632a198d4facb22321d7e5a40a5013ca115f09081e3de042996f8ee4
05_PrefabModel/HotUpdate/Decoded/89bd8b10-0e26-4443-9043-a962a41488c5.json,836,1b3180325b3e290b7a6cefa06dffeb52384c231351681b3700791583f14510c3
05_PrefabModel/HotUpdate/Decoded/8aa6ca50-0519-41f7-b6af-7a0edabaced0.json,391,7aa28c1006948763ba1f34c11b713a7c1d8184ec06edc52b0597ad8b6afcfd92
05_PrefabModel/HotUpdate/Decoded/8ac5b5bd-1e25-45ad-8541-a0045603623e.json,392,8e328530a6211243c49ee1a06850ade05603cef3318f5321e109bf7b110661c7
05_PrefabModel/HotUpdate/Decoded/8b810e6b-c10c-4e21-b0e3-aee4ea9de221.json,800,7595c5992a41c7f098f2025d75a56836a07ba021e41b75f7925baf163f129be6
05_PrefabModel/HotUpdate/Decoded/8b967798-445b-4147-b664-3f920ede46b3.json,392,fa5ed62ad35da16ac43f8ebfcfe450252627c82039a9bd05b26c10ee6eb58773
05_PrefabModel/HotUpdate/Decoded/8bac0bd2-854c-4b33-bd1c-20260d01dde3.json,392,d11454ae86e8c26f1885dea04a2fc878534438ec7cc5f53b7c7d24d3cab6d43f
05_PrefabModel/HotUpdate/Decoded/8ce82369-31d8-4d98-9014-a8f388ee24a1.json,404,4a807a5c23347c68915091a56a8f9e1abb87374f3ac4134ccc2dfce99b9b0fcb
05_PrefabModel/HotUpdate/Decoded/8dbcdfaa-d70a-48aa-a33c-7cebc14129ac.json,397,cc2de3f501d8a18b174706f0dddca1669d72280be16d8e56f1eb17d673621a3f
05_PrefabModel/HotUpdate/Decoded/8e022273-2967-41c4-8a42-709de61c6601.json,409,c7c83cc6b4c4026a268b7eb73d54b690ba15fb0b2676d70a09c63036382eef32
05_PrefabModel/HotUpdate/Decoded/8eeaa62b-fc89-4d01-a3d4-31752ed9207a.json,802,9c12b3bf1b7a912b048e9be20eb3c0e9bb851f5821c9cc6984d4e255c61bbda6
05_PrefabModel/HotUpdate/Decoded/8eef2c72-c5df-47ca-a305-a208f3a41291.json,817,6ad69c162156b1ed14d400913700b7e21be27ec13d7c0cef7b97f86b202212c5
05_PrefabModel/HotUpdate/Decoded/8ef26a9d-05b9-4071-b3ba-d1208d9a40a2.json,9007,acf8431cbbf92ecf7d7dff0784d1758242d9a198ce9e824ef756811a65039ff2
05_PrefabModel/HotUpdate/Decoded/8f57d355-06ab-49ab-a70c-02d4f76430be.json,824,39897b264ef6b8383cff2c41d2c9957b76acb1cfa46a919d3d0628954ed3264c
05_PrefabModel/HotUpdate/Decoded/8fd06efc-256e-4c6c-a97b-b61c0e153fb7.json,403,0d86c5a5a1fdf5b4167844ac66b6197c880cfbe85429f3b23d6bbd7bf0beb585
05_PrefabModel/HotUpdate/Decoded/90180b25-f65f-4ca4-a578-d48922a0a9a7.json,812,309bdbe873cc8d331d1572d70889223ddbe04725528d204fc435f94f239e85d0
05_PrefabModel/HotUpdate/Decoded/902e64f2-bbd5-4325-8d44-0d601f451f1a.json,406,fd35fe9e935b227426175aa6915045783b2839ccfd74b7135d55d31c806f579e
05_PrefabModel/HotUpdate/Decoded/90981f7d-dc21-45d3-821e-dc531280a592.json,739,c57908d191ea552a29c4091cb39ea9569f9fd1885443044ca7f48ec73cb216e5
05_PrefabModel/HotUpdate/Decoded/90bf3407-f1ae-4043-aa88-e7f52847341c.json,813,2f646fc71c727a4b6e3dc8a057a3c7e4596677abbb2cf62a2ef6ba3c52de7034
05_PrefabModel/HotUpdate/Decoded/91151cdb-2888-4042-b283-982caafdf4ff.json,392,e4f88fbe27fc7e8074c697a923ff76460ddc564a476b356f6d07384c7c7ecfab
05_PrefabModel/HotUpdate/Decoded/912cc466-fd19-4d2d-b2b0-c613ab2b39f9.json,409,9125da1c354312dd5950cb4f9bb7a37255a53c6bfcb55238c53d686c7e7fc41d
05_PrefabModel/HotUpdate/Decoded/925072b1-0d66-4136-9bfb-92a5c743e9ee.json,391,09e3d58e40383ff0e020245283926f82e23020f50d626d2dbcab7cc2eb75eede
05_PrefabModel/HotUpdate/Decoded/92a44d78-1e8e-491d-866d-65abf6b2147b.json,428,52222cb69f82f5b672bbf394f158ed450ae4e08458a64ffb061b3cb88433c5d7
05_PrefabModel/HotUpdate/Decoded/92a71680-f28e-4e4e-b896-3dd7b7709ac3.json,9061,d7079dce109498fd644acc408918c2c6d17d372a35a229ecaf51203ba23a655f
05_PrefabModel/HotUpdate/Decoded/92d63964-1946-4a01-8a5b-f0adc1097546.json,815,31af9012375506a6d7eae2c6751a0ce8d7274af852926a043710229be0e5d7ec
05_PrefabModel/HotUpdate/Decoded/92d78116-43e6-47ce-b34d-5a08a25633fa.json,817,9c156f5f6b1b8b233836a17a9d6a8ef0a07522d3e89e33cd7171c77887975fcf
05_PrefabModel/HotUpdate/Decoded/92e79000-3027-4bb7-8bd1-7a80edcb78a1.json,392,1a5b20b41774b99975b2b2b6b50178b371678124e27c28859c142348e7d4a9b3
05_PrefabModel/HotUpdate/Decoded/9394a752-4fd6-4162-b82a-842e5b839fc4.json,823,6cbca9e5ca250a48b68f98d86d5078a0e76e8c5dc7bd4c833b49bc4ae0fb89dd
05_PrefabModel/HotUpdate/Decoded/93a0603e-7302-4a02-a72b-2056ee4956f5.json,840,9b57fe7034e8d9e34e2aa29f0ec08d4bbfc070f15b297708bf3893d8a63a2f59
05_PrefabModel/HotUpdate/Decoded/94071b2c-7f0c-4f62-bbdd-1d0e74c581a0.json,414,7e91520d44dfbd55ca3f5706ec6397545ecb1b972cfd0c90cefababe707eedcb
05_PrefabModel/HotUpdate/Decoded/940bc251-ecae-49d1-b71b-07a11e55568f.json,428,e6ab61ac22a8feed9f24ccad6142b28406fea2fa8a5f8e6b9f6a0f684424dbab
05_PrefabModel/HotUpdate/Decoded/9411fe7c-85c1-4519-9cb8-21035d9f176d.json,18446,c38ceadcdf490ba172ba9626183e2cd5f2344c49f23e0f677539fed9e9c59fb9
05_PrefabModel/HotUpdate/Decoded/941330f4-3623-43b7-9228-e3fbdda42cbe.json,776,461651c4559e3acd7829e56831b862fa15562fffbe40f057ac9c0d468b252128
05_PrefabModel/HotUpdate/Decoded/94501ff2-86c8-479d-a98a-631c09e21bdb.json,12275,f67e96b24c89b840018bf0c9484b52b155cd5843d74dd5ba00623e92a63c793c
05_PrefabModel/HotUpdate/Decoded/94eedd69-ddb0-4526-b983-0bae4ca77d91.json,398,3077ac64aacb969f8a2dfd6c77ddfacd937d42c1f7bcd76113b4464c52bb7fc8
05_PrefabModel/HotUpdate/Decoded/94fb8e0b-e76a-48f4-a217-f79103f3410c.json,391,4cd0006fbe716c663cb0b060a70924544d6173d4f05bd3475a5b7120a1e51a65
05_PrefabModel/HotUpdate/Decoded/950087b5-cd5e-4b1a-92e5-5e7af0fd1acf.json,744,8ebc058ff040fdbd9feddb1f9f56db90ae2cf1e13e8976e2e5db1989cf2d5943
05_PrefabModel/HotUpdate/Decoded/9522eb81-fb07-4783-be8a-e6d4174c7fd6.json,398,89a2bb8b5068326bacdc85df5e5c84f8e4eb4038cb151dd7d219eea884f85ca5
05_PrefabModel/HotUpdate/Decoded/952f6da6-3f80-4317-ac9c-060a52ca303d.json,401,86503b6d982738d5d9c9aa2a4727ddc44b92f435d9d71bfa76e516d108fa9173
05_PrefabModel/HotUpdate/Decoded/9547ad16-5cfe-4ff3-a325-62743e13422a.json,392,047a704750aa1e578f960b927b0a91e5ba3e57f95ba8c1b57c76770568544d4a
05_PrefabModel/HotUpdate/Decoded/95fe7f58-28d0-4f98-936e-78c4a3e8ffca.json,810,3133b1059b03089b3be88d6fc92c0107995af5194de2d159c0d8ee1ba79aff48
05_PrefabModel/HotUpdate/Decoded/9655016d-93fd-4701-94df-c2d35f2ed564.json,413,24623eaec33dbef9f6a2eca6634151414f3dc41e5e61ebda4932b4db7fc3a2cc
05_PrefabModel/HotUpdate/Decoded/96c8ec86-eccf-457a-b660-72477e003e78.json,411,72064a286368b1cce7df7a3df4bb777c7e7e8d44beaec4e23648d41a761e1f21
05_PrefabModel/HotUpdate/Decoded/972e4d70-4ec4-4d93-bd4b-e446ece8f428.json,47868,8c4e7bdeb3df7a48250c8b530cb574cdb6120bf16e3dcdab37086a7e67dfc2f3
05_PrefabModel/HotUpdate/Decoded/9748eca2-264b-4748-ae18-7303f7529882.json,802,19020a06a56ca53ce028b4c97729357603649792ef08330ac6daed6cad6510f6
05_PrefabModel/HotUpdate/Decoded/9794bed5-327f-4ea2-ad20-b98d2af4c9e8.json,809,d12063b9c80eae34bde76c4e5c4a8e70834e06a208926c1f1cbfb9c90ed8cf1d
05_PrefabModel/HotUpdate/Decoded/97ea5f30-dfe1-45a2-bfeb-324638232a1c.json,813,ad29a99b2afdb5434df257445688198d6cc992c68bb0afa7f5e17b42477a68de
05_PrefabModel/HotUpdate/Decoded/97f83cbc-3c01-4cdf-8fc8-bd1a384d54a2.json,816,e344448d4cccba23ec525611f98fa055808823f43f0b3f5d6cfd649913d459cb
05_PrefabModel/HotUpdate/Decoded/9844b415-ef0f-479e-9481-4bde1229b4de.json,73129,9335fa8ff879fd1ddae681618abb5bbe71a7738cf523e0b249bbaf48553d73c3
05_PrefabModel/HotUpdate/Decoded/9879b2ca-47e3-4474-a4ae-369d636322b3.json,414,db6ef835b779431d659b0714007c9a900ccbe8b307b2dd424c42ce5c39042036
05_PrefabModel/HotUpdate/Decoded/987dcc3c-ef97-4341-8a91-e35db5d2ba8c.json,332,adad7658e5996cb020f9de68df0e78e86623264d114d19b064c8a1a47033be82
05_PrefabModel/HotUpdate/Decoded/98f2795e-1b53-48c5-9e39-dce97ed1989e.json,332,aafddbbd127144d8093f59d349381dc173d36748658c94636e1dec990b9b82f6
05_PrefabModel/HotUpdate/Decoded/9935e644-1184-4c5b-a004-fa4b37026e0c.json,410,222d65fb0605c0a3d0c406cb7975eb96f3555148654adf84ceed420b77df2a5e
05_PrefabModel/HotUpdate/Decoded/993a1f48-6068-42f3-8d27-f494558ce29a.json,400,f77a454e898db83231ec3e65c0f3be506958827b1756f16f1c77d65bdc445c6b
05_PrefabModel/HotUpdate/Decoded/999ce578-05d9-4629-af88-fd68f1a29c5a.json,821,23f21e4edc718941c365dcca09c87cf4221761b3dab9082a565e7bf2f34370e8
05_PrefabModel/HotUpdate/Decoded/99d19228-b42e-4576-8831-f9781cb3ef72.json,391,ec805130697287c4b7fb618806b8e3a7cfcf29b58e5b5b3b4f4f3867c07750f1
05_PrefabModel/HotUpdate/Decoded/99e7583a-6d2c-460a-975b-8764d5bf0e4f.json,398,6842f96b0422b0a8434e0d41c1d741475489ed6e63d6e54e802a260193d72644
05_PrefabModel/HotUpdate/Decoded/99ee6bce-3945-4d2b-b7ac-2319f8e01a52.json,410,3ea1b9b1859e4d5c58520381fc74c6ffcaf9b50535375c076e3067ec241b2af5
05_PrefabModel/HotUpdate/Decoded/9a3957df-942a-4547-b7d3-5d5c453400db.json,412,d31fbad9d29c61b958642282ad3656dab4a7e28342cb0e074cd8736250f28a39
05_PrefabModel/HotUpdate/Decoded/9a3e5b4a-9a94-419c-b540-d5c9be2099e8.json,800,2f5589e2db33383d45175301bef93105db51db8755c4733de26102253b5bcc96
05_PrefabModel/HotUpdate/Decoded/9af2802b-84a9-46dc-ab9d-eaf02f81f3b5.json,1360,29b75185a1e6ea61a2004a7d66ae544d863745a7d6b6977e7624c0a352386ce9
05_PrefabModel/HotUpdate/Decoded/9b342d17-777f-4ef9-ae56-44fa32fe8eca.json,11177,663f9a66069a96110eee162cdd49a952ebd484491492dda3f65e97e5cd35a63b
05_PrefabModel/HotUpdate/Decoded/9ba98b8f-a29f-47a7-a5d8-44d436da61e3.json,391,8dc76e1d3ba1ccd9b065434eb508399fad73f0171d32ba7ab45407c33a0fcdf7
05_PrefabModel/HotUpdate/Decoded/9bafa911-0987-4d56-9634-5e35ec3925a1.json,409,4c1c439355c156c625fabec533f83d3b95e2729cf87be1eeb70f951289cca7cf
05_PrefabModel/HotUpdate/Decoded/9bc3ed2e-c695-4823-8975-f84e60023357.json,411,886228a4a174ad019f2131da20fe46265514e35c650e64d370e47e6ae72fe582
05_PrefabModel/HotUpdate/Decoded/9c705677-7eb3-4f07-9c29-78ae3c20d8a8.json,817,d971a1a42b698de3c5007d2cf24710810e10a52fc472b2314cbe98503d625543
05_PrefabModel/HotUpdate/Decoded/9c88cd31-3870-4566-ae7d-ee1ae6e27216.json,392,0adfbd5e915d649e779f1e9c6dfb40f86699f66873396ed8537d09c6f57922c2
05_PrefabModel/HotUpdate/Decoded/9cb41a1d-beb9-4f79-9f23-9507d08cb3f9.json,401,032b54752e39e48a001a3664b90443d7d014e29fe23a8d292cca31eb0eab6988
05_PrefabModel/HotUpdate/Decoded/9cc6da8b-80a5-467c-8af0-70eb2d7ff5ab.json,398,0844e7a67a77e9f3f34a2d08fe79a439a8e40b61820ae5b1fc0921812862d4b0
05_PrefabModel/HotUpdate/Decoded/9cf5cbe8-1f28-4bd0-bcb5-73014cb1bd8a.json,403,4d383cfbfc1db9a121c5bc61e5b007a4eea654752d69f3f99037b9cd0910d990
05_PrefabModel/HotUpdate/Decoded/9d41cd25-aa8e-4f35-84fd-de2acccc4b4e.json,411,7473e7168a3fdee8e7b0d1f1ef83fb1f1d8317845294fb7afa3c40c2da52885b
05_PrefabModel/HotUpdate/Decoded/9d8d7d1a-7748-46ed-af55-3386e386d8d0.json,804,acd99bc0f29be5d9771b2f6b2e50a41e37ee8bcc58b414f37c1e668219204566
05_PrefabModel/HotUpdate/Decoded/9de5ca07-8c7f-4bd7-b5f7-5d5972b4e559.json,413,7e75ff1be2e4685c9fc12b09bcd94311844401d03877b86ac62d84ccc234fefe
05_PrefabModel/HotUpdate/Decoded/9e436e67-7145-4b6e-b747-2f4ebb7b3d84.json,392,e79c2a68a914fe4ed317115358602aafa5b6d9ce4903a423453c03c51b97ed34
05_PrefabModel/HotUpdate/Decoded/9e5ac82f-a6bf-4ddc-b593-73402ca19872.json,1294,00f834e00fb7350fafae85e7f31fd2b54f4ce15e4e3c8a4ad8e8ff863f7fb937
05_PrefabModel/HotUpdate/Decoded/9e93f222-f554-41ff-9974-810ed1dd909d.json,392,c45d8bf25b52837b4cf488f133720649f13f633cbb4e7940a2879f54c5cdc33f
05_PrefabModel/HotUpdate/Decoded/9eeaf313-9bbf-4dad-a185-af17ab05e61f.json,832,b216b67c7c71859d70e54b6062ac2400523e7b1969f35b043cc609cf70cb1ca5
05_PrefabModel/HotUpdate/Decoded/9fa58b72-8aab-427a-bc09-92d05a505659.json,822,8e20b9293001ab26a971607c15021a8b0dda6f8ed584c86e87bec1dd70838ba7
05_PrefabModel/HotUpdate/Decoded/9fa788aa-010c-465e-b18b-223800dd1d65.json,816,bacbd8d38d171ab04256ad76468bcca5f8b794021e2e588030495b6c73b2ee4d
05_PrefabModel/HotUpdate/Decoded/9fb5e2a5-891b-46f9-b94e-e91594cfa093.json,418,ddb089e880b0e53c5c3deb8d0dd7fca604b32856e22e066d3569c1ed974a13b4
05_PrefabModel/HotUpdate/Decoded/9fea0c34-c4ba-4933-af53-afa53490cd44.json,773,52a3e807fe41f1857b4c4971cb19a39764f5ff55644e9a0dcb8c9c292ef924db
05_PrefabModel/HotUpdate/Decoded/a07acf59-f8af-4617-8a1f-5d82d774d1bc.json,392,2567d6db4e1182fc3b8533536b0777535313694a9b99a45ddab56f5d39c2b509
05_PrefabModel/HotUpdate/Decoded/a07b6403-7a05-4475-854c-199bb1a5f7e2.json,392,657d3fb0cd39f3d5c067ba8a0606e863917685b983620648e7671a9d3b221f10
05_PrefabModel/HotUpdate/Decoded/a13448ee-b13c-4db6-8029-c8678d175412.json,800,7c2a21a87de879a65d0c358f4a6fa83df587e7c167ac5568208282d03989563f
05_PrefabModel/HotUpdate/Decoded/a153945d-2511-4c14-be7b-05d242f47d57.json,550,0c824349e98e531def9e519bce003abaacf8820a35bb7000b74ce03af9f5dace
05_PrefabModel/HotUpdate/Decoded/a193e946-81d2-4df6-9f9f-6597937148cd.json,847,a42bdd6d91a5b2bbac5f7fd29a69167243712413440c8545c662ff73bca5a6b2
05_PrefabModel/HotUpdate/Decoded/a23235d1-15db-4b95-8439-a2e005bfff91.json,753,7ae305b0a8dd2501389a48daf2a4df0df49b7c98fdb1c6b84dd558d0f47bbddd
05_PrefabModel/HotUpdate/Decoded/a2910a3a-e1b9-4e09-8a90-f501a6a2fc3c.json,832,7cb39c0f16625e134235a380f5d4bab3ac0765bfb813977072f2ce117bdf1464
05_PrefabModel/HotUpdate/Decoded/a35fa43f-600d-4041-8425-916cf5fe680a.json,332,5c0dc38dd108d518b15935151f4b0cda5ae2207cb8ac12a8f727a4ff26ebd55d
05_PrefabModel/HotUpdate/Decoded/a36306c2-f920-404f-9989-f887ae4658d7.json,802,48bb52623956be8d5d685ffabde131c02788a5f6dcab3732d4d1ea5c6800e906
05_PrefabModel/HotUpdate/Decoded/a386dc39-965b-452b-818e-e8b7a51098f4.json,806,01b51d1f99ce9f7f047019b36b8a2dc690c82008520815638795fe71fcad4968
05_PrefabModel/HotUpdate/Decoded/a3b71b22-7fa9-4e57-9b0a-955bfef76581.json,818,7a6e449a5abc8668d9622a84c8de8c0447e7d2b1f3a3f20e3c92458fb430bc02
05_PrefabModel/HotUpdate/Decoded/a40b3d81-b703-47b4-ad33-4f4dda194ba5.json,392,0bcf992bcc27ccf3d8126fff37450c038153f211e52ee62fd840b1ec70b74862
05_PrefabModel/HotUpdate/Decoded/a45fd447-8f22-475e-abac-c6a21926a7c2.json,428,f576662a2513cef6370fca8ceac7421fb3602544d0d24eccd552e479e2f51bf8
05_PrefabModel/HotUpdate/Decoded/a465308d-4884-4544-96e2-1fedb7c2d03e.json,822,62076f690ef09f0d510f608c37dc018d6f4528b798b0c7b2ea8d4c44c7752041
05_PrefabModel/HotUpdate/Decoded/a494ae35-e395-45e9-906a-6906781b5c17.json,392,50c6f6e58368266ccb66af3061063b67d71564fb03f1b1e9fe861c0c318fec19
05_PrefabModel/HotUpdate/Decoded/a5131f33-5e42-48f5-83ae-e6ee6146dc37.json,332,b93fbc968add3a3b4f73b3a640e4a83f5c17f8d2f454a5d6e273056f6dd8bacb
05_PrefabModel/HotUpdate/Decoded/a5856dda-7477-43b6-aec7-d91390584aca.json,410,5352111a88e1e4c262ac7a145a1dfa820499c8d58c25904ee76cb8ce0c63867d
05_PrefabModel/HotUpdate/Decoded/a5cc2672-da8a-48be-849f-9c5c431913a2.json,405,9d8767b21b5b4a7811fb6723a6fd28f8b5dd62bd39cb2ad631ceec1a6f6d4f71
05_PrefabModel/HotUpdate/Decoded/a5d2eda4-1698-47c5-883e-155fe9ea6894.json,804,18923606bdf22b82c74a8c97baceca82801c573f2118d9f3f2359cee368de0f0
05_PrefabModel/HotUpdate/Decoded/a5dbbb08-bc69-4768-ac36-a1e3726b5c71.json,427,308904fd516e6be354c2b118b9f324b368ee79707bd0e8c9933caeafb40920d2
05_PrefabModel/HotUpdate/Decoded/a66ab0b3-5ae7-4cb0-a41f-df0f72e96c98.json,332,2c627223c25380463f5675139f84032c6129357d132fbc3130df99017b346cc4
05_PrefabModel/HotUpdate/Decoded/a691b106-b587-44ce-8921-867df8ca753f.json,17776,2602ba0856b6492f957280bf57e7e7c17066d78c49a93ca64620838d25b6d72e
05_PrefabModel/HotUpdate/Decoded/a7648edc-0208-4215-ad5f-8421f3fee6ac.json,822,17e7ac409c147c243539ad5290bbba5da121097b8d4f1c8eb6e2574dc674b899
05_PrefabModel/HotUpdate/Decoded/a7e06987-f8db-4542-9a17-734c0b6ec1c9.json,400,179fb4a7fdfecf56c93150f723cf540dd3c31675b4c6612e0506bba99578b316
05_PrefabModel/HotUpdate/Decoded/a7f3b3ec-1c35-4408-aa63-32fec99703d7.json,803,edcdaca10b9a7d0e10f49b6670d68eba23fbedbf220a39d183925b7362cabfcc
05_PrefabModel/HotUpdate/Decoded/a8ac38d4-bce6-40af-a131-6c85e2faa70b.json,391,42997ad680e8cf100bcb20477a5e7215a4d0c46519c3c3b73586e12f4b706026
05_PrefabModel/HotUpdate/Decoded/a8b06594-7cee-4ec7-afd4-b8dd75098ea6.json,332,cc361733b5d5994f44b0dcb73685969595e679c061f651c6829ba37c6a6c6684
05_PrefabModel/HotUpdate/Decoded/a8d97225-2486-4902-85de-8c089053dfa8.json,809,6a179ec0157f949dd105ab9f65056fd736755c59f768a2fe7e7c4bf378eb32c0
05_PrefabModel/HotUpdate/Decoded/a92721de-9e35-48dc-bdcd-e5986c856a33.json,804,df3142bfea4b785ee937d473db80ea8e8fd484c3b0a0e3ce2654e2d46912896d
05_PrefabModel/HotUpdate/Decoded/a97ea43f-2609-4e22-8a45-cf2d4f19d0f2.json,392,ca5c9190530c9af3a2d94d3871e37aad602600dae470259c3d1b4a3aac313ed0
05_PrefabModel/HotUpdate/Decoded/aa1a4abe-761f-4a7b-9ea2-30c75b9b6c93.json,818,00ca14d7d9e88c8e4ade574219bc8e55be5fc1fdbc4458dc7dc0b1fa77655ae0
05_PrefabModel/HotUpdate/Decoded/aa425258-1a19-4c18-9aa4-8466eae68d2b.json,392,e437a011ebe15a89a410b54c082b0af2c0ecc672b8ff2698177849c8b8f65a3d
05_PrefabModel/HotUpdate/Decoded/aa4eaac0-d87d-48bf-81a0-99f24d8e5bb0.json,34997,2c843703268513b4c0a7b593303a52c06eb94659d2d7ea8d6558725b18099122
05_PrefabModel/HotUpdate/Decoded/aa7b3788-4121-4f50-909f-5d948bf2a304.json,403,48898db241de09042d6a27e5c39781159ece7e6ce3e332846ec0e680983301df
05_PrefabModel/HotUpdate/Decoded/aadc74bf-2ad8-4fcb-81f8-1a42f5dde80c.json,409,9e558fe7448dd52f6f8cb4f962c7603b9043544c6da8594bc0647c168869a4c3
05_PrefabModel/HotUpdate/Decoded/aaf553f6-8a16-46a2-a272-355b343cde4a.json,392,99154fafba5fe27cb213c85c35f57b1aaf21641f775a9cfca7a1c2a12995c74a
05_PrefabModel/HotUpdate/Decoded/ab02ca60-69c6-4a3a-b7df-8a392252466d.json,802,7f246f0e3e859817df4d82492bade746e04b4bcf83e7a261ff14bbadd8bd1d4b
05_PrefabModel/HotUpdate/Decoded/ab36d7c1-1991-4caf-9ebe-987e05c2a37d.json,364,6834e6b7826a0f8206195effc6876a7615a07106899e37a5d4a690a09b206b3b
05_PrefabModel/HotUpdate/Decoded/ab3878e1-f1c2-4f67-935a-a51fa10974df.json,802,10e4e1cc01fc43f630f0a7cda822d8e46c7ef72b597aaefa638e4f6789e15f9b
05_PrefabModel/HotUpdate/Decoded/abd30034-e52d-47d4-bf4e-077a815c90bf.json,817,a09b2c3f20ec3e6e2f23327403f588b60d150043fa2522ac16bbcb94193311fa
05_PrefabModel/HotUpdate/Decoded/abebc1f4-2982-4a96-90fd-db87ba937a3b.json,802,364217b9cff5a44a05c4ce966d2ccfb233805a5d88a6a3b3703de428e8ff8f2d
05_PrefabModel/HotUpdate/Decoded/ac6d3bb9-434e-4c22-9242-d91744bc0ee7.json,400,429f52f0339a8420a2fc3cdb03e1dcf0822b65125b8e1b0d43cf12b8f7283695
05_PrefabModel/HotUpdate/Decoded/ad13543c-0484-49cd-9e07-963effe9a1da.json,396,823872a804c6ee165ea5ebb43a6c4efcca02c2773a2281220b1f25ccd9a4c35b
05_PrefabModel/HotUpdate/Decoded/ad187cf3-6ebe-4f5e-82fc-3db56aba135e.json,411,32a014e9a675852679b95fe0935b0b1efad3e0a8adb77c8c9a03cb63230d5d20
05_PrefabModel/HotUpdate/Decoded/ad1af1ca-c838-4eb6-8ed6-0928063481fb.json,25737,ecd352c32ac28281f3c624e37128eb9f6c0cec3344543a28a53865189cf6b130
05_PrefabModel/HotUpdate/Decoded/ad8d9498-050b-4c07-b799-4507effab1ea.json,408,e42a4a949922339f88a3e0aa6ea943c8d9c2e6f1a512dda29b73fa92c760ef50
05_PrefabModel/HotUpdate/Decoded/adc035b1-931d-493b-b587-81d704e83709.json,410,1aa1aa0b20940aa3d06edcad1a572b492dfd04e9460ab67b82c768fdd971552a
05_PrefabModel/HotUpdate/Decoded/ae32c2fc-7f1a-4565-9d65-44c1cf3d8920.json,405,25723f0f530edb99df0a3e3c1803a3c50f8128872774d2fa2bfa5fcd1cf238a3
05_PrefabModel/HotUpdate/Decoded/ae5e88ea-057b-4d86-a75d-6e7d05739d7a.json,391,7c0248cf7f3196e80cf0255a7df87aa462f525ca5b7a1f0f2134c70872305b0d
05_PrefabModel/HotUpdate/Decoded/aff557b8-65ae-4c64-b536-5b7ad639f4a0.json,750,5fc431cb659dfd9c64d750a26fe5fb47eeaeed1ee99ff1ea9901264e2606876c
05_PrefabModel/HotUpdate/Decoded/affbf61e-d43e-4a9a-8f89-10bf4c91f5a2.json,820,b25ffdccf6c5afa77012fe777478b781e2faefd1118036eb57da594b58f72617
05_PrefabModel/HotUpdate/Decoded/b00460f7-cc4e-43f7-adba-350fc6c6bc97.json,1223,eb2e0d2c58ce6e0bbf36deeda6bd69b7552e5484f612ff407b87224aa9d99faa
05_PrefabModel/HotUpdate/Decoded/b02ba614-5d3c-4061-9443-699bbf7558b1.json,435,282e39ca675974a35f219fe6dbfcf5598bffab95ffdca0b522a1332250078f98
05_PrefabModel/HotUpdate/Decoded/b0accc66-b674-4eed-ab20-8a2d49ad95c8.json,391,e6a080a77639dff91f6f040deba32e6a071127581a8501c1e5af608a5e7a1490
05_PrefabModel/HotUpdate/Decoded/b0f3e395-6271-4dc4-82ea-a40f1931b96d.json,419,56e7144eaa62f22576476e71fb9d0a86b2258256cd733178f8bf6e9d5a851300
05_PrefabModel/HotUpdate/Decoded/b0ff76d9-546b-4564-a9bf-bcbeb176f581.json,420,b2bbf7e1e59c098fe76bb6ce62184011b82820db7a8344ce4c47ce3169f648a7
05_PrefabModel/HotUpdate/Decoded/b17009a5-8a1e-4c0d-93b0-371a684a4279.json,817,7cf65b1032fba131514eabc99fbd6ea598921cd097e09fbb333b611cbbec4db5
05_PrefabModel/HotUpdate/Decoded/b1922039-13bf-4a1a-8d25-5140ba4ac502.json,403,0157873c0851042bc3cbdfbe059d6fecfe1a23ea0e41b8380614f879ed0c11a1
05_PrefabModel/HotUpdate/Decoded/b1b7e697-fcde-40c6-b7c9-aef3973255bc.json,413,fe6f5e74abda164cafc0f9f24e5875c7f5a6f5f64e0a340b8c932531681727cc
05_PrefabModel/HotUpdate/Decoded/b1f93e32-b4f1-459f-b41b-23021bb3b474.json,776,7b02b8322ebc2e9fbb5f481d146aed91f70631e1602a728880938d7a7c8abf14
05_PrefabModel/HotUpdate/Decoded/b209eb26-fa31-4227-8ee1-0726b8b00e9b.json,415,bcf98210485e21de997a9ccd87c799807bb2c3a59cd873cb1d72cbed5ad99bd9
05_PrefabModel/HotUpdate/Decoded/b22f8898-0dac-4782-91f2-8b9b64a7d764.json,807,5cafc14fdbd037285b2797c0f96e1537b38277248810a6426a760661f0ee302d
05_PrefabModel/HotUpdate/Decoded/b2789684-61a0-4923-92da-ba0f8eb33053.json,431,110fe4cd26c63e22454c950e9232f54b85a5c72588f2ed0f79322868aba12402
05_PrefabModel/HotUpdate/Decoded/b2fcf2df-82ee-4eb5-b698-6b040c63b831.json,776,8ff0331d88901612d58b56300d86cc6e89f716c60c32555e84c9f1c0e9b77726
05_PrefabModel/HotUpdate/Decoded/b301afa3-f1ec-40c3-8045-bedd2e97915e.json,332,36b2ef4d6cd811524f84efff9cc9c05fdce122c337cc8a1650ae9cca5273df0c
05_PrefabModel/HotUpdate/Decoded/b30b0868-0818-47be-a3e4-c913dabae1fe.json,414,67f4d8cdbd397c40d05452ee317d8922b7fadb98105cac95c74145efcc2f5646
05_PrefabModel/HotUpdate/Decoded/b3680aad-a71c-4adf-863b-b3ac71a0e940.json,401,d64c101fa2f85256956261dd84629aab6b607a7c948ead63f7fd0912a9ae3f78
05_PrefabModel/HotUpdate/Decoded/b3eb2b31-11a0-4cef-8c57-556c376564fb.json,3207,f2bb9bee4d327df5b750dc7507b97d4840db02d87e9bc30fd6589f99e9e10f90
05_PrefabModel/HotUpdate/Decoded/b3efe63b-d728-4a7d-822a-5ab58aa9148b.json,332,b5158a3098a71bac572a334ca2814a0be9206d741b62d6433cfec9a1c813b711
05_PrefabModel/HotUpdate/Decoded/b43ff3c2-02bb-4874-81f7-f2dea6970f18.json,364,6defcfa8e5a2f62e1153661ef4b093ff88b005cd74bf39852d1cc2e31b5b2b3d
05_PrefabModel/HotUpdate/Decoded/b4a10935-57d4-4c44-8377-767da644611f.json,819,b3128447a07a55ae33776c9fd28813b3115c26592c33c49ad1cc33c6cadc2574
05_PrefabModel/HotUpdate/Decoded/b4cccefa-7b5f-453a-9515-4421c489a312.json,332,38f23da7544d3eaaba02454031b33271639b33e3ead3a1770ba669c5133861de
05_PrefabModel/HotUpdate/Decoded/b4fafe24-c869-491e-885e-a0b667366ccf.json,392,1e56ae1fe10c052c48d391189739dec605c13730276135d91cc58cd146d4c5c2
05_PrefabModel/HotUpdate/Decoded/b5283144-3076-4492-bd9a-d2d7759ac59e.json,55226,51430a41a7a380733b2436cc8fb4f9fc4d4706bb8409e585e02acbbfb0b24593
05_PrefabModel/HotUpdate/Decoded/b53efe43-2aee-4758-9578-e59fb9d35471.json,804,06bb4a37a4a25750fa96320267293fa6e1442ea143836aa98482750de0dc2cd3
05_PrefabModel/HotUpdate/Decoded/b59982f8-cfc9-44cf-9729-a885a6176616.json,828,542a74342a82a651fbb8c6111d1c6e4ba11752aa21ddee43f9100cafa3a0fdfd
05_PrefabModel/HotUpdate/Decoded/b5ba64b9-6890-4a38-80b5-0beb502e44a3.json,817,6c4b608a84716e4177213785088c2cfe25aafde26010131c605b9cd2df60920a
05_PrefabModel/HotUpdate/Decoded/b5e12702-d79d-4a5a-a1ba-ed654718a090.json,423,d9bb192327a38c3b4e9b63a17972417d7bc407d1ec4e5d798b9e641533450b91
05_PrefabModel/HotUpdate/Decoded/b602806c-de26-414a-b786-55de2b3093f2.json,817,5ca693aa09b4194a91f14642699b862c7aec3d299abe72442898022ca1ec3786
05_PrefabModel/HotUpdate/Decoded/b6886899-e2ec-4367-bf41-a502676172a8.json,825,7c9dccf0fa76f150c50b0a358cfc703375ea5331f66130cdea95cbddaccd42f6
05_PrefabModel/HotUpdate/Decoded/b72f23f4-fabc-4fa0-89bc-f0f364a851cc.json,392,82028e70d9e876ccc09e7f67ee32b1e3cf3a90eb8d776be3420d3226752c43d1
05_PrefabModel/HotUpdate/Decoded/b7533d81-87ab-44fd-a9b2-6463cd03c3e1.json,811,6dcbcc4f80869d86a7d9e20fb206fd1437bfea0e263d7659250d96dbadaf234b
05_PrefabModel/HotUpdate/Decoded/b76fe349-beed-41e3-aa49-d37b0b0873f7.json,409,f2b0eeb5ac70137af9878c3d9909246ddbc3dbe201745ff96332d4413542d4fa
05_PrefabModel/HotUpdate/Decoded/b78dae3d-6473-4726-99f6-a9c88154293d.json,831,cf1dab33645a255a110f2302d3fcd543ab09dac73c4212b9239b7064d86d64c2
05_PrefabModel/HotUpdate/Decoded/b828f446-bbd7-4385-a656-787de4635157.json,410,c1be96ce78ca716ab6a730a86cdbd3ac55f8b06428e5122491c8b9cd133c41aa
05_PrefabModel/HotUpdate/Decoded/b849ea33-3a31-4a40-a095-e6265604ce3d.json,806,f1c4bd4b913eab5bf4edda9ddd1b68851065d3c1dc1187b1642fd8b561e7e2af
05_PrefabModel/HotUpdate/Decoded/b8612d37-0b99-464b-8e8e-870c5a00b525.json,742,4f8894d91f43fbf9693e023d68b242f94364aacd659d88dd489a0b7b733d0f94
05_PrefabModel/HotUpdate/Decoded/b8dd33a1-1166-44c8-b746-c8de0651665d.json,819,36373733e147a483a55653d843d16eb8d63a852f13eb5810d1ded1296b9ea336
05_PrefabModel/HotUpdate/Decoded/b9877381-bf3b-413a-8614-c71c68089693.json,364,a3f09026e280b3edcad296226ba80dcc541e7602fbed71edfb273c0c58fd8b9c
05_PrefabModel/HotUpdate/Decoded/ba87cb10-ffa2-4958-9685-e74c5153a0ff.json,804,2f2f47efee05689dc72b2b8cb0392623b4386a26b71855ed6b111281961ebdf9
05_PrefabModel/HotUpdate/Decoded/bb1c8bdb-6e1d-4d52-ad3c-05f0ca7b4ebd.json,396,9b42b16bf234bd823969fb15aee0513975b521cbfe821a0bbebc7be24840dc01
05_PrefabModel/HotUpdate/Decoded/bb3e9e50-e9df-4200-a234-d4886f908f5c.json,391,45f25167384679aea7fec395b0d90f9375b61dadce0589cab5103fd93bcf207f
05_PrefabModel/HotUpdate/Decoded/bb5cd37e-49a6-42b0-a930-9987e65b42fe.json,769,321342b91d9697367873c3402278c7d85b154d40a4a40d85e92fd72eca426a94
05_PrefabModel/HotUpdate/Decoded/bc6791ed-49f1-4f2f-ab69-acf2ffa1f508.json,803,fc6cf65c49a09d12e2608cbf0cf327915a3ce6f8b0b3b839e97e6a1d2992a5b3
05_PrefabModel/HotUpdate/Decoded/bc77f079-61b5-4a1f-83c1-aa665e8be048.json,805,f46ee38781e7e88fb44ec71ababde9d1579e1d6eeacb7933829da9179696b954
05_PrefabModel/HotUpdate/Decoded/bca1aeba-8ea7-4fda-9bf4-20102ab9a6fa.json,802,b43bb0c5fc205944e4f5b344b5d0018449351453442262fffd83ebab009fdaeb
05_PrefabModel/HotUpdate/Decoded/bcefb0cd-136e-43b4-8224-7082659fe72e.json,409,3940bf4f13e060cc12b062259ee97c4a507876b928d657001ec58edc0653d3c0
05_PrefabModel/HotUpdate/Decoded/bd9fe524-412b-481c-9d55-55338e112966.json,364,fafb6f876946ccd5f20d20548e2f6c400d659e908e49d0848be8e2a898e2f837
05_PrefabModel/HotUpdate/Decoded/be1d0bb4-ebeb-4293-a4b0-b1320fa718c2.json,408,62c0d78491fc72b28a7f4f226f3d8a299ee1188625d663836f26a49b63d7a1cf
05_PrefabModel/HotUpdate/Decoded/be9e17fb-b5b4-4352-bd04-07f0ea38cfeb.json,392,1404895d86f4ecc2f2a669d1400397028d7d4000a57e8ef6941cb9a951e50b1c
05_PrefabModel/HotUpdate/Decoded/beeddf78-7220-4f0a-ac0c-91e5ae9e3bac.json,404,d44c73e1da1bdb547b55327e8a0a8f446e4f1e53f4b955af20bf3b0c5aa6021f
05_PrefabModel/HotUpdate/Decoded/c0040c95-c57f-49cd-9cbc-12316b73d0d4.json,1811,cc9d8c50b0139fee1c7c99e2b0f29c67782c994133f64baa37148707016d4112
05_PrefabModel/HotUpdate/Decoded/c01ec954-bd2e-437d-a06e-7dff79b868a7.json,62454,f7c2413b3033c978822ce995f891397bd98232cf462324cc849b32670c6629c6
05_PrefabModel/HotUpdate/Decoded/c02c1608-85c7-4833-aa28-872e4e07b748.json,840,3cc8ac1d3e4a970a58e788db56df8fb82a9d315e0d412be5e7ffc5d7f9884dd3
05_PrefabModel/HotUpdate/Decoded/c05ef850-a68b-4608-ae8d-f079f6bcbe4b.json,818,5473937e6640dd14d30057670ec4414112775dda6d88844f0cb886835ef3bbdf
05_PrefabModel/HotUpdate/Decoded/c0944be6-bf96-46f6-8fbd-8d287390cb2d.json,398,cdf1747a94fa85202da41b5d773f11021316edd0345d1c179e2cd0e86b3be0d2
05_PrefabModel/HotUpdate/Decoded/c09f78e4-2a1a-41f0-ae4b-7b30fc358d14.json,802,4054fc06c17ee55c506f69ea8df811b5db077e44c7a294629ea53c747b1f5528
05_PrefabModel/HotUpdate/Decoded/c0fc7d5e-8a2c-4364-8497-ad842d586b2f.json,820,83b9c0837911bbd45f09d84b48482e269baa1f5ed61801185dc43abfd89057a1
05_PrefabModel/HotUpdate/Decoded/c106c6c9-bf67-4141-a4e6-46162dc7131e.json,401,246ecb6f1bef5b403d3cc99fc6bc4f3723efee2564e3f1ef74c90b2c11afcdd4
05_PrefabModel/HotUpdate/Decoded/c13fc880-7a29-489a-be32-bfc4cc4accd4.json,411,a45825cfd666798776c8536697fffc894166961fd8dc66a7d5e45f387e8fc212
05_PrefabModel/HotUpdate/Decoded/c214bd81-c0de-47a5-aa91-725cf473333c.json,803,016e70c4ab2dd8916e21785c29c6c3107d28aed8dcc5c2d2ce162744ab82d9bf
05_PrefabModel/HotUpdate/Decoded/c232d2a6-4dd0-4784-a505-fb32e944faeb.json,57116,2ab1e430c8428ac387db082e187e5d3cc2e7ac2d34abd16c7f5b6b8ffd723cf5
05_PrefabModel/HotUpdate/Decoded/c292251d-1b64-4f78-9233-fb9f1b5d4bf8.json,407,f1648a7eb52315da8d233993012905cbe96c6e91918cf843a5126e5ec34ae164
05_PrefabModel/HotUpdate/Decoded/c2c190e5-5aa2-4678-b43e-c5223d2575b0.json,402,9b316e9a481b6cdbe55b57253c33db41755742eb41c40f7102c4e546a7b48dc3
05_PrefabModel/HotUpdate/Decoded/c357acda-e071-47e8-a989-a11fdb7285bb.json,391,b0a08792617393f932c11efab731ccf1a2250cd361cc6d3aaeb085e8836381e7
05_PrefabModel/HotUpdate/Decoded/c36f733b-5254-4f8f-9197-78213af39d55.json,392,410aa694a4933547466ea426d7a64b12b4055e4bdfbc3dc4882089b622b534c2
05_PrefabModel/HotUpdate/Decoded/c391e010-1b3e-4aa4-84fa-e77b19e12527.json,814,0140d50f13d903917d0e0c0f986adcb33cf9777e06179f6f42e1716dd2ddf1e2
05_PrefabModel/HotUpdate/Decoded/c41fc6f8-f43f-47f2-920b-9353e6b0cb99.json,332,840986e2ac2a79712fabeb1c9a94c687313be7c365aeb656cf9959dfc17c5f32
05_PrefabModel/HotUpdate/Decoded/c467364f-fa90-4dca-b14a-7d8291ec80fd.json,402,803b3f59990ab842a6f149f8ffb25ed1c05c83eb61826a347b14a4ed762d0b9a
05_PrefabModel/HotUpdate/Decoded/c4db6e46-272d-412d-a0d3-29eeecf57223.json,392,56fdba63979f96bd4883e89e4e71a673643e516997bebb6479f33c150fa8cee3
05_PrefabModel/HotUpdate/Decoded/c4fb3d20-5ad0-485b-b70f-065a22c54859.json,824,20a5ca518761aa3b9fff8cf2a92639c69f688f6e15029a930c16e84a9042c516
05_PrefabModel/HotUpdate/Decoded/c56270ee-374f-465e-8859-ae13045eeb05.json,800,72df283225ac8b82463f18388bae76190679dead05c163b6410b413493350d98
05_PrefabModel/HotUpdate/Decoded/c5831991-e883-4a52-b061-24df89456041.json,830,0b42703ec52184c6ed49fe4bab99a46afc860f7d2b049855d3e94e579a2cdcaa
05_PrefabModel/HotUpdate/Decoded/c5aa18ba-d12b-4d74-8e32-a1cadf8c4f84.json,410,b45e437c5d8066466f6cabbd75a107ccf19b7b09375674a2a2d099fa4e54627a
05_PrefabModel/HotUpdate/Decoded/c66deede-6ab6-4b4a-983a-1eeb6b7d183e.json,392,6bce630681e1e85609c0e4b24bbd3ee5ac1a17742b652aab23fc6fc24dd1ea42
05_PrefabModel/HotUpdate/Decoded/c68e5846-6add-4ffa-a896-2cc1de565ff8.json,415,16eaefe3671d8999d1b45208937c55b8cbaaf514ee22c8cad6000852d75d40bf
05_PrefabModel/HotUpdate/Decoded/c720cde9-6f01-416e-a022-a1610ec0755a.json,800,cdb9ed73b00c9ffc95bd7c13d31086f71e597f149ce47ea36d2b0b6de659088a
05_PrefabModel/HotUpdate/Decoded/c732aa1f-4dbd-4081-ba00-c9e5b88ba6b6.json,750,8d50ce3c5e2e2feb4fa1a37c91c73db2cf329a8783d08027c302b706646f7613
05_PrefabModel/HotUpdate/Decoded/c73375c3-1069-478f-8ce0-88b304ad8306.json,403,6347e415ff94a79910f6c4a68096733c4c52eed7219befafa903e1f00fcfdee3
05_PrefabModel/HotUpdate/Decoded/c75b7d61-ae35-450e-8fe0-56d7b0f60152.json,814,0d22a5dec69a7bf168feb1791e464e50c88064050b15351fa5e7c3d9a6e122c4
05_PrefabModel/HotUpdate/Decoded/c7b5913b-276a-482b-9c41-c1100e98369b.json,824,27f4bd549c6403a3c84c75dd72e300de34669fbd61dd0fa309db8beb8d8cedc9
05_PrefabModel/HotUpdate/Decoded/c7e25703-414c-4dc4-a9a6-f1339f9e2dfe.json,332,1f273d65c080e2751b54cecfc263ce49439b4e475a17111a7200f5a9cf9efd53
05_PrefabModel/HotUpdate/Decoded/c80b42c1-1e4d-4ece-a55c-7c6a5616b57c.json,493236,5f524611a1cf00bea13f7d71f20d4539a1c5f667bd986596c3a7c85b959b0030
05_PrefabModel/HotUpdate/Decoded/c82a57e5-740f-4903-aa16-1abc3458ee8c.json,392,ae8bbfca1d7ea0c963fe96b17fb7091bbbb9ed4f36c76dfa3a8c4f32ef78bee0
05_PrefabModel/HotUpdate/Decoded/c845fb16-6816-4d79-80f9-044534c194d5.json,818,f5c0b5382e032cc9e233b77e1292895570289c6e2c10fa86d80d9f32915fe2c7
05_PrefabModel/HotUpdate/Decoded/c8486957-d89a-4018-b0c2-8556a6b0f0f6.json,399,3c2ec068641cec6684a8879f45a3fdddb0bd4fce73fe315c8483e030a8da5e17
05_PrefabModel/HotUpdate/Decoded/c954d92b-d461-42cc-8cfb-d7d21c1fe264.json,392,2856ac62640e0c266ca8404e5bc0f6067a03f7772a77edaabdc1fe8bd9521085
05_PrefabModel/HotUpdate/Decoded/c95afd14-88c4-463f-96c9-4f09c4e8943f.json,400,93fdc3e67d6ac1681e3d0068807b60cbdf6d0bd3437fa285c9a674cfd33346bc
05_PrefabModel/HotUpdate/Decoded/ca407816-f556-4798-8087-225ff11cd30d.json,747,294466851f0020199e2078ec94f8e9522ea5a1b3486a6ac1901e3f2c596db46a
05_PrefabModel/HotUpdate/Decoded/cad0c95e-914b-4185-9554-174e7cf16d05.json,825,06f5b0e13c3645f8fd146f3c4abbad87fd49e8faf90c382e90f22859b31f266f
05_PrefabModel/HotUpdate/Decoded/cb79c35b-ae48-4c2c-a19f-de0f534d3f6c.json,407,2c67fd03502141939c6169aca8f79560f2e974834a276189d55be7390af10a21
05_PrefabModel/HotUpdate/Decoded/cbcd5bf2-d7c8-4fe0-99f4-57d7c6aeb065.json,403,6c52015aaf7d15ce35fe9c6f1ea30f337c8f4bbed8b2183378aac34031125619
05_PrefabModel/HotUpdate/Decoded/cc01e210-15b9-4e11-b8ff-8feeb276b570.json,332,17f88eccd337b1ff31b26f232a8e9b45ccbe9310b09d838d819a2888e7b0ecdd
05_PrefabModel/HotUpdate/Decoded/cc174075-2554-43a1-8f33-71fa44e4c898.json,414,5d9906a7993b6b03fb2ed2a70737d58145d03ac9dca1af36ab7022a00a270958
05_PrefabModel/HotUpdate/Decoded/cc3e57d5-8afd-49c2-88dd-3b0b40c12ab2.json,409,e33fcc1754454dab089916c6162ff2ffe11192f3467ff41c74b147892e6e1ae7
05_PrefabModel/HotUpdate/Decoded/ccda82a2-83e4-4caa-9036-4bba01c64971.json,802,59b0c1cc99a37b6a739521e90cd362d7df9bfa7b1693c0c3e655602323616bb8
05_PrefabModel/HotUpdate/Decoded/cce0a55e-72d5-49cb-a032-aa2dfd206276.json,364,d8eef10ff40d289a98e6118ab44d7dc6b4b6fb4becbe5ffab5567c074307e4b4
05_PrefabModel/HotUpdate/Decoded/cd241e5f-5918-4910-b0db-08fe9fb27e0f.json,806,1d6be1f367a99c1122ae7067fb8a6985c31e5eb31d79c5055393cb6800b66993
05_PrefabModel/HotUpdate/Decoded/cd573cb9-0726-448d-954b-94e61a4f0b17.json,392,875155c71a21a4f993f775d57fed4ec83cf9872291647f5e86400b77747d0146
05_PrefabModel/HotUpdate/Decoded/cd5be030-a105-4543-be7b-8ae62688690d.json,407,8ec5bbfef53c65b3f2dc1d5e1d51ae585329a1608882c865890c2e1955476ad3
05_PrefabModel/HotUpdate/Decoded/cd716fcd-072f-4d7b-b158-c11cbee228aa.json,810,4bd8e56b40e8ce5666c5225489730715becf17de5c0c36891dd17154e2f6064f
05_PrefabModel/HotUpdate/Decoded/cdf8a7f5-e158-45e6-958d-6e6e28a117ea.json,802,43fee928f9fa4400e0cf314071805d9b18de6da5fe998a33c5a016b70203376a
05_PrefabModel/HotUpdate/Decoded/ce98abd4-85d0-4e89-a370-7dceb199b17b.json,828,6dbf377a165d6a634963736129c7970b99a14a11e3558db8e2d1e8e88b825e0e
05_PrefabModel/HotUpdate/Decoded/ceae34ab-d07d-4fb2-9e9c-346f28cb229c.json,392,27e5ba7b3f917199263157d4a35e79bcdba12d2b1eb05d5d133b1a95046fe732
05_PrefabModel/HotUpdate/Decoded/cf37e82c-8824-4f34-a529-a7240af8b6a5.json,740,86b6ff8d4e4ee24a896887973bc1b78d0a421bf27b4fb4b1b57c8969201477b6
05_PrefabModel/HotUpdate/Decoded/cf7e0bb8-a81c-44a9-ad79-d28d43991032.json,494,8f28da7fac113f6d9651c16c9cf0e27c9eafb039932833510b8be499c1253b64
05_PrefabModel/HotUpdate/Decoded/cfa8a1e1-f026-4b36-bc6f-5659198f8688.json,332,90c768dd5726865add69eff0a22bb9b338d6acb97c4ebb96b4b806b7df1b3619
05_PrefabModel/HotUpdate/Decoded/cfc794f5-2c7c-4ffb-acdf-fde6e4aef0fb.json,409,863a7b56ac03cbd38892a88ba33d59ea865317f49f7f705546a99c3c2f822e01
05_PrefabModel/HotUpdate/Decoded/cfdf5754-80a4-4164-9caf-8f8b0794b852.json,775,640fd14503e7139347a4983bcab75cfff087902216ea25c38457f87fd905332f
05_PrefabModel/HotUpdate/Decoded/d08345c0-eedf-4162-97aa-6dcb9cf15c04.json,392,2952674fa0011c342fd43c8354d09f5c4b32d3f34faaca864a37f7625aa1ad9d
05_PrefabModel/HotUpdate/Decoded/d0b0e310-19d7-44d5-973b-7c4d28dcca42.json,402,9186506bb46b05cca7ee10a0a79853f04d6f1e6669e5ead1413c1190b2820e15
05_PrefabModel/HotUpdate/Decoded/d1f73056-1a53-4a6c-af4b-f4489993b50d.json,407,7f10ac6420e2429f441647af7a4c669ee860f8ccbf2ecb5fa9190b82fcac9148
05_PrefabModel/HotUpdate/Decoded/d1fd081a-f48d-4f67-808e-946d1facba73.json,401,48ea0484267e3c3b66628121026bf55f37c468ae7affc0c44f3917a56cd1de01
05_PrefabModel/HotUpdate/Decoded/d23df686-a733-49bd-abd0-242db1def4a9.json,802,31c29b9a6c4f4569fd091fee8b9108de58a1994d4f7c40755fb7e5eb42ff36bd
05_PrefabModel/HotUpdate/Decoded/d25f5a55-5b2f-4ab2-b5cc-9e711852a29c.json,391,f33c6bb3c8bcc8b4e3f368a6a42a27573874e4683688b56098af5015364c2aec
05_PrefabModel/HotUpdate/Decoded/d2a39e2e-63f3-4012-9395-39e2b61ee679.json,399,e3cace62ab1b206afbc97fe074cd4049c609ca0e803340d2f0877c3160914dd9
05_PrefabModel/HotUpdate/Decoded/d2b97284-6dc8-45fd-85e1-739f0fd2979d.json,398,88b19d5120f30cbdf651dbeaac98187b8ab41695aa617401ae71b850c75f1caa
05_PrefabModel/HotUpdate/Decoded/d34aa611-2cb5-43c0-8152-45a4ce045e17.json,813,1df122375d483b4278471c0a02098963f5c26521cf5001f443323f4b3f73bda9
05_PrefabModel/HotUpdate/Decoded/d4037ba6-120d-4466-8a71-760a9354bc9e.json,800,7d76952eb1b4f46c9a7e8d03b50226541d378fc602591e6185ac1c41ff2f83d6
05_PrefabModel/HotUpdate/Decoded/d4427092-834e-405c-ab0c-59abf97dbcbd.json,401,34f03157dadf385332f9670c5c685d92b11e1db808b2a351c250e63ac9c828d8
05_PrefabModel/HotUpdate/Decoded/d462ef0e-d4aa-45eb-a695-177e11bed976.json,804,42641b67d927eb8838499043bfe6c068568ba09a31714e9fa863d04081770cda
05_PrefabModel/HotUpdate/Decoded/d4a7c814-4f4c-48d7-b577-55a84d3e3396.json,332,a04658d453c74a618b2637cca6a252b3a32860e83ab94b39707d1ebedad91986
05_PrefabModel/HotUpdate/Decoded/d4d2059b-1aa1-4282-bfb2-4b3ac52c895b.json,397,7ed17e7084ea601d4abbc94d801a2e8374e2d264ac0bc1b6433fefe9a6f5c3fb
05_PrefabModel/HotUpdate/Decoded/d5e851d0-973a-40d9-86c2-43f6c11966d3.json,402,bea1379a572ae7d51e2581cbfd803a7719117002fe4d7d52277ba065890a791b
05_PrefabModel/HotUpdate/Decoded/d6a40cfc-d962-46f1-b9e9-fd34148b0614.json,739,254075781064bdb651f569cbc178d225d4e29796c1fe49e64d1b2fa666d04c37
05_PrefabModel/HotUpdate/Decoded/d6f0eade-1f0a-4a12-b263-0f3032fa2f3c.json,403,acf1cfe039835eed1cc360c00194b32c7dfd3a3bc231586c2b0b3d11d129c7ff
05_PrefabModel/HotUpdate/Decoded/d6f7efa1-8413-4a05-8798-e9facda1ee47.json,392,c75f01ae60dd96784d69a691531ec3164adcc601729013ab4b6c8473f183e927
05_PrefabModel/HotUpdate/Decoded/d7045568-a9a2-4f8a-9870-1bad8bbd9bf2.json,401,34fd5730638f95cba0b25e15be271bfa16653e50ec8419bcf1e215c5012b4814
05_PrefabModel/HotUpdate/Decoded/d7add077-3fbd-4a38-86e6-45ae4ba3eeb7.json,741,0e9541e06220a8b272b04f617dacd04f379c46c902c490765f4e737579201768
05_PrefabModel/HotUpdate/Decoded/d7bd430a-7d74-4b85-9a36-6dd4246672ff.json,832,64e5885aefa62ff26c74c6953e93e5a2b76d824ace2a30dae64acc57f95ca7fe
05_PrefabModel/HotUpdate/Decoded/d7c18b35-be30-4673-ae00-1820b79de951.json,821,ab66d6d4554e9ca21824e85ca9d0cdedb12ee9ae8034e8086315b217a6f2ef1b
05_PrefabModel/HotUpdate/Decoded/d7ef0d2b-c789-46c7-b5eb-ee563f71f17f.json,819,3c135de6cd65abfc6524fbf334246696cc393aa9fc8d435ef1f13c53ab4ce1ad
05_PrefabModel/HotUpdate/Decoded/d878f612-a200-4a76-9e9e-c1310bd82558.json,800,c51bfedf286d43c69db6c051b0c26f02d71e17ad2f22b5aeb8b516442db59af0
05_PrefabModel/HotUpdate/Decoded/d89166c8-0335-45e8-9656-f240b7b592eb.json,832,7941e9e32b883e53bc48d1199cf7077125d28007f6f825a87269db15cf2e9ae2
05_PrefabModel/HotUpdate/Decoded/d8c9b202-674a-4cbc-aba7-625d05d5d133.json,834,4fc408fd093cc8140090b3b9bf9b1a4dfa2630c791e06e93f99e8b0ef6bb5587
05_PrefabModel/HotUpdate/Decoded/d8f9fb04-5d98-4422-abca-596f099bbac4.json,409,84dade0255aec5031da9df7861d4ba7a2d8e21dc4d6c06ee46b430001ed32794
05_PrefabModel/HotUpdate/Decoded/d96c068f-8509-4eb4-afb3-396bda576304.json,391,18bf8dac46cf379f93ee68b578a9beb41ffdfa817a06e1a720894ee42420cc2a
05_PrefabModel/HotUpdate/Decoded/d9c09765-bb46-4fd4-b045-663473a461dd.json,398,9e5ea9b5e57d251552484a5bfdf1aeca1ddad9620a31ab64cf201b017546f31d
05_PrefabModel/HotUpdate/Decoded/da5ff766-c429-4551-b95c-dc29fff6e39d.json,11874,87730db196d65b0053de056186aeca81658d0749bd859c3cc5b664fc3213f54b
05_PrefabModel/HotUpdate/Decoded/da634746-2403-477b-a608-f8fb1cd57f5d.json,402,2d4dcca66f593d620b1c01d4609cf5c782d3d5fb042ef21250f5fc6d0a18c62c
05_PrefabModel/HotUpdate/Decoded/da843ddf-76b7-4e87-8a6e-3e433607b638.json,403,715189a23f1c114fc812de65ec3aa738eacb52650f5e700ea4b27f38dabc42cc
05_PrefabModel/HotUpdate/Decoded/dab09611-f885-47aa-b504-cea16eec9747.json,824,4a1e8c7bc1a983df5243db0eca25d9c3b85fb9208fafc0643873ba3a7a0fd851
05_PrefabModel/HotUpdate/Decoded/db04e71c-8819-4758-9889-7e2ade72888d.json,817,fdc8dde4aa5df7806d8c9aa0f797f9cd97fa00d5ca06e6a79d6740921e09ac23
05_PrefabModel/HotUpdate/Decoded/dbacd431-0193-43b2-827b-cce234061f5a.json,364,08377c0a66e4ce4c447a9eff5e9fc9b8e7f6f2b113e841e19a560dfad548a931
05_PrefabModel/HotUpdate/Decoded/dc146e04-e079-4795-8948-c4c5f8dd03e0.json,815,c3285e776281fcd368fe6855613362552233db8e72539a167d110ec44393b6cc
05_PrefabModel/HotUpdate/Decoded/dc275cd8-9502-47ca-af35-efa0d7383c76.json,852,c0845d4748d7ffbf41b15f569e834183409d02a383102b3068c2a3d46fed8806
05_PrefabModel/HotUpdate/Decoded/dc5ae5d1-b896-49e0-beef-78fe2760c5ab.json,802,3de83a6e00de2903538c88ca19fd00cc81702a3177e7d28be8b2a7903ba370b9
05_PrefabModel/HotUpdate/Decoded/dd1ea4b4-1fd4-45a0-8a52-3857ce439dad.json,412,bd7789b83e29db783c00b41200097a372b14b981540b844d7c5abfc559513197
05_PrefabModel/HotUpdate/Decoded/dd5bd748-84b2-4e50-88e7-9659367db867.json,145032,1182bc8d75a4c01141d5d7ab83004500e6be7d5e6a81c5a556acfff34b5f07f3
05_PrefabModel/HotUpdate/Decoded/dd96d08a-1baf-40f0-abaf-a492b4cedc43.json,811,df3bccab1284275bd43818e417b5f37ee99e2d4c9cac7e43ccd1848f59eedc8c
05_PrefabModel/HotUpdate/Decoded/dd9b8469-8fa2-49eb-93c8-868c7668c805.json,802,058a9e5202065bf53571675ba716f70246ccf9044a67b218b353cd3403b5772e
05_PrefabModel/HotUpdate/Decoded/ddc5a5d8-6449-425d-9832-e2a27d3f8309.json,392,40cf2cd0eb0a45be671a71f6e8efa192efdb0d3b2173ce5a950b84f91be117f7
05_PrefabModel/HotUpdate/Decoded/de151b2e-df69-4b0b-bc11-142cfd770732.json,817,6e0449675cf9c0b176c8414b7d6e26169e1bc1067fabdecf8630136ab1a88a50
05_PrefabModel/HotUpdate/Decoded/de17c877-d81e-4e24-ac7f-4e0a1a6c45f5.json,836,08df8f2ef50da4580d6fdfe8f728ec20f87e8c9d0d18785cad689f8cff1a0e60
05_PrefabModel/HotUpdate/Decoded/df14ab68-08c4-4be4-80e3-e6530da03f49.json,391,5849384f2636a4aacadbd0e3e4ff0b50839958eb3cd6c7d78c3afee111ee9296
05_PrefabModel/HotUpdate/Decoded/e02d87d4-e599-4d16-8001-e14891ac6506.json,589,30984d831599dbd7123fcbbd793b5f445985f821119abe79965592942d021ab0
05_PrefabModel/HotUpdate/Decoded/e0434db8-76ce-4c32-a6f4-4088a1267d05.json,14537,afb15384e52b39a0f1c8073933d5d66c2735c34e617610ac4b19a3f0b5657bd8
05_PrefabModel/HotUpdate/Decoded/e04e2f34-1e74-4431-87de-02d9debce1e9.json,816,7ef04c33459f07a701775047fa94d5300ac020c8142f3413f61ee0e01d7b8b36
05_PrefabModel/HotUpdate/Decoded/e0b3c8ab-bf62-487a-9f85-40c618d9fd43.json,757,ea436c9bc561da5bbd4f2d3eb1e311b3e4004def5ed7259f24c639e405437efc
05_PrefabModel/HotUpdate/Decoded/e1be55d2-e636-47db-915f-28360af6e29c.json,810,04cb69e6c41658620210e03288aacbe48ffcf1a0bee964f129a7851aec62fef7
05_PrefabModel/HotUpdate/Decoded/e1d94d6b-8e6b-4267-a4ed-3e0fd6375c1c.json,551461,0f1e375d50b335bf9ac482c62327201ef43f0a9badec3102b1d28f92baea14f6
05_PrefabModel/HotUpdate/Decoded/e29c28f5-31e1-4898-bc9d-e397a6d635f8.json,409,dbb4ca339480ba808b1f04c0b5058abe59a269dd968cdb1ae0fcb90635de8e82
05_PrefabModel/HotUpdate/Decoded/e2fe8ed7-9021-4a83-955c-8d4eb29e2308.json,826,79facd908a504b96a96ed0e5a16300b94bb6743d7dfb16981cdec6009355ea6d
05_PrefabModel/HotUpdate/Decoded/e38fbbef-fa0c-4887-acd3-532d8d5f519b.json,820,07ca6be8ebc8b87325adb01c88d4c1419431f4734d0dae29d516457cc004895b
05_PrefabModel/HotUpdate/Decoded/e3e12a91-1a7c-4d9a-bc5c-970c3dbeee63.json,392,f31045ab1983931aa50b4cb706e6d41a380ddaae089268c3c05255f62904fe0e
05_PrefabModel/HotUpdate/Decoded/e42fa6d4-db22-4030-8c7d-0c53a4f54677.json,391,8bd09b4ec14121b33b5d94c9629debd6c4dfb1feeb7b941eb4f36d881f56613d
05_PrefabModel/HotUpdate/Decoded/e44ce00a-1ca1-4173-a46f-31170bea152a.json,414,a096da8b74bdc65745188f0645ba66873d5fe189e9a71c897363705313eb0dfa
05_PrefabModel/HotUpdate/Decoded/e51ef2e7-ab27-4806-9743-00d918967071.json,802,b1a512b6bd94cec0a3f02a5e46fd6a53ab09ce0a8c7bc5af564f6a2db355b4ac
05_PrefabModel/HotUpdate/Decoded/e5297da9-705c-4488-835d-2519450a2699.json,398,a5039da82235e61471463e7156fa0c9b29b4969438a8ebaa17c3bd55a7b80b8b
05_PrefabModel/HotUpdate/Decoded/e60b6c2e-2b9d-43e4-9675-ccbafa3fa25f.json,398,d0b1edb611203756327ff10f2de4042bcbf90c2e4bb3390499e60a50e2087ef4
05_PrefabModel/HotUpdate/Decoded/e617f87b-4c7a-4a93-80fa-0cd30685c387.json,431,2972f76a923594435ea9cb1a9584d80d13c3b0fd39c1189f92c3a0d7de269c8b
05_PrefabModel/HotUpdate/Decoded/e62b98f6-7d19-4091-acac-d98357fc5a92.json,405,802138cdebd37656520109bb05055126d9a9b9d06404300a718d10b30f2d0dbd
05_PrefabModel/HotUpdate/Decoded/e67b0276-1c23-449d-a03f-01c4316e93ff.json,414,d1802c09cdb846f1373191bf797a27e1cb4d4d0df0a2a8b04697af8cc6c16ee5
05_PrefabModel/HotUpdate/Decoded/e6e32258-d974-4795-a3e7-76a07f526a4a.json,392,caa410b9ebde107e8762e752bd0f00969b10c8996522bbf5544da6175077de42
05_PrefabModel/HotUpdate/Decoded/e7073eb9-3692-45ff-8fd5-55f7da17a11c.json,834,f3abbf4b2214b86cf47522eb811a70be4db15aef63a65df253c06c82dba6999d
05_PrefabModel/HotUpdate/Decoded/e743ec86-44c4-4a4e-ab89-be3ef60eb3a0.json,820,6ed97cb73808f066da8f9b0288474a472268248bca319396ec5c795db1d1ad9e
05_PrefabModel/HotUpdate/Decoded/e7df34a7-df89-4e81-8edb-17dee2859649.json,418,a0dc6caf2c7c1c8e8e5adb0918394e630d8c7e1effe6fb6fbaad5b9e95963dad
05_PrefabModel/HotUpdate/Decoded/e81cce84-1ab1-4794-aacd-8894e5bf048d.json,418,c9c8f87593f4f050562235a694e57014ff8ffd8435d28f34f02278d94b092d1d
05_PrefabModel/HotUpdate/Decoded/e851e89b-faa2-4484-bea6-5c01dd9f06e2.json,364,021bca499e288969bd18b92bc089a21d47494536fae4ca6316dbef750838d1be
05_PrefabModel/HotUpdate/Decoded/e9420d35-12be-4653-bbb6-6875fb08e109.json,824,961861eb28a15ce5d63364717aef081b0315ddd188e9fa512948cf51d2910f45
05_PrefabModel/HotUpdate/Decoded/e9ec654c-97a2-4787-9325-e6a10375219a.json,791,44b94cf68b88a6f497425fbbf28877d718f77150d04d596004fca012d66c6f4c
05_PrefabModel/HotUpdate/Decoded/ea83411d-02a9-47cd-9e5d-79975a8fdc30.json,414,f2bfebc76be154a6436c841055a0328f91a8dc8fa5ad30f2c3ea6f799e882805
05_PrefabModel/HotUpdate/Decoded/eaecd00a-cd4c-4d6b-8e18-3ba3b19620e0.json,802,6cd6f6a520b9fa8a2432010b963d80588239d1e95356b856cfb7cce901d853f6
05_PrefabModel/HotUpdate/Decoded/eb47e646-b26f-48c2-9f36-c706040e8f8e.json,744,1edba379682eea85760d759426b340b741eaebee7637f27c573fe2b16d0183e1
05_PrefabModel/HotUpdate/Decoded/eb49922a-d853-44e5-afdc-a54158df9927.json,332,b6ec6435e9074e80e5dbd570e2e53be998b99a3eb38a4c1164b2ace87d3829d8
05_PrefabModel/HotUpdate/Decoded/eb63956d-e09e-458c-a5b1-37a0abc1ce48.json,407,280d6c422617dc20a9e5456e9a2da1a6fb09941d7d7e339cd0468340d87aacce
05_PrefabModel/HotUpdate/Decoded/eb9b4234-35ef-4110-b928-f524d4b2fc32.json,404,39beb0e67323c8c6b4c5c2dda6ff7c0b08be703eacc3ba3f589b46205fb6156c
05_PrefabModel/HotUpdate/Decoded/ebf8db8c-9357-469f-a560-31f57d3350bc.json,364,bafb0273efa7d538b77642d45e3ac942a3f21c1f40b2c549bcd7c01d6a71154b
05_PrefabModel/HotUpdate/Decoded/eca5d2f2-8ef6-41c2-bbe6-f9c79d09c432.json,591,187e6f117c4c34734725490dbe0f2cc4ca83fe598450d11f27db00b5fc708a04
05_PrefabModel/HotUpdate/Decoded/ed5e836c-edbc-469c-8cdf-185931c33894.json,392,cdc0aab9ee54ac21ec98f664f1c04954f5d774b9071f1c05806cdb9c3cce3d0c
05_PrefabModel/HotUpdate/Decoded/ed907295-f80c-4f3e-aa04-46a7607b3fe4.json,401,2a223e9fcaba6ea4dee4d3adadd425cf65f32d1e5ba1b91053c187dd10a07667
05_PrefabModel/HotUpdate/Decoded/eee84c65-e4b2-4c77-9b79-129956fcf47b.json,392,2d16896d00101cd8426d5db7a3ac13c9e0d2bfdc219e3dad7f58eebec3832287
05_PrefabModel/HotUpdate/Decoded/f0048c10-f03e-4c97-b9d3-3506e1d58952.json,790,6ba88ed54987da2020bc49d12920ebd0b073f4d5a974eb69ef702e50725e4073
05_PrefabModel/HotUpdate/Decoded/f0c29e65-d05e-4af5-af6b-812334e894d5.json,802,5a815ae6cbec29374409259c81db13ced4cf462688053089e59b5c1848c26b17
05_PrefabModel/HotUpdate/Decoded/f0fe2d66-3b55-4cff-9758-b15157da8dda.json,403,643205982fb291a894a234cfcd5d94515506da521c9d44fa32c8503f2dbea467
05_PrefabModel/HotUpdate/Decoded/f1579cf0-c149-491b-ae76-4f349bc89521.json,403,6a5dc1d9dfd933fe91cef74ab18c6f18a08535d3f35d2da7cea68050a9eaa2e8
05_PrefabModel/HotUpdate/Decoded/f16d5591-7eb9-457f-b840-a26b6a9ec2ec.json,818,e9f5e8b7a570d9c4228135d6e557fdd92bcb6c0578f64258285f230c20ec5da6
05_PrefabModel/HotUpdate/Decoded/f18742d7-56d2-4eb5-ae49-2d9d710b37c8.json,9305,4c61065879bcc667f95287b852d8676c0a2fc3839a0ecf4b83ae9c61e76e53f8
05_PrefabModel/HotUpdate/Decoded/f230e1ca-06cc-44f3-8e29-d05ff4be8721.json,431,ba775d09376e67e21919bf92390f0173d7b6c3f016757b3c31f2ceaeb1231958
05_PrefabModel/HotUpdate/Decoded/f236a1f9-bc2c-4f42-b0ef-8747936c6488.json,405,237f9ad3b465c0720135a6e6c821403d23feae026666b86e99beff5cde5ec625
05_PrefabModel/HotUpdate/Decoded/f282b5ac-db6f-49b1-9364-eaa7978321df.json,823,a180099f1706cb3da32c9731a8f44b60a70f83f59231f56a02283e2a6708c2ab
05_PrefabModel/HotUpdate/Decoded/f2dd18eb-c306-4f99-86d9-c7c62753c423.json,822,f29ca6b25703fa1c0927489abcc6638b3e4986b26b861e6fc965f166d3d43112
05_PrefabModel/HotUpdate/Decoded/f35a8eae-43b5-43a1-a433-7e4cbcc39885.json,364,6fb3d8cfd2ec5ffac61b66e596205615cd3e83443f93d8344fdecb84eb9a678f
05_PrefabModel/HotUpdate/Decoded/f373dd88-db52-4268-afca-32e24a796e3a.json,408,a98b9380d8e4a686c7373711ff31903f44ff5ad0471d3e052ae0553be933a03d
05_PrefabModel/HotUpdate/Decoded/f3e2cdd4-a3b8-42fb-9f5b-cda59458c6dc.json,391,073c38cf869fa1f8cb665b4f11438084b4f19b26c0be5d77091840b7e497ebea
05_PrefabModel/HotUpdate/Decoded/f3eb0e56-3a56-4bd1-ae03-dfcfd8e97397.json,828,191b1b1ba39f5abe454d9ce7b224bc5cef9f0771738d28722482e9ad7aa0a002
05_PrefabModel/HotUpdate/Decoded/f444675c-4489-4710-b7ec-5d45cdb01006.json,391,ebf74ca75bfd1a15d2ba088c603aaf603ce66126b779f95450dd398a70419b47
05_PrefabModel/HotUpdate/Decoded/f4711a6a-5be5-4467-81e8-60000cd2de70.json,399,e2efe9086ad08ae4f79299f259f0e49e47743174b0011098b67b6a4edb99ec2d
05_PrefabModel/HotUpdate/Decoded/f47746ba-a2e3-4cb3-9f76-4b472a33b9ec.json,815,a24c6903171fc33265007cdd1da41bd80efc29dea3da7792ed6ea9c7be79a15f
05_PrefabModel/HotUpdate/Decoded/f5042cbd-72ca-4ce0-9778-43a63e3fa8f7.json,391,7568556cc0bc9687ab81c4b1aed1a447b7579c17461f2922a7580eec327b1da6
05_PrefabModel/HotUpdate/Decoded/f53455a4-659d-49f1-b3a0-113a9b39fb64.json,832,de3f1ae99d3e57331c71bc714d7d687f00292dfc33aa45c0a51be2a78c72abee
05_PrefabModel/HotUpdate/Decoded/f5a7b3c2-1ccd-4bda-bf46-df7e7b4078f7.json,392,70f254e591dd1eefc2886e56347be202de12d7243315aa1dd2bf84821fd0d4f9
05_PrefabModel/HotUpdate/Decoded/f5c8858a-842b-452d-9928-30e7c29105c0.json,801,a6059ebd79b772967ad0e914f80798e57a52fbc1fa566ba42b25d74c425323ad
05_PrefabModel/HotUpdate/Decoded/f5ce2478-535a-424d-9f6d-54e4171ef1d3.json,800,05c4fe66f11ef0d105b33ea1b1a7e18926fcebf33edb455958496606dd9ac9aa
05_PrefabModel/HotUpdate/Decoded/f6455ee9-8676-408a-ae54-6cbde29fcc59.json,774,bae3af44a6a37be95fcd2d7f7bf8f17a0c3a51aceac8e72bad9346f697f0a47a
05_PrefabModel/HotUpdate/Decoded/f6fc17bd-7e54-4ee3-9a98-fdaecdad9189.json,68188,2232d16fe77ae54772f35a6782ffb6f3f4c909892ec21cc327721c1baec7d2f7
05_PrefabModel/HotUpdate/Decoded/f7680187-d343-4448-a2ae-a15e4fc1498b.json,818,50001dde42965bbf2eb3f8d7a72d7ade5e2f700b28d3c80f515671ace8eb9966
05_PrefabModel/HotUpdate/Decoded/f794ed6c-d3cf-4566-b3f6-688347b712e5.json,822,a40ed9f3924ea10d9fe1c5d7c18eae61a4e8ed7e7a0710c89cea0d53845aa2ea
05_PrefabModel/HotUpdate/Decoded/f7c9813c-a87a-4952-a3a2-bb248c402c2d.json,814,b59369a4bf80f00e00dddc7a6e84dddf1be0aa8941cf41aa7b2a4bb06e795b62
05_PrefabModel/HotUpdate/Decoded/f81ef140-0c6d-420a-978d-6a2e1b3a6de3.json,404,8fce674ffa8dd9b476d4a92e4d71140200427a324b0bfad68641cf14c715efdf
05_PrefabModel/HotUpdate/Decoded/f8703baa-ca2d-422b-a048-b100e340eb8e.json,802,5248069236a539262e5779a20ae0dac656a1ef673f4d07c9914d5218decc2f34
05_PrefabModel/HotUpdate/Decoded/f8b65a39-2d3f-406b-8bb1-e5afc70ea9bd.json,423,8b366538a6ccd8ce1d652ba5635242ea69fbf18a6464c0461b2710cf21af143d
05_PrefabModel/HotUpdate/Decoded/f903332c-f1d8-4f7f-ba26-c989d332c852.json,84813,7ac83caddbc852bb7e00219247ef4b87be7d0afb37dd0ec0de5d2703fde340d7
05_PrefabModel/HotUpdate/Decoded/f9235a27-7a36-4273-8a24-ea3a1e9002e8.json,829,6107eb5103b6fc0cecaf6074547b66646fd84e992090cee5a08292a49971005a
05_PrefabModel/HotUpdate/Decoded/f968b4fb-d672-42f2-88d8-965f261edfb9.json,413,493f4b0a6ffd5752c127522fcc9a84b52e5ae27879162c614c7bea76ed63e78b
05_PrefabModel/HotUpdate/Decoded/f97816d7-a831-4a3f-be47-c0b187931f1a.json,410,3da0e9ad2a3bc8fc062121e00067ac47116e9317dd60ffedf3dc1e8a37adb935
05_PrefabModel/HotUpdate/Decoded/f9e648dc-650f-4179-b379-75975cc4f00b.json,818,056aa77b0a8c7b387658bd778809728af1c489a04cc03f52eba9ffcbebd2a9ed
05_PrefabModel/HotUpdate/Decoded/faef2749-7899-4efb-a95e-362b55313efd.json,802,4bde7206276ddaca66d63b2efc404726080527495eeb66a7ad3adb14ecf7787b
05_PrefabModel/HotUpdate/Decoded/fb19ae04-bd29-45ff-858a-cdf97cdd08ed.json,818,ba2ebbdc1ce977e09c8bfbb6c3c52816200be9c73d43030f2565daba525af5e8
05_PrefabModel/HotUpdate/Decoded/fb61a051-0e33-46e6-b402-9ea749dc6a64.json,830,fefd80488dec6317d0b39cf874503057232f381a1333429023da26b1e5831093
05_PrefabModel/HotUpdate/Decoded/fbf7005a-e93c-4251-aa9b-5a727ae554be.json,832,ef0d97474537d7d8fb28a5641397300836a5f77ee9ab847f550c726101a9c8f4
05_PrefabModel/HotUpdate/Decoded/fc08f2b3-c1fa-413d-81da-ef3e85dcb0cc.json,408,01e82cd4630d729a9c1ed90469028d916ed5a57b593954cda0d76d3a0c3cd515
05_PrefabModel/HotUpdate/Decoded/fc1a51e8-11b0-4abe-be6f-52f3875d3576.json,21711,25931fe94f57f170f9247782838bc4cd7c857f4f4c7e6bf078d3e10aeedd8104
05_PrefabModel/HotUpdate/Decoded/fc76c26f-dc4d-4612-a4c0-bd967708d216.json,761,374320c7e1a08bba290cc527f83880da010fe143668599b325fe24adfde15f8b
05_PrefabModel/HotUpdate/Decoded/fd275d3f-5fa0-46aa-841c-64d52ced65f8.json,800,e2d44ff64400473514221295bc489b5e44bdcca8b688db4175d375d28afbcfc9
05_PrefabModel/HotUpdate/Decoded/fd42070b-837d-475c-8d06-bbe1f6140759.json,392,fa2354be8973a864164601a68470f14682784c965fb13fe099128325846f77e8
05_PrefabModel/HotUpdate/Decoded/fd4a226c-bdc3-4f42-bbb9-1a5db1283de5.json,813,fed977425c68068784ce52937c701b1c186556110d21e67071c5f18167daa67e
05_PrefabModel/HotUpdate/Decoded/fd5bc93e-8595-4186-ac90-f719abee7ceb.json,392,83e3cc4b3d5d5cd241baac2704389378115cee1bd53589a00afa4d6678646edc
05_PrefabModel/HotUpdate/Decoded/fd5e8749-9676-4675-832a-1dd4e202022c.json,332,3083e9273b3638aa5ebe6ed54b8911dfac682cff286f1bf5b9c7d0c7a4cba685
05_PrefabModel/HotUpdate/Decoded/fd86e669-7293-4d7e-afd1-7d1081cbc70b.json,825,63fbb12e9c40b335e3ce188c97f48d17d3c0ca86a4fef300f743a0e05a9f5b87
05_PrefabModel/HotUpdate/Decoded/fe7bd42f-2560-4ac9-8f32-ef94bc72d5a1.json,332,eeebbb9c4e8e35a9219b0a29ad55a9a617b42cc54e56c4c3a11454ebc70f84eb
05_PrefabModel/HotUpdate/Decoded/fee62731-326a-4232-b718-01c6e63fb668.json,814,2d0c2ad9f90591a8439724702766e28c5bfd4baa42cff8f32cdf708d65d7686e
05_PrefabModel/HotUpdate/Decoded/ff5418d6-875a-4db0-a5b2-dc17a5e4987b.json,748,8b2b8100668f3eb57001b94c3aba8f49abe240fff00d12fb1c777bfe62ff8ac0
05_PrefabModel/HotUpdate/Decoded/ff6f4d2c-eded-4e17-86ec-2a58bef81239.json,401,6086b8d3afcdea93a53fef84e9e0bf4267f4fedad626f6d9d7a5f9a987705d27
05_PrefabModel/HotUpdate/Decoded/fff0bdbd-7bc1-48de-8964-599e8266e9fa.json,813,3d89ab62cb717ff82308f008232f69ad29f2b470daf50670b48901e7e067e176
05_PrefabModel/HotUpdate/prefab_inventory.json,11672,7fe0bc811db3e5dd1b1f5f8d54c12d03e47cb1064f3cb9523faf3a85630e4b9d
05_PrefabModel/HotUpdate/StaticPreviews/011837fb-9bae-415d-b151-f070999b8263.png,9262,220bbb5900bebd3426b61d394acc2c77e0b3aca928463fb061799d82d8d846d1
05_PrefabModel/HotUpdate/StaticPreviews/06ff4813-1f4c-46df-868c-19c9890be93b.png,7455,960055725cf19e8364eb88e996b4bd7e8ce0dc6269facb2e19b9745ee7a12040
05_PrefabModel/HotUpdate/StaticPreviews/08efd144-c597-4feb-b4fe-ff192592499a.png,220229,73ad3db9ed55b158569ac4ea9bb4f29044101988e049cf432a4b582c3a1f92aa
05_PrefabModel/HotUpdate/StaticPreviews/0bd53f5e-7d47-42b6-96db-b708f7ee103c.png,159299,005446c7af6c92954b8261e89ad078ba0f5f58632f212a6ce4ce842c2d0f5211
05_PrefabModel/HotUpdate/StaticPreviews/0cf1474a-03a0-454a-91b0-9d00354b65f3.png,185626,d010ae48ffdd56b8af8d6b8f3f067cbd6cbbcde572e1f83d10efb55d6c799b69
05_PrefabModel/HotUpdate/StaticPreviews/0deffd13-2e78-4ebe-beb9-f2085a1858b7.png,14466,c5006d49752e5094fca06f783400618be586e1c42ba3406b6e6a49c93b948e38
05_PrefabModel/HotUpdate/StaticPreviews/187220aa-4af3-420c-b91a-2aab35aa6c02.png,155051,7a7913968b8c188734b658aef7de99575aeea675e95640791b8e66e49df394dc
05_PrefabModel/HotUpdate/StaticPreviews/29e8dd88-2fe5-4b2e-b277-c6fb3c581ab0.png,251372,7f03c412fc3c8e6a48b988c008a065782deb23b586412a233177832b959ab51c
05_PrefabModel/HotUpdate/StaticPreviews/36909214-3d54-4105-8405-c410d6acb867.png,7196,442d768a75d83023ee3929f713b4b42618e5eea1721ab94b1f18a5dbbc898bf6
05_PrefabModel/HotUpdate/StaticPreviews/3bd61181-5a98-49e2-865f-885213a16b3a.png,23782,4b4a140a0f83a0014a510dd2a3830db3c8d86211e580c2f8fd842daa93a4178c
05_PrefabModel/HotUpdate/StaticPreviews/3c55dc23-4711-4586-ae5e-7f0601524baa.png,253409,7393c39c4b35611c3297b95a1871c78c8b3ffe8b30c1ef154c9d2a2e3d511ce9
05_PrefabModel/HotUpdate/StaticPreviews/3dc86e89-44bd-4b4c-90f3-fbd65f421a2e.png,141047,bac9224b847bc94b2c52a22ca1d791fbfe7eb1ed8f93cd9c0717e6762cdca5ea
05_PrefabModel/HotUpdate/StaticPreviews/3e78e514-5ea3-4e50-af4b-66b87a30c451.png,7197,0eb3875780826a47d52ec6c32651e1a125334cc43331a66e4f09abdc12e095da
05_PrefabModel/HotUpdate/StaticPreviews/4a56a513-c422-4918-8cbc-98f77fe4b571.png,91744,0754d106cc7cd2613875e2ce09387dce0982fd99a663ee04c00cf2590bf481c6
05_PrefabModel/HotUpdate/StaticPreviews/51161702-3fcd-45d6-b99b-393f0f0e0e44.png,7197,0eb3875780826a47d52ec6c32651e1a125334cc43331a66e4f09abdc12e095da
05_PrefabModel/HotUpdate/StaticPreviews/525d4437-f6b9-42b6-80b6-e038c222fc4d.png,337016,81f74fce5120cb381ab9a2ece30e9554037024678f5a2987eee74be4e0849566
05_PrefabModel/HotUpdate/StaticPreviews/5356882b-151a-4512-bece-7427423dcd27.png,185263,edecf6cfeaf30ce745ef534115c0c69eaae6079ac810adaa78813962fe1b9abc
05_PrefabModel/HotUpdate/StaticPreviews/56f89244-02ae-427c-a3b8-f41568d0270b.png,9238,e92a341d665ed4db592a729e4692f86cc02c2f1aeec4c8de79cda71ac964eb95
05_PrefabModel/HotUpdate/StaticPreviews/596df372-0dd7-499c-8ad4-a091bf78eec6.png,7197,0eb3875780826a47d52ec6c32651e1a125334cc43331a66e4f09abdc12e095da
05_PrefabModel/HotUpdate/StaticPreviews/5a68d192-0ac5-4875-8cdb-76d9e19682c9.png,198440,eb1abe538f591c5f0c1e3d5581327cc8d60eee8f01f8199703b4872c49a3947e
05_PrefabModel/HotUpdate/StaticPreviews/5ead77a3-c2fa-4797-aacb-8d847dd412ac.png,113692,2eb45fc29e4341dcf06d721d312b76e4e7eaa8549f1dce8b137ed2f6c51ad73b
05_PrefabModel/HotUpdate/StaticPreviews/730ea2fc-b1ad-4ca5-bf64-891f1eee1be7.png,15542,8899e96ac8fb4331da19f547e7cfc387f0e31164ef0bca36729d14b2f1a68d16
05_PrefabModel/HotUpdate/StaticPreviews/739724e2-af0f-46b2-b1fa-350d7c330530.png,177288,bd28718b81456be5bb9c589e0149717b18a8cf9e9c1d8999c0463712bcaa78ba
05_PrefabModel/HotUpdate/StaticPreviews/77e30726-fe4d-41a7-b663-b1ab6d5f5c3b.png,190704,1b7277330a66dc1cff1ffd37c3c27a3f0d50d0b86825dd91f23e3c601015db85
05_PrefabModel/HotUpdate/StaticPreviews/83aa33df-f9bf-4deb-b6c9-f03f726806eb.png,81848,10e3392a6c197aa5f516e7ef3ba5f24b69a46dc0ecfe236521400e101ae90816
05_PrefabModel/HotUpdate/StaticPreviews/8450e79a-6034-4f88-8bb0-c0e00e2d31c1.png,7197,0eb3875780826a47d52ec6c32651e1a125334cc43331a66e4f09abdc12e095da
05_PrefabModel/HotUpdate/StaticPreviews/8ef26a9d-05b9-4071-b3ba-d1208d9a40a2.png,8680,38fbe3d8a36902fbc9bab12c0f02d0eb4e8f2b77e37b2eaae64e7d2a96e1803f
05_PrefabModel/HotUpdate/StaticPreviews/92a71680-f28e-4e4e-b896-3dd7b7709ac3.png,1272755,e0693231935d9f8eb4977c500ba02b1e91a114ca8ddbc434e9ee7ee60c3fbea7
05_PrefabModel/HotUpdate/StaticPreviews/9411fe7c-85c1-4519-9cb8-21035d9f176d.png,505309,b8903cb22e118a523b25f1693763aaaee93fe178e21cf740d89dcc795292ba25
05_PrefabModel/HotUpdate/StaticPreviews/94501ff2-86c8-479d-a98a-631c09e21bdb.png,218570,9e21ba7189bc611d566a63e0a909765db55e5f2fa4baf0c768b9e3cc8f4e9f62
05_PrefabModel/HotUpdate/StaticPreviews/972e4d70-4ec4-4d93-bd4b-e446ece8f428.png,7197,0eb3875780826a47d52ec6c32651e1a125334cc43331a66e4f09abdc12e095da
05_PrefabModel/HotUpdate/StaticPreviews/9af2802b-84a9-46dc-ab9d-eaf02f81f3b5.png,11109,64e9d248c9f64123791e00c36618be0d35a7c70a98f1f98dd2d3df620f4753be
05_PrefabModel/HotUpdate/StaticPreviews/a691b106-b587-44ce-8921-867df8ca753f.png,262849,2d87a85aab59ed3aeb4989426446df4cc20d34e785916764760485bfddd90e70
05_PrefabModel/HotUpdate/StaticPreviews/aa4eaac0-d87d-48bf-81a0-99f24d8e5bb0.png,200290,e7630a1898678ef597c8f21a3ee1e87b69825307bcf06ba0da13c47aa51b02cf
05_PrefabModel/HotUpdate/StaticPreviews/b3eb2b31-11a0-4cef-8c57-556c376564fb.png,7197,0eb3875780826a47d52ec6c32651e1a125334cc43331a66e4f09abdc12e095da
05_PrefabModel/HotUpdate/StaticPreviews/b5283144-3076-4492-bd9a-d2d7759ac59e.png,7197,0eb3875780826a47d52ec6c32651e1a125334cc43331a66e4f09abdc12e095da
05_PrefabModel/HotUpdate/StaticPreviews/c232d2a6-4dd0-4784-a505-fb32e944faeb.png,140568,fb47269c489a9359b84e935d61e41529835bded6e316e551019a2f168076295b
05_PrefabModel/HotUpdate/StaticPreviews/da5ff766-c429-4551-b95c-dc29fff6e39d.png,39331,a0b42a84cef4f9695153504b7b827c1f8258ee705907b8f617ca9362fbb12977
05_PrefabModel/HotUpdate/StaticPreviews/dd5bd748-84b2-4e50-88e7-9659367db867.png,198458,6cd5f1e881d9b9f4ad47e7d8c22434e3d0a0fb0bdd8a57a2400b6bd37f43ccd9
05_PrefabModel/HotUpdate/StaticPreviews/f6fc17bd-7e54-4ee3-9a98-fdaecdad9189.png,176555,c296ecec1bbafcc46866fcae7468033047dc2c1a3720c55cb36546207e01b87c
05_PrefabModel/HotUpdate/StaticPreviews/fc1a51e8-11b0-4abe-be6f-52f3875d3576.png,139976,b63d38532a2af321d496f68d0edb97845b1c23078ecf8eab59239285e779a926
05_PrefabModel/Packaged/Decoded/01ca532a-0123-41b6-9823-3286cd337550.json,438,26ffe4001b7f0fc3577ef06762dccf430408ae263b81f858308ed48adfcef70a
05_PrefabModel/Packaged/Decoded/0275e94c-56a7-410f-bd1a-fc7483f7d14a.json,331,eef1b42f2b8015c93f84735868e27c5f3dfdcbc674a57bc46cc43b6deafe7f99
05_PrefabModel/Packaged/Decoded/03441240-d62a-4a7c-a1ad-0ee5ab29c1ab.json,768,ceb5f04b6ec2d05478664612053a73f8b75bb3c4445771132a95ed11c903f7a1
05_PrefabModel/Packaged/Decoded/050e749c-78c3-46d1-a66d-7288c7f514db.json,359,e23d48995e9a7ce48c8dbd00d76427a43ae42971a26b9d0df4e8cae2fb5ba648
05_PrefabModel/Packaged/Decoded/09fb4d52-337d-4802-ba73-5bf858366453.json,770,f8287bd830e0a2251055feb225eb9873cd2788b200bf2039e17dffe4782512fb
05_PrefabModel/Packaged/Decoded/0e93aeaa-0b53-4e40-b8e0-6268b4e07bd7.json,6883,c594a5c808b417b7719a5eb02eae0a4e8220be3c54001fc18a1989656623925e
05_PrefabModel/Packaged/Decoded/0fcc457a-c571-4949-b9df-cc0714744a9b.json,359,d1d28a5b887b3610da052d103f4dd0d84af6eebbda8860ea705e7235e99e4b5d
05_PrefabModel/Packaged/Decoded/10307b46-9697-4b03-8ca9-fb95241926ce.json,3571,fd19fb174017ebb69b9e8bae44b8f5a7e4820ff74d67a62e617aba6ceddda903
05_PrefabModel/Packaged/Decoded/127b6aed-4d57-4b0b-8cb4-5c4d996818d3.json,359,f967c7e9199f13c7f9e94737b9275bd257a279622df08694dbd1affab517f007
05_PrefabModel/Packaged/Decoded/13a0f3f0-036c-4bcb-8078-09614b179f51.json,327,e2d7af61c9a4ff3ccdb21d95db6fc480afa569f54668b45f1cd2104722b1db1e
05_PrefabModel/Packaged/Decoded/144c3297-af63-49e8-b8ef-1cfa29b3be28.json,4186,db06b251d111714d50b200f723fe6a054fb6c71877ba5152e021b5ed7b28fa46
05_PrefabModel/Packaged/Decoded/1504728e-7004-4db0-b971-a1301562d882.json,409,8dfe9e458ffa7e489a2fc4eba747b02e877a0edbd143f5b8eb75b7b437e0c124
05_PrefabModel/Packaged/Decoded/157cc2b8-7118-4d07-a09a-3d70313d5d74.json,359,03312f72ddf78869224ad302db26ab7d0e8c2cbf49c9c52c813f6f3eb2056226
05_PrefabModel/Packaged/Decoded/15cac725-314d-4af8-9815-55cf523636e4.json,769,e778bfc65f5b6af6eb659501c8082d18a253039c8b8ea19fa135297a0fe3928a
05_PrefabModel/Packaged/Decoded/160a4f08-3199-43cd-89fd-7a093fd19363.json,769,153e4d501905c8a909500dee10402127608d005988b5b5a4bb87f4f0d6c008f0
05_PrefabModel/Packaged/Decoded/1802f955-cc9d-4a38-8584-ac5830f8e1d1.json,359,797aca9d13f3f2a036580e04330164bdd62f5c6f15c510d1461bc2de062c1d47
05_PrefabModel/Packaged/Decoded/19647051-cda5-46ce-977e-72d32ae14947.json,25729,b1e4f994c1c9667951893ad44be5a48ff251db2cd4294d0a3d81cfed18d7cf36
05_PrefabModel/Packaged/Decoded/1a74b274-7cd2-467d-848a-39483220fc60.json,359,c03a3ea9334974768e638ac7d4a795f526d54e39c6b9fbf28bf3899e6d057fea
05_PrefabModel/Packaged/Decoded/1b01ae52-bf3f-41dd-a98f-a350b6b26230.json,359,62298524728615a58b25146d04cf631ad5658215ac912d797a458ee7e9f1a57d
05_PrefabModel/Packaged/Decoded/1b5f3d3f-ddcb-49d1-8f58-2cbd9d5b8db4.json,359,99c5b317228d0c2bcd2c71b376d04b3725ae6ab9eef60b1ddc22045c64f0a010
05_PrefabModel/Packaged/Decoded/1b7bc0b8-b9cd-458a-8fd8-992b29544979.json,359,c3ccf4294809f11589172f6e7950280631aeb1471146cfbebff702edff9db5b5
05_PrefabModel/Packaged/Decoded/1d3ae4c4-91a3-4b2e-a175-29718b968171.json,327,6065b3bc87d5458ccd28f10c7854ca02308f16f673f034954848dd332d855563
05_PrefabModel/Packaged/Decoded/1e4d6150-2e90-4f47-b0ce-f51068dff40a.json,359,48945d9af159abd94611c5ecbb440cea59f04e638bda1d233705d5bc45a30a2b
05_PrefabModel/Packaged/Decoded/1ee6617b-8b7b-4eb7-8989-f0d20240dd9a.json,735,a4f19bdf3d903862af58fb59496c2dccaa3db31203c58632ea2eb5d40b5ef4c2
05_PrefabModel/Packaged/Decoded/2012a8f8-b8db-4f6e-a07e-57ca2bd98287.json,327,ead167f95146f31a285c98336e6dfabce4fb6443b2518f2e37ac34022b61ef35
05_PrefabModel/Packaged/Decoded/20549095-d209-4c70-9d96-ff773985325c.json,770,599fedc10f3607b1c150c3ae720c1ac6fefd2b529543b35c5fe923277a6ef40c
05_PrefabModel/Packaged/Decoded/214e7602-eba6-4e8e-aa4f-61ec44814290.json,770,d5f2867a333f2597d52ea4d5f004ac6c364492e361b4eeeeb3f65025dcbb09b8
05_PrefabModel/Packaged/Decoded/217debed-8bc8-4c86-b4ca-3cddaa9fb24b.json,740,5ece2e4d3ec3be855532c35762e8217961465da02a66c904a73e5c03cd14eb1f
05_PrefabModel/Packaged/Decoded/2316961c-9dd5-49be-85b6-6fe9a9efea5a.json,767,9232e836ade834765994716d91be8c6232cc810d4c867ee77265004324a6518e
05_PrefabModel/Packaged/Decoded/23633833-7750-4395-a6d4-d9be43699fdb.json,768,a6f4069989f12bf068e9b32276d380ac4b274be281769434c7e3ba0b433060a6
05_PrefabModel/Packaged/Decoded/25b5ef86-c836-4f44-9f87-4a2939361d5f.json,359,cf18de7c8c8085461c5e815b6df724b199d82f37d397d7514b605accc8d554f9
05_PrefabModel/Packaged/Decoded/25cc6311-96dd-42b5-829a-8c733c268fe9.json,3785,869ac4b0bfab539a3101de466639bc9cc3cf8ea1af9077034db4c3278a477dcd
05_PrefabModel/Packaged/Decoded/27a1871e-45e0-47c6-a38b-5262531e8ddb.json,739,11bf02f9b5587c6fafe6c3e6c95bb6ac7ebebe7a03b04e5686ba22e27eb7c550
05_PrefabModel/Packaged/Decoded/2874f8dd-416c-4440-81b7-555975426e93.json,6610,57f24eeb4731442444150184fb66ebb539865a0070779eca34b51ddf333f71f3
05_PrefabModel/Packaged/Decoded/29707182-9120-4519-b983-a046490b2dbe.json,81767,b97c42e9d73aa140d4767110b9a460b6ce5596287b3485d0b5a6529e9dfe9071
05_PrefabModel/Packaged/Decoded/297b45f9-2ca1-4ccc-95f3-5e967fc75add.json,739,9a03e6e3163cabcfaa5220d96b946d032f55c106e6a97d36ccbd9e331ce154ea
05_PrefabModel/Packaged/Decoded/29a28790-787a-4936-ba3f-449db5cc2adc.json,359,1a4416fa17aae89dcdcd7fce33b6bfbad5fdcce2c97c2b214bb05adb40f51c19
05_PrefabModel/Packaged/Decoded/29f0032e-3c42-4348-956b-236804a13520.json,359,f6d9ea68e231c332767d9b4f56f2af105441f1feb8dbae57b3604f8f5c95e603
05_PrefabModel/Packaged/Decoded/2a296057-247c-4a1c-bbeb-0548b6c98650.json,734,5d79bb79a8c2ce3a2e860b07762be33ac1f1aa7157eaf0894a9270e358ccc2e6
05_PrefabModel/Packaged/Decoded/2a7c0036-e0b3-4fe1-8998-89a54b8a2bec.json,31151,0caa4e7f0c8e0ac38a625a81dcacf4570b0de3f43609aae325e25f180b9f9fed
05_PrefabModel/Packaged/Decoded/2b20483e-839f-4bc2-81b8-513f6862b36a.json,327,e00f9408ea5ae0514222af343c62bdf17e14f3ea3e653d3d5e29557a7f98ee98
05_PrefabModel/Packaged/Decoded/2c8d859a-d6b6-41e7-8c15-4ca06056dc00.json,764,7ffb6becf7b75dc96db5c9a98989056d3131084d5bc4ca8862daa4ddf3ec5e55
05_PrefabModel/Packaged/Decoded/2d2f792f-a40c-49bb-a189-ed176a246e49.json,6490,88f85560df16e6d7c880345d6a9d15e688def921456b2dfc60ef8944e051e973
05_PrefabModel/Packaged/Decoded/2d889576-61d3-4c6c-9a7e-baec25d19427.json,359,b9636ee42d15e7881a8b1ffed248eaa506ddbb3abc919a6d39ef685885c5b839
05_PrefabModel/Packaged/Decoded/2dc6b624-f070-4cc0-a31e-974c4545e358.json,736,0f66c9b2202671fd51d80f0c51c13cfb9b99009f280a1bc2b2c05ba626a0157d
05_PrefabModel/Packaged/Decoded/304583e2-00ba-4c7a-8658-1bf5673ebd68.json,7709,34e094913fa7af61b04533ffbbd7c64f0e1b3b9476a63e2cb8184bf44e6ba9af
05_PrefabModel/Packaged/Decoded/30682f87-9f0d-4f17-8a44-72863791461b.json,5218,576954cad8fc51b429a93f893b6e43f2ef1854a8730af284f8a3d68ac75a0db9
05_PrefabModel/Packaged/Decoded/3198a1cc-a4fd-4024-9afa-7c79fbbf9cbd.json,359,a9339b8a33ae99c97ac5508902006f4f2529674a13fc3fa8ee9c1c8c3ddb6de7
05_PrefabModel/Packaged/Decoded/33f50ac0-e955-43f9-aca3-07dd23c91f83.json,772,25a40e239a878d97020fb2875a6ad966f1ce2c40fe4083cb6a9e4679719a0968
05_PrefabModel/Packaged/Decoded/35b639ec-f5e7-4908-a6e4-9efc102b0a81.json,359,9a2f66687620064ae8859caac03c3decbbbfb356d60a242dca5a79e6f34c2a6f
05_PrefabModel/Packaged/Decoded/36c6ac8d-0ca3-46a7-b1f1-74b05204de3b.json,359,9ab75ef83176a1153280c1b40424af8c28fa9f5394a7a26374f771c1286d4983
05_PrefabModel/Packaged/Decoded/3781b850-9ec0-4d4e-affb-f854c9c7f28c.json,416,d70910ac4b39350bcfcd706cfe007ed4d1a801f04de5e1d1e0ad83633a2c2197
05_PrefabModel/Packaged/Decoded/3a309598-9ff9-44f0-8b9d-55966baf8e89.json,738,12553b04a081e7729eaf28064a2419b5fe5959d3b38f3fe7aa79fcd7aaee6ca9
05_PrefabModel/Packaged/Decoded/3a7bb79f-32fd-422e-ada2-96f518fed422.json,491,115b7e38ee9b8584eaacc40316371acc949484c30b802d88730a848fc3a79ae7
05_PrefabModel/Packaged/Decoded/3ada75a7-caeb-4b46-bc1d-f93db55e7799.json,769,b3bf1c60e02e95e7caed281da3949a5080620ae09d04f12917f02113c1f0a348
05_PrefabModel/Packaged/Decoded/3c78972b-7ebf-4209-abe2-e329ef0a4457.json,736,4928fbb9d400b8a3491f4ddcea49e83907ad9ab2d8039b31ae8c97a7bdb95f49
05_PrefabModel/Packaged/Decoded/3cd48c22-9f2c-47e4-a563-851a54f554c4.json,359,c88ffca123c59fee832ed7185f8086277e4abb45af5cd21fcf3505d752b91822
05_PrefabModel/Packaged/Decoded/3e51fc87-559b-4c1c-a7c6-a48e11d8599c.json,327,3eb292dff1501be646be022f754fa4a2d37efceff6a1bc66dc7b2dca668392c7
05_PrefabModel/Packaged/Decoded/3e73460a-fc9e-49aa-bc83-04ece1798eb9.json,19184,4ce5ebe7dd88a094db78963ea5885b81bd2dfe09fc6cb1158dfb70f77e500fdb
05_PrefabModel/Packaged/Decoded/3fb1c5ac-7473-4a8e-a459-e94d5d437483.json,770,0c62903c9d904fd32e3005f54086eb90e0ca207552c1d765798e039ee205c51e
05_PrefabModel/Packaged/Decoded/3ff73e21-2645-48e1-88ad-b299e246de11.json,738,4705a9d55e4349de275afdc7a92ebb8057a8636c586d3cb72d6cc44041437ead
05_PrefabModel/Packaged/Decoded/410fb916-8721-4663-bab8-34397391ace7.json,770,29088d7d4e1b9fd1cec201c79a97fff501998e68c93d3f7db8b1578286255d88
05_PrefabModel/Packaged/Decoded/418bb024-970d-49f3-b384-0b8d98a9d8d5.json,739,83feaff5a53b6b0c74516874dec2a75c32456093c6c86071190dbdda42eaaab2
05_PrefabModel/Packaged/Decoded/419864ef-eb77-46f5-83d7-04ed1ee13d6c.json,783,2222c3922d7b5870280844ee5a6df6a9007e000b565af53388d493e5ff699d02
05_PrefabModel/Packaged/Decoded/432fa09c-cf03-4cff-a186-982604408a07.json,1293,06e5e487a550aafe7f9d87a09e70795fc0c83afb723c061e5b31447af8fbadc0
05_PrefabModel/Packaged/Decoded/436a50cd-56b2-43ec-aa5e-7ebd1d3ad98f.json,736,1992cbdb867bfcb8ecc2691552f0bc99583f922f3bf4b09c3652c47525f77841
05_PrefabModel/Packaged/Decoded/4373950c-2d87-4519-a2bf-52a5d9ee95b5.json,359,341ca97d5b6d861dcaac56cd13e159fe13778786af1d8f83571e828ab589b86a
05_PrefabModel/Packaged/Decoded/466d4f9b-e5f4-4ea8-85d5-3c6e9a65658a.json,658,40bb28caa2ce3b6c18ce02219159f4205a491459ef174ce8ec59bdc0e8e43380
05_PrefabModel/Packaged/Decoded/486d17f2-0b9b-4322-9d00-c66c5d1314e7.json,13988,0f3469cdd97512adc2d75a0fd36adc3ca2e850bbc9313e0f59396aedaa13c0ce
05_PrefabModel/Packaged/Decoded/494564fd-1f71-43e5-a736-18a4a99d8cb2.json,769,b83f61432617bf17c3627d0b1e4878036fefd1e606bb6872c41d6eae2259392f
05_PrefabModel/Packaged/Decoded/4dfb3ed3-a28b-4cf1-89b9-f07981422932.json,359,a2323898a179f6cfa6e40c1adff5837be3f4f7f99ba1f1dae41138099d1c6a03
05_PrefabModel/Packaged/Decoded/4ecd57de-75e8-4db3-a6dd-355871292995.json,359,8a1d479c96668dc4103d61ae8f7c3f5166c1552d5f06dc0e25bba504e051a580
05_PrefabModel/Packaged/Decoded/4f243371-7e21-4a50-aca9-67f7eb49384d.json,768,cf548437aead60ffa475a75a927ef3882d9067c78ae1858ff9621e9dc1d40790
05_PrefabModel/Packaged/Decoded/4f2a81a7-5c99-469b-9a97-5e46cc60904e.json,74550,60cffa2e188e5dae8530f4bad752c8eaa8a549b25d36f1d551f0507912f4e6f5
05_PrefabModel/Packaged/Decoded/50e70dc8-02e3-432d-8cf0-5580df7b11e6.json,768,1a4f869190c74238af28d0a3cdce739607ec448edf60d3ad5cc714beaa88bb96
05_PrefabModel/Packaged/Decoded/51c6c54a-4c5f-4ecf-8811-80064c0e489a.json,6305,189481280f8b081a7b42ee0f861a8c390aa3ebf11ddfa98693b255f1bb46b1dc
05_PrefabModel/Packaged/Decoded/53e1b3bc-d5c3-4786-a742-0e75bbd1d382.json,6433,2bd58c54c23a3c1745606fbef80165cf7164be0b0f50a777c2f4c50f12d5b1fe
05_PrefabModel/Packaged/Decoded/55ab3b41-499b-4d5f-bddb-0dc6f35aab36.json,11847,c17a709f43644cdb2061ff681a587b9f6a2c5d3e70143a4f3db34d59f1c2976f
05_PrefabModel/Packaged/Decoded/56ccf369-757a-4707-9dbf-b5e1206d00a5.json,359,03f0f171c12e36c03a0a51188f18eda1c58e11a10a6db53c165bb01b3c4a3b2b
05_PrefabModel/Packaged/Decoded/59b97112-c97b-48f6-811b-1e52d0f171ba.json,359,d139a5782156f8ab89e5b33c7f181ea1cba7acbbbfbe0c5e080ca0bf5ec58167
05_PrefabModel/Packaged/Decoded/5d955491-fa76-4150-98ba-1cf425225dc4.json,359,c357c6ca0de7b69a32aec0054b0bb7d233de697d94a722faf9194ce773453d85
05_PrefabModel/Packaged/Decoded/5e1f265c-7d86-4a69-b6c4-4a3ecda1761e.json,772,511b167ca3bf8cc2243dc2e0bee8bf0a022b8b018b03fd91953e94aa4e5909fa
05_PrefabModel/Packaged/Decoded/5fe69ccf-b8c7-4619-a535-1bb10deff333.json,771,5a5f8008e1ac495deb7d4ee3556b442909405c66648edeeff005a8a1c285ed0a
05_PrefabModel/Packaged/Decoded/600301aa-3357-4a10-b086-84f011fa32ba.json,331,28487b36828f09622e4b93b1eaf63bd7cdcff4ca79e1d2fea866fd5c598e463b
05_PrefabModel/Packaged/Decoded/60597400-aac0-4835-b539-f980b79fbe75.json,359,82d5054ed9326a24dc8c2b6efbc49c10e071ecc7b9fa12b5820d14b8b19cdcf3
05_PrefabModel/Packaged/Decoded/6218d65e-032b-4415-9bf5-d33c8f174e7a.json,359,0e383fa4ba98d9a84495519ba187fa541e6195fce9e7db2b2b452677ae87401c
05_PrefabModel/Packaged/Decoded/6389954b-875a-400f-8424-b1a8db5f69fb.json,769,7b33d44e37c741e834edde874fbacf7bc64dcda8aee01346a7a0ac73652424e8
05_PrefabModel/Packaged/Decoded/6539261b-b2c6-4b68-a18f-7ceee36098d8.json,770,98afdd4a62e6bda2bae7ec47cc4ac26fa463f0598fa418fc5eed7db8c9a1cca4
05_PrefabModel/Packaged/Decoded/65b056b9-cdb5-408f-b3d7-2c3ec2a0cf3e.json,359,f59e71804eb4c7b6a7631779ce9bf17abd94af2c93ebe1d31e1cf71f425298a1
05_PrefabModel/Packaged/Decoded/65fc9724-d296-430d-b578-8b0e37381103.json,11796,943b5e9fc0682fd7aadc8dea167b6c0657baa2e79404b0b910f05107346f594d
05_PrefabModel/Packaged/Decoded/66a9b557-bb19-4a55-b33e-b5d24c2e1f06.json,768,48ebd5d597faf9804c91c68986fa03c148452681ec136fbe803d182c2551c9a7
05_PrefabModel/Packaged/Decoded/678cc07f-5859-41da-8ec6-5ece36fd417c.json,359,7a9cd6b9be0eddcd94f965a18af9eac4c92be1693885502aa769ec495a1e79ee
05_PrefabModel/Packaged/Decoded/68405fc2-461c-4e65-a3ca-d279da723be1.json,740,bea16dba8acf2fe2e75bc9c6c42cc3bdfacb7881482070bacd501fc14b65aab1
05_PrefabModel/Packaged/Decoded/68afab43-e59c-4b2b-9faf-8d2d1ebf2f4e.json,12613,41d51c1b7030ac25d66c5467270d04ab77fa3a2718a7fb7ddb2d2a4990dc76bf
05_PrefabModel/Packaged/Decoded/6aa212c0-1a8a-4a5b-af7c-98df4e6f76e7.json,736,e1ee8600d37bfc7492c8ba765b825fbcef8aad779cff60809afbc7cf8e7eb1d9
05_PrefabModel/Packaged/Decoded/6ab60de2-c2d7-4e1d-94d2-c98fa371032c.json,359,e2d46d76e42b22196be41b959398ccb3a4bdcaccea8f74d0e22c057f7efd6852
05_PrefabModel/Packaged/Decoded/6c961c8f-b571-444e-84c5-6bcf42bd4bae.json,769,d63564770e97541c7fbddf72dc79f3ad8b92d0f71f6d72bd5833a66cff2c6238
05_PrefabModel/Packaged/Decoded/6d91e591-4ce0-465c-809f-610ec95019c6.json,21186,62b7ccf007b965806ece5dd21357566bc66e950bbf0e7c503a6b3959bae5c5ba
05_PrefabModel/Packaged/Decoded/6f801092-0c37-4f30-89ef-c8d960825b36.json,477,dddc4cc072d693e3695bed08b7efa24cf1acbad67f90fc8425d66481bbdc13d0
05_PrefabModel/Packaged/Decoded/6fa4fb6c-6f07-4b4b-ae5b-7955e06623a0.json,738,47d09beb1723cd1e259f0cd1f3d13b6d9f7059b810938bee9158709c1a6cd68a
05_PrefabModel/Packaged/Decoded/6fe47eef-b74c-4864-91f8-70cf0c5aaf34.json,359,30c3340bba008a0e6a6d254827f3938362a3e829bc28c8508ba206190db20d64
05_PrefabModel/Packaged/Decoded/6feb7340-4213-4a37-834c-efddda9aaee3.json,414,32e8e1f89a52ccec3c32d1e6984bb84692d56b69d7408556834c3fcd14967244
05_PrefabModel/Packaged/Decoded/7064be55-434c-4cf9-933d-1f7224bee890.json,359,2cefa19aefb9b04ccfbdf8fb8c70f3b9d9418ff7d37148f9805906e33d171a52
05_PrefabModel/Packaged/Decoded/707d1237-7579-412a-8626-97ed327bc1da.json,327,277f24024e70874aadf7b0b9d3c7190532ae54eda3b56269ea7f5d8e58ff119e
05_PrefabModel/Packaged/Decoded/70b84c1b-a6f0-44dc-a144-c6950fffbe73.json,766,1954982854316aa88b9e313d44fd0d6f16470a73d7c2036a876e02587112b02f
05_PrefabModel/Packaged/Decoded/71f5ed3e-9902-49ad-b721-df84871778b0.json,359,7df5c9ca94d7f932ba33be62dbb0ce1be5eb4292b23b0a39685d57113507e601
05_PrefabModel/Packaged/Decoded/76a16145-ed30-4a41-8e82-11dd76451363.json,11864,36965ae5bdb1aec37ea5d22ae7b7d722010c36d9690dd21777ccbf4c226d1e06
05_PrefabModel/Packaged/Decoded/7880de9c-ba88-4953-ac5f-ea14784d584e.json,17045,948fc1e0fc5c5aef2180476c142a73aa4ca11f57ab0cd938e0039faa5d5d2aa5
05_PrefabModel/Packaged/Decoded/78df8588-335c-4127-ad79-36398bda94f1.json,414,1e31f94489dbedbe33e85fa8e439909c7c3c1b79dab5331842cf4f3aaaa11716
05_PrefabModel/Packaged/Decoded/7afd064b-113f-480e-b793-8817d19f63c3.json,479,acc2adee5cfea535748253afb90601cf0560cbe0ac8a81f3be3a4e8ce3833f11
05_PrefabModel/Packaged/Decoded/7dc399ea-a792-4d41-a57d-d8bd21f374e9.json,327,ca0ce483fecaba5fc14031a04d5bb2cc8767557947df73ee35b6ef8df7ebc31c
05_PrefabModel/Packaged/Decoded/7f013f23-22f8-4d98-b1bf-01d52f45cee6.json,770,0a6c48afbfdbe2de2779aaba707c5c12de9953ab68c4aae2c45d2b5fe9928346
05_PrefabModel/Packaged/Decoded/7f2c05af-1f67-42fd-a28c-115d07fa3f99.json,773,7751be2f6d457fb3aa49ec583cbacef6c80dfab848090208f911ba010a4d0297
05_PrefabModel/Packaged/Decoded/7f437501-7426-4100-a8cb-a41fb871949a.json,327,6adaced409e58dc08b6433237447b7971d8e15ddd880845844da2f9c0c323c24
05_PrefabModel/Packaged/Decoded/7fb630b4-bc08-4662-849d-5834736513c7.json,359,fe156ae7d8769c9b4d3672d6befac492c67d8608dc4f14f9170f52ada7f527f2
05_PrefabModel/Packaged/Decoded/825a7f38-a94f-4fe0-9349-9f8f2c932697.json,741,d0d42ad8b03a0bd4bac87977ff4bc78cfb947e79877328bd24c8910ec69e3f4d
05_PrefabModel/Packaged/Decoded/829a282c-b049-4019-bd38-5ace8d8a6417.json,99425,08be97c0428f2d0ca3e822c6f4d8cb029a1d2e07c4ee852f814c092fa81aade3
05_PrefabModel/Packaged/Decoded/858d4c21-55c7-48d3-a808-107ec6c0a26c.json,771,3b7ab0aba450fa238fe81c14c71defafbf840f647719717ab1029212763e68e7
05_PrefabModel/Packaged/Decoded/86d577a2-9380-4a88-aac1-a8333961e0a9.json,418,f8bc50c1ef9ca7100ce306266a022144486e22c605e03da1f8c9b80d882ae4c0
05_PrefabModel/Packaged/Decoded/87a79e36-cc88-4be0-b937-9c4daed2be15.json,327,5dfa19f8c8df424f69d0fbe802c6e54e7cd454a98f841b94fb9ff3368749d982
05_PrefabModel/Packaged/Decoded/897e7d69-0016-4466-a473-5d40f6481e0b.json,327,b6a88a3690cbcff1f4409d708bc8182a12b27687bb23a6c8407994d5e1023c3b
05_PrefabModel/Packaged/Decoded/90158239-0a08-480a-8da1-54b0a30e5962.json,737,84b0a67614185bf005c5b266ddc23281f5e0a2faf0f102161a451d18da0337d4
05_PrefabModel/Packaged/Decoded/901a4d90-1efd-4b0b-b117-d341fe15d83a.json,327,9b579d9dfda2d3a95526f3b3086b7f37eda22ab7a5f21aa030b51093281abf05
05_PrefabModel/Packaged/Decoded/91e1056e-f851-4b1e-bef6-ded01a007fdc.json,327,473b58f0dfe24630a9d33472546aaad28e592bc49964de8a4431c48549bc580e
05_PrefabModel/Packaged/Decoded/9542e802-22aa-4b7a-9b94-cac310f15851.json,736,dd88d262f0001a3fdc08b34c574100762d71a92774b7ade61905ec83d3ec544e
05_PrefabModel/Packaged/Decoded/99a38022-5675-4fda-b16f-dfad8dd67a2c.json,770,37cc43ea568765db53207faefecb43906d36903fc19fc69f99340c397db4e04a
05_PrefabModel/Packaged/Decoded/99ef51d3-37f1-4c35-be3b-28d4014de0a9.json,327,9bbfe1ae2596657189aae8be8384261f2e33d60701244830be6c2179e8ea882e
05_PrefabModel/Packaged/Decoded/9a1fc424-af38-40e5-8ba7-2bcb7df665cf.json,327,cf626645da6fd37962e055e26535f1155a10cbb128cfe7f53a194725508c37b0
05_PrefabModel/Packaged/Decoded/9acae03f-3f45-4581-8e46-6926d0148a3b.json,770,8e3da8c2ab267916e3a29b165e2f8e9b1918fb1f1d261172c3f1994e742b76d8
05_PrefabModel/Packaged/Decoded/9bbda31e-ad49-43c9-aaf2-f7d9896bac69.json,776,1e3c96639b49b6bf3dec8da753bba516ee7fb7db63908c67f15df697aa9017ab
05_PrefabModel/Packaged/Decoded/9c840dc8-9b34-44ab-9a84-9307c375d60e.json,4043,06aed7669d7479adf3df5f54baf78082c969c2f380a054214f07666fbaabdb46
05_PrefabModel/Packaged/Decoded/9e93b639-81ca-4e67-b41c-714c8248bd22.json,359,6cb1fcebc9027039aaa6abbb743bf72324f0807127dec6ef0f4676bb7b5571af
05_PrefabModel/Packaged/Decoded/9ef925f0-eab0-4d13-a400-d91a9a67709b.json,359,24a25343e2ab92f6e97b6e2b4760d13f2309d1ccf3eceb1aaa9eb4164464201f
05_PrefabModel/Packaged/Decoded/a153945d-2511-4c14-be7b-05d242f47d57.json,545,02d88d81443fd31c0bb1e0b7f78aae60642e211469f219244374cb32106e1587
05_PrefabModel/Packaged/Decoded/a25c2a9c-a437-4907-8457-50af4eb07838.json,359,bb1f049b1934978ea6267f95df29162aae6716810e0d98fd4ae79602efcd3442
05_PrefabModel/Packaged/Decoded/a4282ff9-1acc-4eb0-8f6e-b6dbfdc6a136.json,359,7ad8cf2be35fa4d5ff76e4f4b7c6708af2bdac7ebf936cae9d3aa9ae78539a98
05_PrefabModel/Packaged/Decoded/a45d185a-2114-47aa-b6b1-b06b5f2c1f8f.json,359,754bd51ee529e3b662e422b6412c02e36fffbb717b6fe1cc9bd9918fb12a4a7d
05_PrefabModel/Packaged/Decoded/a4d4c4fd-bb62-4a5f-a55f-18e89d56678c.json,16396,9fd2f1664baf15305c793d5f5ae9501a313e5fa89626b888e5706833d2451153
05_PrefabModel/Packaged/Decoded/a52e5e07-0f14-4570-8ac2-788ad5013016.json,768,7cc36e12d24f81f126971fba8876d6f9fc3a93ecdd4af0b8bb09de0763719fe2
05_PrefabModel/Packaged/Decoded/a586675c-27f3-478a-adbc-22bc441c1789.json,777,375e9d3f996fe084ad81fbff2368dfb641a2bbc7fa080c30c6dd3acc8c604eb8
05_PrefabModel/Packaged/Decoded/a8027877-d8d6-4645-97a0-52d4a0123dba.json,359,a16a50283240415f32c51274fa352e66158953e824a15d56df8be7eeef86d05c
05_PrefabModel/Packaged/Decoded/a8ee947f-c1ab-4587-aef2-3e9bde6b6afd.json,359,178ad76c93b9a26ff5a582a510abcc572b53fe07a115285a641f9b6482539e69
05_PrefabModel/Packaged/Decoded/aa905f88-3efc-4e5c-9142-1addb6a54639.json,774,ffd4a6396b24757d9eb39270fb24194b8460b861cb121a5263a6cb6137808f23
05_PrefabModel/Packaged/Decoded/ae9145d3-3dfd-4ea2-8ae4-8c520f0e6403.json,359,64dc62c67a6a7aadd5fc5c6c38fba9335a02006031d4a9f27edcb4c1ed7b549c
05_PrefabModel/Packaged/Decoded/b085cded-1179-40b0-bdc1-782d657ec739.json,359,e59e0e57bd8d3df1102134219cb1017db20ef6d0eedcee88f8bb98eacce033b3
05_PrefabModel/Packaged/Decoded/b20d4370-51f1-49d0-a367-7da7d5b39c09.json,769,000729b5778f8b28aa6a72c3b873b762f3304847fa7b13b036e9aca899331b42
05_PrefabModel/Packaged/Decoded/b5a3c60c-be2f-43aa-a7a8-a7137966c108.json,739,372436d0a2b0158b218c87cfec1f04d96248407440a1fa3fe4831f672fca42dd
05_PrefabModel/Packaged/Decoded/b6574d93-b511-47b5-ac94-ea121ae3b44e.json,359,2a982c6302d13c29442204872b4a37918d47145b99f2b99fc6b3385a2c5b69f1
05_PrefabModel/Packaged/Decoded/bb02d2ba-3ffe-4ab1-b0b0-676fd285a31f.json,6503,5a8655af52d2bfa67fdc9decd7cdcc13205052e74a0767126abc271f184d7329
05_PrefabModel/Packaged/Decoded/bff6d57a-6cb0-4000-a858-16f7f8c9c48e.json,776,b6e85235a22c0199617d055e859bc7e479494db8739788fd443d347687664bf9
05_PrefabModel/Packaged/Decoded/c0040c95-c57f-49cd-9cbc-12316b73d0d4.json,1806,9c5c79ead1f330bbf9581425afde2eb158f130cc7ddb30b1e77f5cc8931d0955
05_PrefabModel/Packaged/Decoded/c19a08fe-9fa3-4779-a7e0-b56c44468f49.json,769,ee92e36880147a364fa7fdec0200766dfe8501a72c41040e889b5dd30361128d
05_PrefabModel/Packaged/Decoded/c2139f28-f450-4636-b8cf-855d7e1d79e7.json,768,ca1ffc8801c5a18013bbd05d71b2b8ca7bf3f5662269c7c8eeb6f30d59775702
05_PrefabModel/Packaged/Decoded/c21a5d9f-50a0-4a62-856e-a1cf8c284de3.json,769,de463558f1ed95f5ce817e7a7aee327e7c0145280d2aac159f3c18cfbfcc6839
05_PrefabModel/Packaged/Decoded/c37fa13a-4066-49b2-8d25-e640c2489786.json,777,3630e3d07be46c749561d1755f2f590d9edfb45a18c362e7eb933fbcf239e883
05_PrefabModel/Packaged/Decoded/c3ba03e3-ceec-4e69-a0ed-67c2ef2b6811.json,785,798f448a3a2bbffd127dc13e821bc3c0cb51cf5806e5514a118c4153c7ca3ec7
05_PrefabModel/Packaged/Decoded/c44d8466-cd03-4175-9f8c-7fe5eaffbf5b.json,359,d7ff7976994d7fca56885beaf020cc397a180614ce2f8573e86b47037c5a2c2d
05_PrefabModel/Packaged/Decoded/c92ed130-9168-4bb9-a5b2-2ff8db01b471.json,764,e98cb040f68dc784c8f016f77e1ba736ea99c9c27e131254c68bab680ae85336
05_PrefabModel/Packaged/Decoded/ca9a6aa0-d4d2-4d7e-8ae2-ed3e06427b1c.json,777,13f3c26b70a3ed6deb322fe8a1761c2e1ad763fe353af79e8e80909c9df0461a
05_PrefabModel/Packaged/Decoded/cb81cc11-b21f-4745-824e-2581d3f69338.json,13889,98491a34ffc38de1f53aa4dde47cc3b6447bbc971378925351c975b30b750dea
05_PrefabModel/Packaged/Decoded/cba80641-2c20-4ad2-a88b-0b055fb995c1.json,736,5c413b14ba3669f246a443a97d0cb9ed6a019d25cbc733f8a2f8f3bff404b384
05_PrefabModel/Packaged/Decoded/cf7e0bb8-a81c-44a9-ad79-d28d43991032.json,489,5c37ed7b3e0877276a948ec4c3862144e1a982b03c34774399906868eba0b1c2
05_PrefabModel/Packaged/Decoded/d01fa1de-1086-46d5-9649-a854babe770a.json,768,248a027dcf252c983ece8d98fbee9bad2e3ce9e96db639b2678d8d528db1bd19
05_PrefabModel/Packaged/Decoded/d1512532-b4ad-4eb8-96a2-2006eb9fad43.json,327,e4c5e6bacf90a79f9105a5c96e4fd687ad27e0f63e70d29bbebee36c173a76da
05_PrefabModel/Packaged/Decoded/d1cdfaa7-cf4b-400b-9fcc-58700713541c.json,327,be4f047cedcb20e60d0bd4752fe78e20aee09b260b7249271e0290511399dc06
05_PrefabModel/Packaged/Decoded/d3c48559-bcaa-49fd-859a-a92b13b3e7f0.json,359,4177041a18c4346a6df6b0098a3c7025e3d92ed48ce2ecf6fd4d9d1537e900a8
05_PrefabModel/Packaged/Decoded/d4d29c00-dc61-4461-ac59-bffb57e92801.json,359,b3b9f8e75430e82e324cd0e16c18b4ef5bc487fbb00331d094b6f13768832c4f
05_PrefabModel/Packaged/Decoded/d693e547-be89-4992-919b-b6c4b2b63734.json,359,3929d7b2ef69243c2dcbff3d4b4c4e91420e588f79bf81bdd3a0e03a8bf13b0b
05_PrefabModel/Packaged/Decoded/d81ec8ad-247c-4e62-aa3c-d35c4193c7af.json,359,1ebcdf82fb097b415e508800ca893cddfefe4a520a9c90e583e2864b0c591f50
05_PrefabModel/Packaged/Decoded/d88b9be5-19e7-4385-b379-f8cdebbb6ba1.json,327,62f2f6cdb96f995e0e66533a68207d394f367dc0268102b7c1e83f93479498ee
05_PrefabModel/Packaged/Decoded/da8f7058-0474-4d28-b3ef-cd9d1705dc62.json,768,e18218cdacd10fac1f07abb45f9277dd3cc015dcb12fbf3188908ef85ed769f9
05_PrefabModel/Packaged/Decoded/dcc67e6a-b848-4136-b8df-a4410d95aea6.json,766,97f4a7f6195d1fc107ef4a0ed1d9593e94b2ffc4e400276d6b2fc573aac10326
05_PrefabModel/Packaged/Decoded/dd87d738-81cb-43ea-ad47-9a4dfde3662b.json,359,5b170ae977d257e0898a644d21324907511856b394d8f2b2523b44c4b6f7448f
05_PrefabModel/Packaged/Decoded/e02d87d4-e599-4d16-8001-e14891ac6506.json,584,5fd81b498d16306c55fdf85a6223bf424ad04551d6ac97f1d980f9f5b80b8f2e
05_PrefabModel/Packaged/Decoded/e42eb6b4-4802-42cb-b9c2-952d66e27d5c.json,768,22d254e716b2a6c5d259379028cd5c846b096cb90d63bb90fb42e719100f5785
05_PrefabModel/Packaged/Decoded/e5692241-0ced-4e77-8399-fc5a2c26ec62.json,5184,4919537bda431ccd159ef7d46a9d63f9cdf29a8a1b6e656c383a9e76bc2d3d2b
05_PrefabModel/Packaged/Decoded/e8a1e2b8-6071-4ee3-9749-e70c6770cc2e.json,777,0995612b62a256a3b12ed832ff57a1e471cfafcec05dc19cc9f15141fd08134f
05_PrefabModel/Packaged/Decoded/e8c4d117-9309-4363-9ea4-7e9dc6edaaf1.json,769,484f8613ef20d0be4725c8a23d4adbd26b064b8202925e7924680d3693d10b07
05_PrefabModel/Packaged/Decoded/ea137731-fc53-4306-a91e-cd3c50843228.json,359,7c3f4ea7531e7bd3552bd739e8b26a68bf28b54e83ed5ea66a4400c6e35f754a
05_PrefabModel/Packaged/Decoded/eca5d2f2-8ef6-41c2-bbe6-f9c79d09c432.json,586,07efcd240b262657a0399da38fc42ab0b836c1824abefac997e3de1e91c1a298
05_PrefabModel/Packaged/Decoded/ed7b90ef-cd17-4b67-af29-719fc88518e5.json,768,18080a606d2d834f382b57f557f950a15a1f5fd3fc71f2776d998335d662bde3
05_PrefabModel/Packaged/Decoded/ee0c7220-a9a3-4dc8-ab38-e0b249b4d978.json,359,cb8fb91a380fda99bc83d1e2526d4ff6e603a73443e0530aacdfba0a64d9b8d8
05_PrefabModel/Packaged/Decoded/eee79c30-00bc-49c6-a355-019ff53e83e6.json,7919,efe1bd38fc34ff6eac9901aaa01423f8380d9e5ac212f8ef8802254c8723dc88
05_PrefabModel/Packaged/Decoded/f18742d7-56d2-4eb5-ae49-2d9d710b37c8.json,9300,80042894fdc6f36ce55846c365817c5cb5d560374797ac810e46d91d1eac9556
05_PrefabModel/Packaged/Decoded/f19aa3fe-7a9c-4f27-99a9-a02d57a4da5e.json,359,73daa807dbd815d5e21386911a917f5e5220d56acfe5555b42b81eaca13f222d
05_PrefabModel/Packaged/Decoded/f2ebcced-c6b1-43d2-bcfa-0100645770b6.json,768,1846a23adabf4aa796ffdd7d9e465be3ea0f681c1d76fff5597da05e305f5cf9
05_PrefabModel/Packaged/Decoded/f6ae0818-b53a-4cec-9f68-f3a246ac923f.json,775,907a2aebc9ace5a895b780bf1b30a1e10f6c316495231d98f3eeedbf9231d4ba
05_PrefabModel/Packaged/Decoded/f6d03e4b-1471-4a64-abea-da7c2b09aed9.json,359,2bb57c5eb0863342eb69c460f7246c78ccfaaf932592df33faaf7b36f0152212
05_PrefabModel/Packaged/Decoded/f7b567c8-c351-497d-96fa-4149762cb4d8.json,770,37713d8834c8166c0a8b666cc2c611c50b19781afca53dd73db5248bdadc0a34
05_PrefabModel/Packaged/Decoded/f7ec3c77-2c95-477e-92bf-11677d085d70.json,17707,1d9a929ef2976afa8c2c849809599f99df6f29e379726ac54734f6fcd75928ed
05_PrefabModel/Packaged/Decoded/fbaa34ab-ca57-43f7-9d8b-e4356acc4304.json,327,57ec9d9cd18d62204a406fd4da6e8cc751010e176504b829d792d3bbe53751d7
05_PrefabModel/Packaged/Decoded/fbbba82e-8e5c-410e-a624-ae15981afd7c.json,770,ab9dc2d9aa81b6f98fad441f2bf9677a27e98984fa9d76b2ed9dbddbdbb3dbd2
05_PrefabModel/Packaged/Decoded/fd813198-8546-4563-8bf6-8ae64257d926.json,770,15afec35e76cfb81e98e6e1e89580b193d33c475b80a2cea2364a477ce268ecb
05_PrefabModel/Packaged/Decoded/fd8d6602-e884-440e-a8d9-07a60d7b84fc.json,359,f37edbd06c7afe642ca9321cb4b72c8593ced2b1616b5eaeb4fede6b0dfe208e
05_PrefabModel/Packaged/prefab_inventory.json,5903,1b7b6e226f99ed3fc7b84eac28baf7b27061b964b33336d527cf25e9019f419f
05_PrefabModel/Packaged/StaticPreviews/10307b46-9697-4b03-8ca9-fb95241926ce.png,13221,7620a89fca1b408514905aba1b834bb3476ca882485cc09c2e34978666cb0407
05_PrefabModel/Packaged/StaticPreviews/19647051-cda5-46ce-977e-72d32ae14947.png,53318,5c5e0c13daa2de5f8d971e92fb9bba5e0c8dba297cc904f2966f6cb1c7746e9c
05_PrefabModel/Packaged/StaticPreviews/25cc6311-96dd-42b5-829a-8c733c268fe9.png,8983,49f4e6cd1765cca95e445c9dd376cf11714a7b179218c5f7ae035d2aee52beef
05_PrefabModel/Packaged/StaticPreviews/29707182-9120-4519-b983-a046490b2dbe.png,428564,cd0adf87fa409bc9d42cd68a3873eb1b94a46dc31b3e479968ad5e2840a02b16
05_PrefabModel/Packaged/StaticPreviews/2d2f792f-a40c-49bb-a189-ed176a246e49.png,312360,6325ceab03bc8dfe1f754ba32cc26f8f719f3ffddcde36f1237f027847782671
05_PrefabModel/Packaged/StaticPreviews/304583e2-00ba-4c7a-8658-1bf5673ebd68.png,20672,b6080abf10ca94203ba6bc13c3d01f5d4f726396e1ae9efd317358ab72761f2d
05_PrefabModel/Packaged/StaticPreviews/3e73460a-fc9e-49aa-bc83-04ece1798eb9.png,256033,276e30324bf576a8e54d88c28e6e0ecef95ee61f898bf24e2521d011a68d6620
05_PrefabModel/Packaged/StaticPreviews/486d17f2-0b9b-4322-9d00-c66c5d1314e7.png,82280,56f032f24fbeef90e8702aed8c2229ce4ba161be727dc0914ee26a812d477457
05_PrefabModel/Packaged/StaticPreviews/4f2a81a7-5c99-469b-9a97-5e46cc60904e.png,396173,5a7016158f52f607dd46b40fbb281b23433504545b509951bf8ab01349037240
05_PrefabModel/Packaged/StaticPreviews/51c6c54a-4c5f-4ecf-8811-80064c0e489a.png,13383,fbc50d65b0d9b5bd0a498db2074c8894e59f6e385cfa77d2c6491575ff68e996
05_PrefabModel/Packaged/StaticPreviews/53e1b3bc-d5c3-4786-a742-0e75bbd1d382.png,13676,a320e57b9f07aeed4e73b155b62cde57d9e51ffef229d63a7a1e99304d754163
05_PrefabModel/Packaged/StaticPreviews/55ab3b41-499b-4d5f-bddb-0dc6f35aab36.png,34430,f78eacb12c1ee94d015c2ea966437769cf2537e64efbdcd23d5f5d70b3dcf635
05_PrefabModel/Packaged/StaticPreviews/65fc9724-d296-430d-b578-8b0e37381103.png,24570,f72a241dbcd1f9d1c784fc2866b28a94e7f67b9b3f6883494c26a88bde6df03c
05_PrefabModel/Packaged/StaticPreviews/68afab43-e59c-4b2b-9faf-8d2d1ebf2f4e.png,25081,ed3a2033ac01a1016926c2bf1a8be1f5d9803f510cd4dfd7acbd617f9179c905
05_PrefabModel/Packaged/StaticPreviews/76a16145-ed30-4a41-8e82-11dd76451363.png,31998,b49d77ef13fb8ca7acb3f96b04c7720d61e2d3898774416cb838dea84b2dd05b
05_PrefabModel/Packaged/StaticPreviews/7880de9c-ba88-4953-ac5f-ea14784d584e.png,264249,87af32563311157e8eef8604e8471fbdbed34829acf4a6854d04fa6271920f6e
05_PrefabModel/Packaged/StaticPreviews/9c840dc8-9b34-44ab-9a84-9307c375d60e.png,10063,00713a3234ae39f3a68883f9948779a87422026c4f130012fe62efdd335eeb0b
05_PrefabModel/Packaged/StaticPreviews/a4d4c4fd-bb62-4a5f-a55f-18e89d56678c.png,55446,ea15c07c6e15655bce6521f5e32fbb3d61182e8ba9218ca3e6db3fc97b022574
05_PrefabModel/Packaged/StaticPreviews/cb81cc11-b21f-4745-824e-2581d3f69338.png,194906,7e85997ddf681494ba9ddd948183e34a8e76630494a0a8f829962215b2c245ce
05_PrefabModel/Packaged/StaticPreviews/e5692241-0ced-4e77-8399-fc5a2c26ec62.png,7197,0eb3875780826a47d52ec6c32651e1a125334cc43331a66e4f09abdc12e095da
05_PrefabModel/Packaged/StaticPreviews/eee79c30-00bc-49c6-a355-019ff53e83e6.png,17658,66433fedd64a7268020f577d4fa4aeddf836b64e7def05085ff6fc68fe37af11
05_PrefabModel/Packaged/StaticPreviews/f7ec3c77-2c95-477e-92bf-11677d085d70.png,68884,e77eb2b0a2345ed45ed8ab73b6d049087f77368595c00282012a2fa134c6a9e0
05_PrefabModel/README.md,999,06f1ed01fb97f7cd69c71295944a1f3fb29804e189b31b11b96b8a6e1ee3e811
06_UnityFramework/Assets/Art/HotUpdate/aliases.json,60618,574a50318b66fa6b472935ea6f3042a811bb8fe06077effad454bdebee177e31
06_UnityFramework/Assets/Art/HotUpdate/aliases.json.meta,162,5315d6b93c9c7414ebcd758725942ed7a3ba251bb0ff2490e3a287b0924e9dd9
06_UnityFramework/Assets/Art/HotUpdate/animation_inventory.json,493,8e7825e51f58b2338a0649b39265b3daec658cd21ad7190236bf7d735c16ad28
06_UnityFramework/Assets/Art/HotUpdate/animation_inventory.json.meta,162,a7bb3ee02a7dff15847d675bfaa6e1b47aecd96d2117a4f9f51e51eb2ec91b24
06_UnityFramework/Assets/Art/HotUpdate/AnimationSource/9e5ac82f-a6bf-4ddc-b593-73402ca19872.json,843,dcd0b0d1cdb698b803dd67ba58d421e1a9bd74fa6e99cd81dc510927ebc9088b
06_UnityFramework/Assets/Art/HotUpdate/AnimationSource/9e5ac82f-a6bf-4ddc-b593-73402ca19872.json.meta,162,3799035361e8e4029d6752c3367d92f4098090888cab48160f57b79fd0ab15f4
06_UnityFramework/Assets/Art/HotUpdate/AnimationSource/b00460f7-cc4e-43f7-adba-350fc6c6bc97.json,776,9bf41a638b734bfc058403fe244067a22142d4e9b991bc240f77948207ea670d
06_UnityFramework/Assets/Art/HotUpdate/AnimationSource/b00460f7-cc4e-43f7-adba-350fc6c6bc97.json.meta,162,edfc8908c15831837feecd17c75b1fcdfe5fb06cf6db8b0a73f76892bf6e42d7
06_UnityFramework/Assets/Art/HotUpdate/AnimationSource/fc76c26f-dc4d-4612-a4c0-bd967708d216.json,399,9b4990d9b0e3a4d193e758542fe33c792b8f74162bd0b6cdc710f2acf91c16ad
06_UnityFramework/Assets/Art/HotUpdate/AnimationSource/fc76c26f-dc4d-4612-a4c0-bd967708d216.json.meta,162,54023c6d32786a88b5ed2aef9fc89eaf7f0b889096db36c3ee0e4ae338467fa7
06_UnityFramework/Assets/Art/HotUpdate/Audio/Audio/bgm_game.mp3,574952,bfc52095b0710093d5ed7a6793300ddca6bbe81fdbd510aaffcaa8a12c88c95d
06_UnityFramework/Assets/Art/HotUpdate/Audio/Audio/bgm_game.mp3.meta,162,5c7f144cbeba659dfd950010e5b0cf80250a4bd11b591ff80cdf62135cd99139
06_UnityFramework/Assets/Art/HotUpdate/Audio/Audio/ChouJiangJiangli.mp3,20739,3044168127a2563a9400c57f431494f56ecf939343a119a24cb9b10b8b7e4f3e
06_UnityFramework/Assets/Art/HotUpdate/Audio/Audio/ChouJiangJiangli.mp3.meta,162,251e73f327a271f4f9f5c08b46cf6da9fbaf3e74bf9d36353936683a754e37e4
06_UnityFramework/Assets/Art/HotUpdate/Audio/Audio/ChouJiangOpen.mp3,41935,03a824969190ac0f47d41b18193ab215228b0e2f4517e80b2cb7dfbbd18688fd
06_UnityFramework/Assets/Art/HotUpdate/Audio/Audio/ChouJiangOpen.mp3.meta,162,a04a427a5419526d2e43e5e27138504c8099f57bda62e31f7d99a8cc2238602d
06_UnityFramework/Assets/Art/HotUpdate/Audio/Audio/ChouJiangTiaoDong.mp3,5692,8509122d758837cea9cd231bf111551e2dfa198c0a58d8df249100c6c341e2b8
06_UnityFramework/Assets/Art/HotUpdate/Audio/Audio/ChouJiangTiaoDong.mp3.meta,162,3991c97061be47df60831f35f6dd2ea8f3abf374bdc5f7a48d010d55ea1b1d33
06_UnityFramework/Assets/Art/HotUpdate/Audio/Audio/click.mp3,8276,5e43392d745f64e1055560de95e3e57b5ef3927f4dcabf0c6cd43838c0c1302c
06_UnityFramework/Assets/Art/HotUpdate/Audio/Audio/click.mp3.meta,162,5b166ec791ef0148b3650ebef895e9e53fdde0e0249c42d7ccebfd49ce8a9a20
06_UnityFramework/Assets/Art/HotUpdate/Audio/Audio/collect.mp3,12539,84457d7ea95ced14b6fc4ba892941aeba8f7dae89fbfd2e8302ff5bddc86b413
06_UnityFramework/Assets/Art/HotUpdate/Audio/Audio/collect.mp3.meta,162,db4e6b37e8c9efc7ae03d5d537733857038273dffdd61834dfcc0842052bdf53
06_UnityFramework/Assets/Art/HotUpdate/Audio/Audio/fail.mp3,56421,c60229d9ba3515b46d595a80b2c73ef9f40a68b895edbb8d5b07ffd3fad0f018
06_UnityFramework/Assets/Art/HotUpdate/Audio/Audio/fail.mp3.meta,162,3661de692772cb71be4821b4744d540bee42a14914b2042a4c72b2433bdc157f
06_UnityFramework/Assets/Art/HotUpdate/Audio/Audio/fly_red_bag.mp3,21221,dc268c163b1fe6e511ceb7feb79421eeb35331983214acb6d553e9d1c81ba372
06_UnityFramework/Assets/Art/HotUpdate/Audio/Audio/fly_red_bag.mp3.meta,162,b546d430f8552567c5b8a43b4d6622ea0e9f88149e3029a4ebcbca8b7108a6a2
06_UnityFramework/Assets/Art/HotUpdate/Audio/Audio/guide_redbag_show.mp3,54720,82f176c26a64a86ed9bf334dda2896fb41a3f9c50e45f1fecbf6d881cf410f35
06_UnityFramework/Assets/Art/HotUpdate/Audio/Audio/guide_redbag_show.mp3.meta,162,6bac1a758685458c146cc25b7c90504a6fd08a7aa4a745e94c582843bb888f2d
06_UnityFramework/Assets/Art/HotUpdate/Audio/Audio/no_click.mp3,6168,962521f72350b7653ca67701722c69eebdf037aad7f139629e4349bba4a0aba2
06_UnityFramework/Assets/Art/HotUpdate/Audio/Audio/no_click.mp3.meta,162,e289b792ef125af78a7946155007ae59e67993ad2ebca05ba5daa5477f53cea7
06_UnityFramework/Assets/Art/HotUpdate/Audio/Audio/redbag_show.mp3,12577,3d023c90d6fb3baabe8e9f13e0007500cbb2d61e5ee998eb9e49468687477250
06_UnityFramework/Assets/Art/HotUpdate/Audio/Audio/redbag_show.mp3.meta,162,d2f32f0ef5001c96fbe9633afe500e9032a296c2dc405b043b1911eaeeaf46a9
06_UnityFramework/Assets/Art/HotUpdate/Audio/Audio/reward.mp3,54720,82f176c26a64a86ed9bf334dda2896fb41a3f9c50e45f1fecbf6d881cf410f35
06_UnityFramework/Assets/Art/HotUpdate/Audio/Audio/reward.mp3.meta,162,de3167bc8c5964087cc7089c613b98f83147a8492714649aa6fb45d7ca50b324
06_UnityFramework/Assets/Art/HotUpdate/Audio/Audio/sfx_bom.wav,34604,a069ca1023ac545d3f0b36e7f0b7c75590800169f2b4bacf67852638b1e75bc3
06_UnityFramework/Assets/Art/HotUpdate/Audio/Audio/sfx_bom.wav.meta,162,d2013d6a2fb19496c388e2d87dbd2bb7b2b2d229cd9551c1d8e82210e0e7b550
06_UnityFramework/Assets/Art/HotUpdate/Audio/Audio/sfx_combo_2.mp3,30302,16b2b0df1588010b2f1b3a7c2b4eeb5475b3b5f22d7dcda160ef54d2492b9869
06_UnityFramework/Assets/Art/HotUpdate/Audio/Audio/sfx_combo_2.mp3.meta,162,b076880d8cef8df84bc28e5061c753b736a7b4ac1420866868adbd84f4cbbaf5
06_UnityFramework/Assets/Art/HotUpdate/Audio/Audio/sfx_combo_3.mp3,30302,ed0b59d6d470b30e9c86b30693310b9ccd8a224d0405a1e073dc1ab3408559d1
06_UnityFramework/Assets/Art/HotUpdate/Audio/Audio/sfx_combo_3.mp3.meta,162,53220798519d6743b52ac0fe42988e10a33702965abef498d89bddf5060a6144
06_UnityFramework/Assets/Art/HotUpdate/Audio/Audio/sfx_combo_4.mp3,45975,b6336eae7958f163b58b8d259fbadb0b705e05a8271d8ceb5618a9f5c75860de
06_UnityFramework/Assets/Art/HotUpdate/Audio/Audio/sfx_combo_4.mp3.meta,162,d39bf3ce8a879b59045aee68b9d887ab5d431d915706c32ce1d744eb136a5579
06_UnityFramework/Assets/Art/HotUpdate/Audio/Audio/sfx_combo_5.mp3,59559,47ddb4a1604953c635f0e40085570db066edb04511ce61fcc9bda4a7faeb37c4
06_UnityFramework/Assets/Art/HotUpdate/Audio/Audio/sfx_combo_5.mp3.meta,162,e85f075b1113560cd743eb2a1edc0ec9db667dba6e23f81c5f232094a4d577b7
06_UnityFramework/Assets/Art/HotUpdate/Audio/Audio/sfx_merge.mp3,3988,beef071489685364bf53ef22eb5c4d783d7775fb80d3f0fbfb782b1315477a1a
06_UnityFramework/Assets/Art/HotUpdate/Audio/Audio/sfx_merge.mp3.meta,162,1feb909e79c0dbb0eae6016e1ecd3501af19b7c8dd1bcd8f06ce43039a80af82
06_UnityFramework/Assets/Art/HotUpdate/Audio/Audio/sfx_merge_2.mp3,5960,a54fb41f2573ea6a50e01529e0039dbf5dd44be206fe5b94c3e55d31020ed518
06_UnityFramework/Assets/Art/HotUpdate/Audio/Audio/sfx_merge_2.mp3.meta,162,78111dee46fc1f9bd77c3431ed4519994ac5798bbd766e31da8545faef3d164b
06_UnityFramework/Assets/Art/HotUpdate/Audio/Audio/sfx_merge_3.mp3,6584,57f913c854205b512c1de55a48bd0006ce41eed989c7d09b13215cff8039f66b
06_UnityFramework/Assets/Art/HotUpdate/Audio/Audio/sfx_merge_3.mp3.meta,162,78d9162b088c9c010179db30c39b6a29588e67c9d25d897d04839cae3ff12d33
06_UnityFramework/Assets/Art/HotUpdate/Audio/Audio/sfx_merge_4.mp3,6896,bda3f4c9f443cf845ad6cd30c50636bfb0029afb946c5e8f088ac60a1a4eaa44
06_UnityFramework/Assets/Art/HotUpdate/Audio/Audio/sfx_merge_4.mp3.meta,162,05869d49eb516c296e659250fe250aebe94587b84341d33577afb7e26c9f000e
06_UnityFramework/Assets/Art/HotUpdate/Audio/Audio/sfx_merge_5.mp3,6272,f0a42e064b66a4398573d7e92942772623e472dcb7bbafa49682e95acc903026
06_UnityFramework/Assets/Art/HotUpdate/Audio/Audio/sfx_merge_5.mp3.meta,162,70642b193c3f854033f8511faae9d06baf66b60c7403b4423c8341e14ebce26d
06_UnityFramework/Assets/Art/HotUpdate/Audio/Audio/sfx_merge_6.mp3,5960,83cd3b3990b495d9a54d424efba4cdb315ae859209d9fea2143f5995048e7985
06_UnityFramework/Assets/Art/HotUpdate/Audio/Audio/sfx_merge_6.mp3.meta,162,9ff16fcd429424504e81b6e4a77f65bf650e17b92f655d71a43d35171e687c2b
06_UnityFramework/Assets/Art/HotUpdate/Audio/Audio/sfx_merge_7.mp3,5960,83cd3b3990b495d9a54d424efba4cdb315ae859209d9fea2143f5995048e7985
06_UnityFramework/Assets/Art/HotUpdate/Audio/Audio/sfx_merge_7.mp3.meta,162,ca9f2ea970822700d8b45c2e83b5fb2d3cf6fbea50a34b23809fbb98433ff61c
06_UnityFramework/Assets/Art/HotUpdate/Audio/Audio/sfx_merge_8.mp3,5960,83cd3b3990b495d9a54d424efba4cdb315ae859209d9fea2143f5995048e7985
06_UnityFramework/Assets/Art/HotUpdate/Audio/Audio/sfx_merge_8.mp3.meta,162,b26cd4a5c2bd359aa6707eefe2a14a5068f849f6bf3cb74d2876e17cc9a2dd48
06_UnityFramework/Assets/Art/HotUpdate/Audio/Audio/success.mp3,64624,1e2f6e9ee0319221a8dd791f3ce3e7671713277f5c1c1011c994cd90000fc12e
06_UnityFramework/Assets/Art/HotUpdate/Audio/Audio/success.mp3.meta,162,3d910b266455c2120e4ec8508e9dfaab08ebf671f44c6a60e297480c7ec26462
06_UnityFramework/Assets/Art/HotUpdate/Audio/Audio/zhuangji.mp3,36029,e2507798e2c3f2a343b671b2299047c9c56910663e4b7fa8efd874b54693a8ca
06_UnityFramework/Assets/Art/HotUpdate/Audio/Audio/zhuangji.mp3.meta,162,fc18a09224e67dc931fdd7b688037e4e737f53b007d032260de13cf00421b44d
06_UnityFramework/Assets/Art/HotUpdate/Fonts/FZY4JW.ttf,3397138,7eb9d7ee6b0648b9af47e38d271b18bff1c187de768a3d95e861a01cf11e4ad7
06_UnityFramework/Assets/Art/HotUpdate/Fonts/FZY4JW.ttf.meta,333,864ef2482aab7cc9ca31fab303ad2ed6247576a444937f0031e8ea5e763c836f
06_UnityFramework/Assets/Art/HotUpdate/Native/00586a0f-c04f-4ae8-aaa9-bbf0dd807957/00586a0f-c04f-4ae8-aaa9-bbf0dd807957.3a787.png,5119,f06b2732a18c368750a1d7d7f739c843b9caece5f83df5f78a25e757248fad8b
06_UnityFramework/Assets/Art/HotUpdate/Native/00586a0f-c04f-4ae8-aaa9-bbf0dd807957/00586a0f-c04f-4ae8-aaa9-bbf0dd807957.3a787.png.meta,1153,2267fc0fddaf547ff8d9b16fb03e659d5c6c0d2f0bf30113bf3d4b0334d96829
06_UnityFramework/Assets/Art/HotUpdate/Native/0206b8c4-c6d6-4758-8ab0-6bb5c633c0bc/0206b8c4-c6d6-4758-8ab0-6bb5c633c0bc.7d2a0.atlas,554,84feff902e0d5fb5d0d56ba8891a4fed38e1c6c7cb738878790419a8c8501ecb
06_UnityFramework/Assets/Art/HotUpdate/Native/0206b8c4-c6d6-4758-8ab0-6bb5c633c0bc/0206b8c4-c6d6-4758-8ab0-6bb5c633c0bc.7d2a0.atlas.meta,162,470b76a538dba97684272269a93faf326c0a08145d02054b32502ea36986785f
06_UnityFramework/Assets/Art/HotUpdate/Native/0275e94c-56a7-410f-bd1a-fc7483f7d14a/0275e94c-56a7-410f-bd1a-fc7483f7d14a.cea68.png,82,83c9b8ce1937570a40bcedde29457a4ab7865ca1db23a46d2d68e6b1949f3c28
06_UnityFramework/Assets/Art/HotUpdate/Native/0275e94c-56a7-410f-bd1a-fc7483f7d14a/0275e94c-56a7-410f-bd1a-fc7483f7d14a.cea68.png.meta,1153,419fbddfe96009a9fe6a7b25881c9b38cc13a42149a9fbcba3913681f9f38cf0
06_UnityFramework/Assets/Art/HotUpdate/Native/02c5647f-fc1e-4497-95b2-dece47c161cd/02c5647f-fc1e-4497-95b2-dece47c161cd.6f260.png,31804,f1217995889cd0549d63b1320790730a49c5fd06276f9d2406ccf9a7a671764d
06_UnityFramework/Assets/Art/HotUpdate/Native/02c5647f-fc1e-4497-95b2-dece47c161cd/02c5647f-fc1e-4497-95b2-dece47c161cd.6f260.png.meta,1153,02258a4c07afc8f526752d29f53cb0adb3ecbb9615b293659bb3704fbadafc17
06_UnityFramework/Assets/Art/HotUpdate/Native/032fa651-550c-4dd1-afa8-de411ce244e3/032fa651-550c-4dd1-afa8-de411ce244e3.7d0c5.png,4579,fc6a73a41299f598a6a2f3ad8ac9936182b7d17c2f54ac948b293023d79d38c8
06_UnityFramework/Assets/Art/HotUpdate/Native/032fa651-550c-4dd1-afa8-de411ce244e3/032fa651-550c-4dd1-afa8-de411ce244e3.7d0c5.png.meta,1153,eca32790124cd14afdf20bc390a8b029e758e477c25972d5fac2a476fc215f23
06_UnityFramework/Assets/Art/HotUpdate/Native/03d07187-85fb-4cad-ae05-9362abe663c8/03d07187-85fb-4cad-ae05-9362abe663c8.69e88.png,7825,c42c3632a5597eb95102882f9bbbefcf28f7be6955cf53be4efacc5e5e462d92
06_UnityFramework/Assets/Art/HotUpdate/Native/03d07187-85fb-4cad-ae05-9362abe663c8/03d07187-85fb-4cad-ae05-9362abe663c8.69e88.png.meta,1153,aeb3923937e1a5872bffeb3cce716fba06e147e6a861d1ea91ad865916a8b715
06_UnityFramework/Assets/Art/HotUpdate/Native/05b3fde5-db02-48ca-8946-b589eec571ef/05b3fde5-db02-48ca-8946-b589eec571ef.3c726.png,7553,13169ce16501599fb0247e10731fd51d3a19c4e5a7c938db234be5b2e55b2147
06_UnityFramework/Assets/Art/HotUpdate/Native/05b3fde5-db02-48ca-8946-b589eec571ef/05b3fde5-db02-48ca-8946-b589eec571ef.3c726.png.meta,1153,00b303d36e9049b91f877b7544d81d4b792bf5eaae117465a0f1601364fad8ef
06_UnityFramework/Assets/Art/HotUpdate/Native/05c49007-2186-4ec9-854d-dec5e07a5742/05c49007-2186-4ec9-854d-dec5e07a5742.e8b94.mp3,20739,3044168127a2563a9400c57f431494f56ecf939343a119a24cb9b10b8b7e4f3e
06_UnityFramework/Assets/Art/HotUpdate/Native/05c49007-2186-4ec9-854d-dec5e07a5742/05c49007-2186-4ec9-854d-dec5e07a5742.e8b94.mp3.meta,162,eec8ccccba228140aac0d077c83046d4e1c60a526d454242a896227c0016d11c
06_UnityFramework/Assets/Art/HotUpdate/Native/06e98695-a200-4471-bb97-07f58b8be2cc/06e98695-a200-4471-bb97-07f58b8be2cc.2e3b3.mp3,5960,83cd3b3990b495d9a54d424efba4cdb315ae859209d9fea2143f5995048e7985
06_UnityFramework/Assets/Art/HotUpdate/Native/06e98695-a200-4471-bb97-07f58b8be2cc/06e98695-a200-4471-bb97-07f58b8be2cc.2e3b3.mp3.meta,162,0a22bcedf1a8e908194059bf9154a1f84dec88bb395d09a0d42c3bed3867efc0
06_UnityFramework/Assets/Art/HotUpdate/Native/07a56aa1-62dc-4d5a-84ff-f4e5e4119698/07a56aa1-62dc-4d5a-84ff-f4e5e4119698.26fe1.mp3,5960,a54fb41f2573ea6a50e01529e0039dbf5dd44be206fe5b94c3e55d31020ed518
06_UnityFramework/Assets/Art/HotUpdate/Native/07a56aa1-62dc-4d5a-84ff-f4e5e4119698/07a56aa1-62dc-4d5a-84ff-f4e5e4119698.26fe1.mp3.meta,162,047d83843000a93ab679dbbb165052c299ba2df7e425e7896519971778c8e72b
06_UnityFramework/Assets/Art/HotUpdate/Native/07fb0dd9-500e-4793-87d7-e1a868f6fb2c/07fb0dd9-500e-4793-87d7-e1a868f6fb2c.cd69f.png,45805,4f8198f9bcfcb6e2424351a71fa9ea17bddd76b53bc77d5ce9d88473e411c740
06_UnityFramework/Assets/Art/HotUpdate/Native/07fb0dd9-500e-4793-87d7-e1a868f6fb2c/07fb0dd9-500e-4793-87d7-e1a868f6fb2c.cd69f.png.meta,1153,e97a578ac268a8bef62227bbba8c5563899ab0d854b36a463f8abc1537fd2aab
06_UnityFramework/Assets/Art/HotUpdate/Native/085ba54c-aa68-45f1-91b8-e61799010e23/085ba54c-aa68-45f1-91b8-e61799010e23.e14ca.mp3,6896,bda3f4c9f443cf845ad6cd30c50636bfb0029afb946c5e8f088ac60a1a4eaa44
06_UnityFramework/Assets/Art/HotUpdate/Native/085ba54c-aa68-45f1-91b8-e61799010e23/085ba54c-aa68-45f1-91b8-e61799010e23.e14ca.mp3.meta,162,25dff8190fd7cfab85e68417b92f419d2d8a8b2b7614d798bc1ebacf89c23e6f
06_UnityFramework/Assets/Art/HotUpdate/Native/0abf1807-89df-4f7b-95b3-3c5724573be4/0abf1807-89df-4f7b-95b3-3c5724573be4.c5786.png,392525,860b28fbbcfa0c6d94b0617edd6c74da071d3b2c74410eaef83ff841d4c7ad97
06_UnityFramework/Assets/Art/HotUpdate/Native/0abf1807-89df-4f7b-95b3-3c5724573be4/0abf1807-89df-4f7b-95b3-3c5724573be4.c5786.png.meta,1153,cc5ed20dac6950e371801222fb91ba53f9defc95411b2a9ef4e2c90b01df7da3
06_UnityFramework/Assets/Art/HotUpdate/Native/0af43847-621b-416c-8498-c228084b3f15/0af43847-621b-416c-8498-c228084b3f15.b6771.png,162761,c9acb26f7c431fdadcd901433af24ed28bbd0ae972d768111771845756b4ef1f
06_UnityFramework/Assets/Art/HotUpdate/Native/0af43847-621b-416c-8498-c228084b3f15/0af43847-621b-416c-8498-c228084b3f15.b6771.png.meta,1153,aa703f114a7f0b7d5fee133205a0d43d3d5e2f94494b6f86bd9545b3953af122
06_UnityFramework/Assets/Art/HotUpdate/Native/0b3927c9-e887-4073-8b3b-ba5d34b5c192/0b3927c9-e887-4073-8b3b-ba5d34b5c192.961da.png,10605,0ea8c1e2d28b1358cdd028445594e24a32e82ac9bb904e6409f8397df39d13ce
06_UnityFramework/Assets/Art/HotUpdate/Native/0b3927c9-e887-4073-8b3b-ba5d34b5c192/0b3927c9-e887-4073-8b3b-ba5d34b5c192.961da.png.meta,1153,2a7f17a9e3a0abef2a6171a4ea79999fe14986e6fe8ccaf1062156978251bff5
06_UnityFramework/Assets/Art/HotUpdate/Native/0b7600cb-5235-4192-a1ab-774844baa387/0b7600cb-5235-4192-a1ab-774844baa387.5b9ec.png,10086,8567095442fad8f2f453bbe48b267d386adfb31edeadc0a8a455b140a57f512b
06_UnityFramework/Assets/Art/HotUpdate/Native/0b7600cb-5235-4192-a1ab-774844baa387/0b7600cb-5235-4192-a1ab-774844baa387.5b9ec.png.meta,1153,513540ddc3d289d6c657160599ef47d7d709ad523f1162a654ef151fe210e8b9
06_UnityFramework/Assets/Art/HotUpdate/Native/0ce0129c-f5f5-46ff-ba29-929759b228f1/0ce0129c-f5f5-46ff-ba29-929759b228f1.28bff.png,5015,9efa8d90addc1fae5023a54d5a21360c809915274efac900bbed9a58c07669b0
06_UnityFramework/Assets/Art/HotUpdate/Native/0ce0129c-f5f5-46ff-ba29-929759b228f1/0ce0129c-f5f5-46ff-ba29-929759b228f1.28bff.png.meta,1153,e1d8a3d7cd5dfedee88c55d595b90dc399c2c6d4c3c144c4270a78bd919a9b93
06_UnityFramework/Assets/Art/HotUpdate/Native/1024d1eb-68bc-4347-b0d0-b02997f2cfe3/1024d1eb-68bc-4347-b0d0-b02997f2cfe3.ac39e.png,11910,d0a97c150022a4b17c0100595bcea8531a1f16b7969b20be60f44911d6b724e8
06_UnityFramework/Assets/Art/HotUpdate/Native/1024d1eb-68bc-4347-b0d0-b02997f2cfe3/1024d1eb-68bc-4347-b0d0-b02997f2cfe3.ac39e.png.meta,1153,e14c6654dd18458b471660107f4d326eed5f7e4bb885b453243339ceb40676ad
06_UnityFramework/Assets/Art/HotUpdate/Native/1099c00c-3f12-48e9-8990-83528de1f866/1099c00c-3f12-48e9-8990-83528de1f866.c5076.png,2857,acfe0779dd7c99e458351b1b269fc858a1a7c4e04fec7a6886b88bef4420d754
06_UnityFramework/Assets/Art/HotUpdate/Native/1099c00c-3f12-48e9-8990-83528de1f866/1099c00c-3f12-48e9-8990-83528de1f866.c5076.png.meta,1153,3a87091ad5afc23c05e7766fb1bb412445d05dc761579b414fa2e3af9fb1d545
06_UnityFramework/Assets/Art/HotUpdate/Native/1202ab1c-86c6-4b8d-9b96-a68c5410fb5d/1202ab1c-86c6-4b8d-9b96-a68c5410fb5d.3523d.png,495,d447a6c2c1b7407c76fea25e626b4dc451a352212fded660dfd8421925528b1c
06_UnityFramework/Assets/Art/HotUpdate/Native/1202ab1c-86c6-4b8d-9b96-a68c5410fb5d/1202ab1c-86c6-4b8d-9b96-a68c5410fb5d.3523d.png.meta,1153,2f3b6c62c2f7b4a58d5b3e44db453994caed883d19f166fc998bd88b553c06c8
06_UnityFramework/Assets/Art/HotUpdate/Native/134da679-2588-43e1-837e-a991158df399/134da679-2588-43e1-837e-a991158df399.dcd83.png,4839,ec113695f0fe3660d55270abc2aad47470358440bb4d95c378bd8471552806a7
06_UnityFramework/Assets/Art/HotUpdate/Native/134da679-2588-43e1-837e-a991158df399/134da679-2588-43e1-837e-a991158df399.dcd83.png.meta,1153,a5f1747cc18bb5a08478888b20db4b1df336b4ab98d0b4e845dda3a801a913c3
06_UnityFramework/Assets/Art/HotUpdate/Native/13c996a9-7ce2-4605-8a55-6585c9791f06/13c996a9-7ce2-4605-8a55-6585c9791f06.c4ef6.png,2187,2b0ffd42b08c53ff3f2f96965af98cba881d18e300319288059926ec7d969009
06_UnityFramework/Assets/Art/HotUpdate/Native/13c996a9-7ce2-4605-8a55-6585c9791f06/13c996a9-7ce2-4605-8a55-6585c9791f06.c4ef6.png.meta,1153,53c5775ff9e8103677eba2e3a81aad19a1d888427d3fc3c4236ba4327668bf90
06_UnityFramework/Assets/Art/HotUpdate/Native/14b642d4-c488-4833-a289-e4e3c535d52f/14b642d4-c488-4833-a289-e4e3c535d52f.dc5a1.png,6306,af0902ca10e009165081367a375db26a31d65adccf01643b2ef1d4c1acee3c44
06_UnityFramework/Assets/Art/HotUpdate/Native/14b642d4-c488-4833-a289-e4e3c535d52f/14b642d4-c488-4833-a289-e4e3c535d52f.dc5a1.png.meta,1153,be16513935bf89d0645958d15e474e832da0105a98fcae9606730b90d35dedc2
06_UnityFramework/Assets/Art/HotUpdate/Native/14ca5528-a7d2-417d-8034-9b1c02884626/14ca5528-a7d2-417d-8034-9b1c02884626.e9634.mp3,30302,ed0b59d6d470b30e9c86b30693310b9ccd8a224d0405a1e073dc1ab3408559d1
06_UnityFramework/Assets/Art/HotUpdate/Native/14ca5528-a7d2-417d-8034-9b1c02884626/14ca5528-a7d2-417d-8034-9b1c02884626.e9634.mp3.meta,162,bfbcf811008c551257c4b549843c8e7a2561e4ae7ac995ce038c14316b5e282f
06_UnityFramework/Assets/Art/HotUpdate/Native/157696c5-4a44-4e24-999c-b234d6c5e030/157696c5-4a44-4e24-999c-b234d6c5e030.fca4b.mp3,574952,bfc52095b0710093d5ed7a6793300ddca6bbe81fdbd510aaffcaa8a12c88c95d
06_UnityFramework/Assets/Art/HotUpdate/Native/157696c5-4a44-4e24-999c-b234d6c5e030/157696c5-4a44-4e24-999c-b234d6c5e030.fca4b.mp3.meta,162,50c7963b52ea56b60cd006483e5650d442f7a74c86b0a2f3623952b0f390d317
06_UnityFramework/Assets/Art/HotUpdate/Native/157e6f05-e6a3-4262-bb24-8e3c0382fe05/157e6f05-e6a3-4262-bb24-8e3c0382fe05.6a4df.png,12136,49355260bf5b6e403cd34ea31b3c3540b7dab9a29e9091cb4a75c6f3b21ebedb
06_UnityFramework/Assets/Art/HotUpdate/Native/157e6f05-e6a3-4262-bb24-8e3c0382fe05/157e6f05-e6a3-4262-bb24-8e3c0382fe05.6a4df.png.meta,1153,7e98e1597284791878e194d5f85cd52ddcb5e978d3c10ea773fdb3b877c9b35f
06_UnityFramework/Assets/Art/HotUpdate/Native/161c2821-9062-4078-b9c6-f880bc9a5cb0/161c2821-9062-4078-b9c6-f880bc9a5cb0.0b501.png,6920,e00ef208ce4648cade989051145f3ba6050cb8d36b8b84388a45c388ac595f1e
06_UnityFramework/Assets/Art/HotUpdate/Native/161c2821-9062-4078-b9c6-f880bc9a5cb0/161c2821-9062-4078-b9c6-f880bc9a5cb0.0b501.png.meta,1153,e31bc2e1381eb4f67aa35aa95f374eb55ec367d0822bb449c857e34046a0f843
06_UnityFramework/Assets/Art/HotUpdate/Native/16a850b7-4fac-4077-b410-7c8a4868289b/16a850b7-4fac-4077-b410-7c8a4868289b.7c5c4.png,7085,d86244f0d44afe668b88314d58080469b66df11be17bd06b3f73b699bbe0eb2d
06_UnityFramework/Assets/Art/HotUpdate/Native/16a850b7-4fac-4077-b410-7c8a4868289b/16a850b7-4fac-4077-b410-7c8a4868289b.7c5c4.png.meta,1153,53e63c77ea8ec2392a057d9fd72d3950975a9c3cf42b68698ddd991a47f64b39
06_UnityFramework/Assets/Art/HotUpdate/Native/171fcd12-a0f5-4e68-a600-ac4af3fcb481/171fcd12-a0f5-4e68-a600-ac4af3fcb481.1a42d.png,148676,4446d58879577183079fc3052fdfd0b52ce06cf33ee8edf9ec9ceab9b2f5549c
06_UnityFramework/Assets/Art/HotUpdate/Native/171fcd12-a0f5-4e68-a600-ac4af3fcb481/171fcd12-a0f5-4e68-a600-ac4af3fcb481.1a42d.png.meta,1153,3210a762ded6651b400f67e28b8f24e8594cc2345b4dd1e3d7d68a2109731d25
06_UnityFramework/Assets/Art/HotUpdate/Native/18aedae7-fc02-4437-b3c3-04ec4d422e11/18aedae7-fc02-4437-b3c3-04ec4d422e11.20060.png,1112,45b061d9095e08d1e3da1cb1190ae2a24be615bfa44a3b3168eafa1f0a7f8319
06_UnityFramework/Assets/Art/HotUpdate/Native/18aedae7-fc02-4437-b3c3-04ec4d422e11/18aedae7-fc02-4437-b3c3-04ec4d422e11.20060.png.meta,1153,4334fa7231272027f5f1740c28120536181e1adc4b6df9ee5ca5b6ffc65c70a8
06_UnityFramework/Assets/Art/HotUpdate/Native/195855f3-6ce0-42df-97ad-dcde9e976f66/195855f3-6ce0-42df-97ad-dcde9e976f66.42aad.png,10468,05052beffd7b052b8564413fe426be77f1a3b9cf4ae5e4971a499448f86f5788
06_UnityFramework/Assets/Art/HotUpdate/Native/195855f3-6ce0-42df-97ad-dcde9e976f66/195855f3-6ce0-42df-97ad-dcde9e976f66.42aad.png.meta,1153,c5842c6aeb01449752e4eb4bd041a63ac46ce59acbdd09a45d80e6e2b4bd4051
06_UnityFramework/Assets/Art/HotUpdate/Native/1a6a9105-bed5-4028-9154-069bc801e6f8/1a6a9105-bed5-4028-9154-069bc801e6f8.267d9.png,91076,6347be26747a29f339ddf7504da869ef07331e3d6b71fbb1b6140661805afc03
06_UnityFramework/Assets/Art/HotUpdate/Native/1a6a9105-bed5-4028-9154-069bc801e6f8/1a6a9105-bed5-4028-9154-069bc801e6f8.267d9.png.meta,1153,99232656a03e518e7d0e67a4e6d840bb9548a9652dae8b355cc28a2ba0389afd
06_UnityFramework/Assets/Art/HotUpdate/Native/1b01c63f-6fad-4a9d-bf35-f03925583c07/1b01c63f-6fad-4a9d-bf35-f03925583c07.05571.png,15481,a99cc5957f761b036272fef7c48cc55b96dcbb6d7d209adec43d6c1ca5efecc0
06_UnityFramework/Assets/Art/HotUpdate/Native/1b01c63f-6fad-4a9d-bf35-f03925583c07/1b01c63f-6fad-4a9d-bf35-f03925583c07.05571.png.meta,1153,91cc05ea732d6785a060abf188aa3afc0b747cd754f7115cbf4fca31d9b9e834
06_UnityFramework/Assets/Art/HotUpdate/Native/1bff119b-9a15-4bc0-b0d3-851a752661eb/1bff119b-9a15-4bc0-b0d3-851a752661eb.56a41.png,9978,78b143e4cf80cab66d8bc783f7f5fb99f8d84ed6a6a559f7d8537f80483a54a6
06_UnityFramework/Assets/Art/HotUpdate/Native/1bff119b-9a15-4bc0-b0d3-851a752661eb/1bff119b-9a15-4bc0-b0d3-851a752661eb.56a41.png.meta,1153,40f305998cdb0d8bfcf0bb9d90aabec105b96e027355ccfe371f8edcfd41157f
06_UnityFramework/Assets/Art/HotUpdate/Native/1c15b816-1821-44b1-adc6-469d26fe60f5/1c15b816-1821-44b1-adc6-469d26fe60f5.fd103.png,1453,070dccec3799d3c74da902c031c376dc6c660f94fe1a919d22981175cae740f7
06_UnityFramework/Assets/Art/HotUpdate/Native/1c15b816-1821-44b1-adc6-469d26fe60f5/1c15b816-1821-44b1-adc6-469d26fe60f5.fd103.png.meta,1153,112f293ff7b4522eae37ed6cc89754d09dd44922193ed8364525ec016388958a
06_UnityFramework/Assets/Art/HotUpdate/Native/1c4c35b4-5fad-4708-af9f-187dbf70676d/1c4c35b4-5fad-4708-af9f-187dbf70676d.11ede.png,4787,563b0dd997bf6b326ed68c97d3324c4f54caafc8bb817f6611b7477d38ede474
06_UnityFramework/Assets/Art/HotUpdate/Native/1c4c35b4-5fad-4708-af9f-187dbf70676d/1c4c35b4-5fad-4708-af9f-187dbf70676d.11ede.png.meta,1153,077061f53d908d8562c77ac3725728e61edf55f585fe3ef82a15b2529580974c
06_UnityFramework/Assets/Art/HotUpdate/Native/1c96b1ef-04c0-4719-959f-4ffbddbc28be/1c96b1ef-04c0-4719-959f-4ffbddbc28be.8c871.png,7240,b1ccb25b952b78a89379e5b65efd96e4067a0c12c3ae535d8dfe403e8fb05581
06_UnityFramework/Assets/Art/HotUpdate/Native/1c96b1ef-04c0-4719-959f-4ffbddbc28be/1c96b1ef-04c0-4719-959f-4ffbddbc28be.8c871.png.meta,1153,c9f0ac1be484cbfd9b1cddb4f90e2eb11c9cbe8675203df236fa879025fd6295
06_UnityFramework/Assets/Art/HotUpdate/Native/1ec532c1-42a0-4f41-85c3-fcd74432d0ee/1ec532c1-42a0-4f41-85c3-fcd74432d0ee.25105.png,18448,9be61872ebf7aef76e5e411e64011472b545457b4f1171bb03a4c15f85bc6107
06_UnityFramework/Assets/Art/HotUpdate/Native/1ec532c1-42a0-4f41-85c3-fcd74432d0ee/1ec532c1-42a0-4f41-85c3-fcd74432d0ee.25105.png.meta,1153,744dcf2c97e1fa6a6274eedd85b793642abbb93274edb1fbd87c95ecdceb043f
06_UnityFramework/Assets/Art/HotUpdate/Native/1f3c23e4-c902-41e6-9265-c63b6cb307b2/1f3c23e4-c902-41e6-9265-c63b6cb307b2.cc717.png,11436,3b7a97d239bad5743c9e227df9d5800af4df4a43e33d9d71ea44e0c44f910720
06_UnityFramework/Assets/Art/HotUpdate/Native/1f3c23e4-c902-41e6-9265-c63b6cb307b2/1f3c23e4-c902-41e6-9265-c63b6cb307b2.cc717.png.meta,1153,50fc25bd5845e714624654587d85ef2591ee8e4f1a3628250c22934cdf1fa648
06_UnityFramework/Assets/Art/HotUpdate/Native/1fa6c8d6-2c63-47e0-a089-2fca14bce77b/1fa6c8d6-2c63-47e0-a089-2fca14bce77b.24646.png,917,63a634c9214670b953514a546804149a2def99d2ab9f5f681ed018189e309395
06_UnityFramework/Assets/Art/HotUpdate/Native/1fa6c8d6-2c63-47e0-a089-2fca14bce77b/1fa6c8d6-2c63-47e0-a089-2fca14bce77b.24646.png.meta,1153,7b8e33b60fd7fabf7fee3bc22d51c1d362b58691adcd8d846692d0e44dc62066
06_UnityFramework/Assets/Art/HotUpdate/Native/1ff8efd6-3a3a-4ae1-a672-d2465d7db4d1/1ff8efd6-3a3a-4ae1-a672-d2465d7db4d1.58b7b.png,2250,1f5d269208330b549f84edf0d97bda9979154187d12fb8cf4d572d5e11117a4a
06_UnityFramework/Assets/Art/HotUpdate/Native/1ff8efd6-3a3a-4ae1-a672-d2465d7db4d1/1ff8efd6-3a3a-4ae1-a672-d2465d7db4d1.58b7b.png.meta,1153,b4d3920e80931c8933ca12fa6a36714e05636498e908bfcf1ca1770a1259d909
06_UnityFramework/Assets/Art/HotUpdate/Native/202e7c10-4b83-40af-aed1-f7e1080ca46c/202e7c10-4b83-40af-aed1-f7e1080ca46c.4a96a.png,3782,67b40db2442e4bada4aa2fad4f1e37d2da91cceacaf88385a5bc18d000df34e8
06_UnityFramework/Assets/Art/HotUpdate/Native/202e7c10-4b83-40af-aed1-f7e1080ca46c/202e7c10-4b83-40af-aed1-f7e1080ca46c.4a96a.png.meta,1153,ac725b071bf49ad8386204015bbd1b8599d725483c78eacefb92c92b49f45b7e
06_UnityFramework/Assets/Art/HotUpdate/Native/208ca591-c94c-406b-96bf-3801afeb9982/208ca591-c94c-406b-96bf-3801afeb9982.e0904.png,3207,34d27afb1be32707e15672e1f4e88c042fd0a3f1d46c744cbd8a85a727b7ed1d
06_UnityFramework/Assets/Art/HotUpdate/Native/208ca591-c94c-406b-96bf-3801afeb9982/208ca591-c94c-406b-96bf-3801afeb9982.e0904.png.meta,1153,d09cba8efb424db0c6e07b7459152a7852599222065ab157993ad1d372cb4a58
06_UnityFramework/Assets/Art/HotUpdate/Native/20ec7624-692b-429c-964e-283df018c7ca/20ec7624-692b-429c-964e-283df018c7ca.d51a0.atlas,3321,504f2203f00a347b37c35763f9e809e58f4ab4f1941f4ee6d0e5ae23d3e11d35
06_UnityFramework/Assets/Art/HotUpdate/Native/20ec7624-692b-429c-964e-283df018c7ca/20ec7624-692b-429c-964e-283df018c7ca.d51a0.atlas.meta,162,23f850e4812a822dc0a5db5222df6396636024d6d7a00bb7ed9884962a774746
06_UnityFramework/Assets/Art/HotUpdate/Native/213c9d22-92ca-4d24-a1fb-22f599137aee/213c9d22-92ca-4d24-a1fb-22f599137aee.7194d.png,4988,05159937f96b17a6dc159818e9a921645dbd8caeb1d404e0cdab07b6ee1ef4fb
06_UnityFramework/Assets/Art/HotUpdate/Native/213c9d22-92ca-4d24-a1fb-22f599137aee/213c9d22-92ca-4d24-a1fb-22f599137aee.7194d.png.meta,1153,7ee90c8e88b19af26c063d1d6dcef552bed5760aeec88b1916b7a87707a1c727
06_UnityFramework/Assets/Art/HotUpdate/Native/21eba8b3-2304-47e7-b6bf-794759c9ad14/21eba8b3-2304-47e7-b6bf-794759c9ad14.55c26.png,11767,ce82976db616c5e1375695d279c642cb5de34550c38a0d1acdd6f5b31f92e8c0
06_UnityFramework/Assets/Art/HotUpdate/Native/21eba8b3-2304-47e7-b6bf-794759c9ad14/21eba8b3-2304-47e7-b6bf-794759c9ad14.55c26.png.meta,1153,35b7b55198c7bd46c64f7bd51a4c787f8aacf9653d5e7a08f5dd25a2f05bc4b8
06_UnityFramework/Assets/Art/HotUpdate/Native/2294695a-2276-4310-a7d0-0ff55a56b26b/2294695a-2276-4310-a7d0-0ff55a56b26b.fb15a.png,187853,2702e22acdf0cbadb177e626753313c483f4d1d6fbfafbd64819ec2f6fa08e91
06_UnityFramework/Assets/Art/HotUpdate/Native/2294695a-2276-4310-a7d0-0ff55a56b26b/2294695a-2276-4310-a7d0-0ff55a56b26b.fb15a.png.meta,1153,540d3f957d7e1b66d04cdad7c6c9ca0abae65edd72b0040f556afd2c4b1772e6
06_UnityFramework/Assets/Art/HotUpdate/Native/22f0a5aa-8ddd-4ed7-92ff-222d27980b6b/22f0a5aa-8ddd-4ed7-92ff-222d27980b6b.03054.png,5332,7ccaa9ec2d76eba47335e9aace1909e9abbb76b9776d78a33e9f73bbc29d5562
06_UnityFramework/Assets/Art/HotUpdate/Native/22f0a5aa-8ddd-4ed7-92ff-222d27980b6b/22f0a5aa-8ddd-4ed7-92ff-222d27980b6b.03054.png.meta,1153,2e7e9ce9848423114850933ff587b772189909ca2f60e2a3dfb052e2bceb4c69
06_UnityFramework/Assets/Art/HotUpdate/Native/231b9546-0e00-4adf-9f30-d91c7b1fdc2e/231b9546-0e00-4adf-9f30-d91c7b1fdc2e.0d1a9.png,7831,5ac32b7b142b09f1b7a1bd9f12b45a59018524de84106617fcae15522724e74c
06_UnityFramework/Assets/Art/HotUpdate/Native/231b9546-0e00-4adf-9f30-d91c7b1fdc2e/231b9546-0e00-4adf-9f30-d91c7b1fdc2e.0d1a9.png.meta,1153,2eab9d8fea3c1269b4e577c360737c3f68b020ca8b9521fbc33e7cba33909cbc
06_UnityFramework/Assets/Art/HotUpdate/Native/23913135-27a2-42c4-985c-0315848b12c1/23913135-27a2-42c4-985c-0315848b12c1.ddb74.png,12663,7732efcb128da37d76550c3ff50a504b22e326a9001d913abb9857b4f98063d5
06_UnityFramework/Assets/Art/HotUpdate/Native/23913135-27a2-42c4-985c-0315848b12c1/23913135-27a2-42c4-985c-0315848b12c1.ddb74.png.meta,1153,d5854c136f801beeb5691d520e06bd9f079cead0016d0b3a84d4c2d92c0345d2
06_UnityFramework/Assets/Art/HotUpdate/Native/23cb996a-b651-4bba-9f61-5f81690542b3/23cb996a-b651-4bba-9f61-5f81690542b3.6dc41.png,12005,a4c8f43b76ad9d7bf3ad912a575cfb1857883f6ee93500fd13da07e67fbc3ffb
06_UnityFramework/Assets/Art/HotUpdate/Native/23cb996a-b651-4bba-9f61-5f81690542b3/23cb996a-b651-4bba-9f61-5f81690542b3.6dc41.png.meta,1153,8f6219c292f32eeaf901e1c2471e1070f8ef3c812235266ac791c233c9810ea6
06_UnityFramework/Assets/Art/HotUpdate/Native/244ae178-ee63-4a60-a2e1-719f5125e13e/244ae178-ee63-4a60-a2e1-719f5125e13e.915c6.png,10896,5489e19b12151e01a5b90797d405c8acf6f4799b9c22c915d32cf23f0b54c8f1
06_UnityFramework/Assets/Art/HotUpdate/Native/244ae178-ee63-4a60-a2e1-719f5125e13e/244ae178-ee63-4a60-a2e1-719f5125e13e.915c6.png.meta,1153,3f6064a3977bf69c78458cbc7b87859cfc04d689a596d798aca156fb40d6fd95
06_UnityFramework/Assets/Art/HotUpdate/Native/249eecc9-01b9-4c69-854a-3152e89e6739/249eecc9-01b9-4c69-854a-3152e89e6739.fa8ee.png,147927,c33d0a9a5075a3eb56d3ee3d23553cd2513ed7a0f7ef97d58ccf9fe5d5937b8f
06_UnityFramework/Assets/Art/HotUpdate/Native/249eecc9-01b9-4c69-854a-3152e89e6739/249eecc9-01b9-4c69-854a-3152e89e6739.fa8ee.png.meta,1153,7ecd4ae1937b69bad00a5af43f67dd296770609ce1570e665f63f6e6a01a459a
06_UnityFramework/Assets/Art/HotUpdate/Native/25220b58-ed68-44d2-9fa9-7006807f8a8a/25220b58-ed68-44d2-9fa9-7006807f8a8a.ef332.png,100856,a208749d18533709e060d257d3dfb950b67eeec7db08af2755a34414967625e5
06_UnityFramework/Assets/Art/HotUpdate/Native/25220b58-ed68-44d2-9fa9-7006807f8a8a/25220b58-ed68-44d2-9fa9-7006807f8a8a.ef332.png.meta,1153,25974fbabb40a7df36b5010a55777cbe6e20fd6f38b06adf8fd75ed9cb52cbff
06_UnityFramework/Assets/Art/HotUpdate/Native/2555b6e3-ee49-4793-b603-1dbdeb19bfbb/2555b6e3-ee49-4793-b603-1dbdeb19bfbb.d7e6c.png,20149,053d6f08ed18094cc062772c7ccd92cb9a21eb9a58af6a753b3700eec138ff02
06_UnityFramework/Assets/Art/HotUpdate/Native/2555b6e3-ee49-4793-b603-1dbdeb19bfbb/2555b6e3-ee49-4793-b603-1dbdeb19bfbb.d7e6c.png.meta,1153,747e80382043d9789cdd3e0029eac48ea9c74a26226425d3ea60af3e43a02d3a
06_UnityFramework/Assets/Art/HotUpdate/Native/25621828-3796-447e-97fd-e6bce7f69077/25621828-3796-447e-97fd-e6bce7f69077.1e563.png,11041,dc00af63d64032f81f6daee938494ca823c34adac348a3cc0469a6803c4396dd
06_UnityFramework/Assets/Art/HotUpdate/Native/25621828-3796-447e-97fd-e6bce7f69077/25621828-3796-447e-97fd-e6bce7f69077.1e563.png.meta,1153,f4e606f6a576e3552d3cb0018218bc44db5e9a1ed6a4e86ccfe778bb19dece43
06_UnityFramework/Assets/Art/HotUpdate/Native/262c07ef-5987-49fc-81f0-bd059baa8aa8/262c07ef-5987-49fc-81f0-bd059baa8aa8.04ade.png,3047,ba5429423ee3797049bffe2f50a3fc7dfe57339f3754c47f6c693429fab1fc39
06_UnityFramework/Assets/Art/HotUpdate/Native/262c07ef-5987-49fc-81f0-bd059baa8aa8/262c07ef-5987-49fc-81f0-bd059baa8aa8.04ade.png.meta,1153,b199265a86fd362680193701c1d6fd3fc29ccdecd7fc005374b6f06f73083060
06_UnityFramework/Assets/Art/HotUpdate/Native/2748d4ec-0869-4507-9ca1-266c659ac73e/2748d4ec-0869-4507-9ca1-266c659ac73e.ba5fd.png,8181,d591530017dd9d3b41614e308233b48c4780d17eb9f2d68158cd6e87ab1e807f
06_UnityFramework/Assets/Art/HotUpdate/Native/2748d4ec-0869-4507-9ca1-266c659ac73e/2748d4ec-0869-4507-9ca1-266c659ac73e.ba5fd.png.meta,1153,9a678f8e4111f339745d202b6251168f118c830fc831f79278c1f9c3014f6490
06_UnityFramework/Assets/Art/HotUpdate/Native/27aeabe3-12ad-4428-a484-59cb1d17be43/27aeabe3-12ad-4428-a484-59cb1d17be43.acb6d.png,7810,140a81333a75aba7b2b2a79c333a99a82806f1b184720643a7c5cc4d3b682310
06_UnityFramework/Assets/Art/HotUpdate/Native/27aeabe3-12ad-4428-a484-59cb1d17be43/27aeabe3-12ad-4428-a484-59cb1d17be43.acb6d.png.meta,1153,7a69ecfe036f2a3137acf2504b76861d0d386602abfcb1b727ae75636a1c16b4
06_UnityFramework/Assets/Art/HotUpdate/Native/282c618c-3cdd-4dc8-a406-c85bde8f7252/282c618c-3cdd-4dc8-a406-c85bde8f7252.57928.png,6444,b84df8d67a36a2d0098e24599a026ab6165bd0aed76b2554dfa3184964929153
06_UnityFramework/Assets/Art/HotUpdate/Native/282c618c-3cdd-4dc8-a406-c85bde8f7252/282c618c-3cdd-4dc8-a406-c85bde8f7252.57928.png.meta,1153,9ef092131ab0ce5bb920bdce2797efc0f56b07d9776e3f63364447fbbf02c279
06_UnityFramework/Assets/Art/HotUpdate/Native/283b33e3-a27c-47dd-9c07-5bca8ced7297/283b33e3-a27c-47dd-9c07-5bca8ced7297.e9a15.png,75569,73d2ea952d2c48691f97146d77f38a9a9de0a1fa6ab83216347fd3f21a68da1f
06_UnityFramework/Assets/Art/HotUpdate/Native/283b33e3-a27c-47dd-9c07-5bca8ced7297/283b33e3-a27c-47dd-9c07-5bca8ced7297.e9a15.png.meta,1153,6ed791fb0c39b9e67241c6fa65b52c49cf3c23600b2631d1e30b526e8cd1a6da
06_UnityFramework/Assets/Art/HotUpdate/Native/28459be8-9921-47f8-9514-424771696d14/28459be8-9921-47f8-9514-424771696d14.5e6f4.png,5519,018476edb5d40cff265c4f13f39f8c1e8e669cfcb5cc707acd5457bbab61ee81
06_UnityFramework/Assets/Art/HotUpdate/Native/28459be8-9921-47f8-9514-424771696d14/28459be8-9921-47f8-9514-424771696d14.5e6f4.png.meta,1153,aad5ee09eb82280757a8d8c84c7fed9fdd66589efbe1a3d01105cdb349843bef
06_UnityFramework/Assets/Art/HotUpdate/Native/28b2978f-9ae0-45ca-8b2f-8609aea1b50d/28b2978f-9ae0-45ca-8b2f-8609aea1b50d.30439.png,4883,98ee2600f751d052e12e2cb77e697336a8bcbdd662bd838501f87b8854578480
06_UnityFramework/Assets/Art/HotUpdate/Native/28b2978f-9ae0-45ca-8b2f-8609aea1b50d/28b2978f-9ae0-45ca-8b2f-8609aea1b50d.30439.png.meta,1153,c8102180f48b8086779b33550ea38209aeecb5d76f20d9f95c6251b4840ca3d2
06_UnityFramework/Assets/Art/HotUpdate/Native/28e74edf-6f12-4b46-9de6-9aa02ceb097b/28e74edf-6f12-4b46-9de6-9aa02ceb097b.a5a82.png,624952,704b4da3e830484691bfe008d8421b2cce2ec8808f4e8b7696a88e05f560686f
06_UnityFramework/Assets/Art/HotUpdate/Native/28e74edf-6f12-4b46-9de6-9aa02ceb097b/28e74edf-6f12-4b46-9de6-9aa02ceb097b.a5a82.png.meta,1153,08c280272645eb55549c28a4254c8c3038406f35865a4b308197e85cf7ec5a5d
06_UnityFramework/Assets/Art/HotUpdate/Native/29f635a5-b3c4-4ca8-b981-7b968878a221/29f635a5-b3c4-4ca8-b981-7b968878a221.0623b.atlas,2315,ddf39b0b770cbe4f777e2a67beab998d8d2aee3e4aa9ce260f334aabc2a6392b
06_UnityFramework/Assets/Art/HotUpdate/Native/29f635a5-b3c4-4ca8-b981-7b968878a221/29f635a5-b3c4-4ca8-b981-7b968878a221.0623b.atlas.meta,162,99955890e2654cc45152e7db464cb61c7dbe75ce7f6fde03e7b7826a7f620171
06_UnityFramework/Assets/Art/HotUpdate/Native/2a089b0d-0c58-4852-b031-dcfb3e6aefa3/2a089b0d-0c58-4852-b031-dcfb3e6aefa3.7863b.mp3,12577,3d023c90d6fb3baabe8e9f13e0007500cbb2d61e5ee998eb9e49468687477250
06_UnityFramework/Assets/Art/HotUpdate/Native/2a089b0d-0c58-4852-b031-dcfb3e6aefa3/2a089b0d-0c58-4852-b031-dcfb3e6aefa3.7863b.mp3.meta,162,e3dcd329fe15a056a0c2a3508ba3b2b7c77947570b7878aca139600283e1cb5f
06_UnityFramework/Assets/Art/HotUpdate/Native/2a8cc108-297f-4d8f-ab9e-aca52cec7a5b/2a8cc108-297f-4d8f-ab9e-aca52cec7a5b.8351e.png,11019,f05d9e6aea92f0de2a2b0bba4a18983b5cbe2712f2d3936f9d8bceab2cf7ad94
06_UnityFramework/Assets/Art/HotUpdate/Native/2a8cc108-297f-4d8f-ab9e-aca52cec7a5b/2a8cc108-297f-4d8f-ab9e-aca52cec7a5b.8351e.png.meta,1153,c621678d212c40761540ac66764072e6a2803225db32c4ec4a844698f74a4611
06_UnityFramework/Assets/Art/HotUpdate/Native/2abbf8ea-bb4d-4558-aa6f-d1161eb704bb/2abbf8ea-bb4d-4558-aa6f-d1161eb704bb.44a83.png,11113,29c1a973561dca665b8de8b585aa60cbb4e96a4568a37e82eb4d299f1e16ea34
06_UnityFramework/Assets/Art/HotUpdate/Native/2abbf8ea-bb4d-4558-aa6f-d1161eb704bb/2abbf8ea-bb4d-4558-aa6f-d1161eb704bb.44a83.png.meta,1153,af37335fec96aaba1044d72fb6862465f5b52f3d2dd67ca95df5f75457820040
06_UnityFramework/Assets/Art/HotUpdate/Native/2b3aaf20-cfd9-4c7e-b398-7f8cef989381/2b3aaf20-cfd9-4c7e-b398-7f8cef989381.d61ef.png,4467,2a34ceedb27a38f570feeb04e80f4512cd351c0c550e5db886518ff402c48a0c
06_UnityFramework/Assets/Art/HotUpdate/Native/2b3aaf20-cfd9-4c7e-b398-7f8cef989381/2b3aaf20-cfd9-4c7e-b398-7f8cef989381.d61ef.png.meta,1153,07bbfdfd711586806fb655b7d9c3b98c5240efcd88bae2eea16bf90b45f7f464
06_UnityFramework/Assets/Art/HotUpdate/Native/2c8e6768-3b52-47e1-9f71-c6cc6a8320ff/2c8e6768-3b52-47e1-9f71-c6cc6a8320ff.22db7.png,94368,3205fba7bb65951b51522ca901111eec6251031220d4a0eea7e93e4e6be3e64c
06_UnityFramework/Assets/Art/HotUpdate/Native/2c8e6768-3b52-47e1-9f71-c6cc6a8320ff/2c8e6768-3b52-47e1-9f71-c6cc6a8320ff.22db7.png.meta,1153,01e1b8333c2c907ee856e2eddcad7b0eaab96f81f8e579c33d6087c39cf8ccc8
06_UnityFramework/Assets/Art/HotUpdate/Native/2ced43d3-8dd8-449a-860b-4e19036e105c/2ced43d3-8dd8-449a-860b-4e19036e105c.ef983.png,1255,46357c60dc4b59809faa76053daf9bd65f9ab383f140167f6460c56b56991306
06_UnityFramework/Assets/Art/HotUpdate/Native/2ced43d3-8dd8-449a-860b-4e19036e105c/2ced43d3-8dd8-449a-860b-4e19036e105c.ef983.png.meta,1153,f0f08c75a2d24106cd587097c7755fd9d63a1eed584560ae7dfaa68d9e9ef7f1
06_UnityFramework/Assets/Art/HotUpdate/Native/307e360b-615a-4831-9cdc-2eb14a810e05/307e360b-615a-4831-9cdc-2eb14a810e05.5af49.png,2426,14f44ff17e151bd8a949e33d427c84615e2d95c17d623e622b486a467f7d9cac
06_UnityFramework/Assets/Art/HotUpdate/Native/307e360b-615a-4831-9cdc-2eb14a810e05/307e360b-615a-4831-9cdc-2eb14a810e05.5af49.png.meta,1153,45298816746a47d9e02cb04aaaa9d16873b2845bbd65c85e1b5793a439532c38
06_UnityFramework/Assets/Art/HotUpdate/Native/30f4878e-f8e0-4924-a240-5305342f41d2/30f4878e-f8e0-4924-a240-5305342f41d2.a315f.png,6212,22dad7b51fa67cca9bd91fd3a9019f58d0698c8ddb6773ab0887e4f47f4d61c9
06_UnityFramework/Assets/Art/HotUpdate/Native/30f4878e-f8e0-4924-a240-5305342f41d2/30f4878e-f8e0-4924-a240-5305342f41d2.a315f.png.meta,1153,b6ad0c4f0f731f1b48bfefb73597fd26129f71c4d4665194371dee1acb23eb01
06_UnityFramework/Assets/Art/HotUpdate/Native/31bdda63-a545-4e5b-bee2-938ed30063ea/31bdda63-a545-4e5b-bee2-938ed30063ea.1fbfc.png,4347,725de285a75438c66e91c61f10521b2857b63246b39272fd0c4a504c5aa7e961
06_UnityFramework/Assets/Art/HotUpdate/Native/31bdda63-a545-4e5b-bee2-938ed30063ea/31bdda63-a545-4e5b-bee2-938ed30063ea.1fbfc.png.meta,1153,27aaecea5ac908677ef6ce2b3f36a57203c1fa7b89d82935674778a9bc051280
06_UnityFramework/Assets/Art/HotUpdate/Native/3268668c-f5d7-495e-9b9e-c0559cf58529/3268668c-f5d7-495e-9b9e-c0559cf58529.cc5f8.png,9712,d6cd9d92bb5e27d80851aecfbe4d4dad1f1bd0b2f3f01ee8547e74d41c7af344
06_UnityFramework/Assets/Art/HotUpdate/Native/3268668c-f5d7-495e-9b9e-c0559cf58529/3268668c-f5d7-495e-9b9e-c0559cf58529.cc5f8.png.meta,1153,c1fe904a55f032cdf21dd6d15ccbbe8a0e0de7c56adc6ef0be505ef1146deb5a
06_UnityFramework/Assets/Art/HotUpdate/Native/3282681f-2e78-4e43-aa07-e04daab53f87/3282681f-2e78-4e43-aa07-e04daab53f87.cadbf.mp3,30302,16b2b0df1588010b2f1b3a7c2b4eeb5475b3b5f22d7dcda160ef54d2492b9869
06_UnityFramework/Assets/Art/HotUpdate/Native/3282681f-2e78-4e43-aa07-e04daab53f87/3282681f-2e78-4e43-aa07-e04daab53f87.cadbf.mp3.meta,162,8d69574e442fd072afeba4b5a14ab10c067724384c6f4cd8d276eedf69f58750
06_UnityFramework/Assets/Art/HotUpdate/Native/32e1e60b-cfc2-4751-8f07-5537edafd904/32e1e60b-cfc2-4751-8f07-5537edafd904.5a9c3.png,21362,91424a83b225fef880b52c25dccacd364013d8a13ad6f68b4175cf4e1070964e
06_UnityFramework/Assets/Art/HotUpdate/Native/32e1e60b-cfc2-4751-8f07-5537edafd904/32e1e60b-cfc2-4751-8f07-5537edafd904.5a9c3.png.meta,1153,04ae72dbe1d6c6462c1ef213e061e4df94508f8b2725e34e45b12298989f37d6
06_UnityFramework/Assets/Art/HotUpdate/Native/3316616d-6200-49cd-9606-56461b6d4267/3316616d-6200-49cd-9606-56461b6d4267.cd460.mp3,6168,962521f72350b7653ca67701722c69eebdf037aad7f139629e4349bba4a0aba2
06_UnityFramework/Assets/Art/HotUpdate/Native/3316616d-6200-49cd-9606-56461b6d4267/3316616d-6200-49cd-9606-56461b6d4267.cd460.mp3.meta,162,c97cbc38a0f89cde283b388782442a0a58a9b5439fce428e5d6077474d532c25
06_UnityFramework/Assets/Art/HotUpdate/Native/346619c8-e3d5-409d-8788-5b36381b5c62/346619c8-e3d5-409d-8788-5b36381b5c62.19ecf.png,626827,fec6882f5aa3f624892a88367aa77bfe1733e886cceb0118b7985631a03056e1
06_UnityFramework/Assets/Art/HotUpdate/Native/346619c8-e3d5-409d-8788-5b36381b5c62/346619c8-e3d5-409d-8788-5b36381b5c62.19ecf.png.meta,1153,30c6bd0ba8a0a69a46004dfd16e0498c5edd208fdddf6878deb0d565d5897179
06_UnityFramework/Assets/Art/HotUpdate/Native/3487c262-dd08-47ad-9b00-1fe3a00c4e4a/3487c262-dd08-47ad-9b00-1fe3a00c4e4a.2e1fd.png,11131,214b11a2dc8dee5a69972c0e23fe1488f52ec052a83869788658c032635691cb
06_UnityFramework/Assets/Art/HotUpdate/Native/3487c262-dd08-47ad-9b00-1fe3a00c4e4a/3487c262-dd08-47ad-9b00-1fe3a00c4e4a.2e1fd.png.meta,1153,7864d1e206bf5ce0bf46280e7b21dbcf838675bb287dc1b2c1def0cc96a931d5
06_UnityFramework/Assets/Art/HotUpdate/Native/3511249d-972c-45fb-a8e7-dbbf1481a6aa/3511249d-972c-45fb-a8e7-dbbf1481a6aa.8eb03.png,11772,74720d4839a9c58abf6c613ffe5fd80743ec5cb51a835102752c23759f945f5c
06_UnityFramework/Assets/Art/HotUpdate/Native/3511249d-972c-45fb-a8e7-dbbf1481a6aa/3511249d-972c-45fb-a8e7-dbbf1481a6aa.8eb03.png.meta,1153,88baea4d57873aa952ea93e1584d5d7a5af4d966bb7b2e97b4ef19222bcbaf2f
06_UnityFramework/Assets/Art/HotUpdate/Native/3517b175-a829-4209-bf85-4756a1769de7/3517b175-a829-4209-bf85-4756a1769de7.338bb.png,7837,6258ad0ce83bf8b46886906ebd2f7c898aafdfea34ca72960dba28c22b22e05f
06_UnityFramework/Assets/Art/HotUpdate/Native/3517b175-a829-4209-bf85-4756a1769de7/3517b175-a829-4209-bf85-4756a1769de7.338bb.png.meta,1153,d9084a8e45855be491f5fda61f13bcf6bdc182358c397072b8a10f7e90e8bb66
06_UnityFramework/Assets/Art/HotUpdate/Native/373025c2-0472-4260-8731-2d2320f75c73/373025c2-0472-4260-8731-2d2320f75c73.d4b0c.png,5035,f2e62bd5020025bcc32a3c3fb3318982b3f0b8a75501c12a07eb4295f0ac1e06
06_UnityFramework/Assets/Art/HotUpdate/Native/373025c2-0472-4260-8731-2d2320f75c73/373025c2-0472-4260-8731-2d2320f75c73.d4b0c.png.meta,1153,aac38d5ff80321d6f6e0bd28f034ac6cf5458aaed0d4bd35f64b897cb912ea77
06_UnityFramework/Assets/Art/HotUpdate/Native/37449846-3dd5-4a6d-bde7-6b7ab558e4bd/37449846-3dd5-4a6d-bde7-6b7ab558e4bd.b00da.png,5277,909aeb18e8d0af039dcbdd8361af4648216a08d03c17e388e8de9e8b883491df
06_UnityFramework/Assets/Art/HotUpdate/Native/37449846-3dd5-4a6d-bde7-6b7ab558e4bd/37449846-3dd5-4a6d-bde7-6b7ab558e4bd.b00da.png.meta,1153,505a4fc49b57f079d1f926becff2a6b981e9ccbbb2c72a9778f46f9376ddaf97
06_UnityFramework/Assets/Art/HotUpdate/Native/37679b0b-a717-4693-ad8e-e119f9b94cc0/37679b0b-a717-4693-ad8e-e119f9b94cc0.50a8b.png,5580,28cdccf604bc317ef366e797bcfa387a0ff94f5fcca33a842dd54f25d9ae0c91
06_UnityFramework/Assets/Art/HotUpdate/Native/37679b0b-a717-4693-ad8e-e119f9b94cc0/37679b0b-a717-4693-ad8e-e119f9b94cc0.50a8b.png.meta,1153,57e25b6c287811005b49975a62aacc7f7ceeef34de016291139714d2980fa26e
06_UnityFramework/Assets/Art/HotUpdate/Native/389d314a-9283-4bf3-8486-4d08547347e4/389d314a-9283-4bf3-8486-4d08547347e4.f7314.png,6233,7b845d9dc4fb3be9c5dd74c796ac3063b27e389425f361f898be26e27f16a32b
06_UnityFramework/Assets/Art/HotUpdate/Native/389d314a-9283-4bf3-8486-4d08547347e4/389d314a-9283-4bf3-8486-4d08547347e4.f7314.png.meta,1153,23607307d2f600aca17473dff8518f7c3333bc516c08a766db4d6c19c93da65f
06_UnityFramework/Assets/Art/HotUpdate/Native/38cd33ab-e885-4820-b8ac-6740f363a073/38cd33ab-e885-4820-b8ac-6740f363a073.c50e1.png,3095,cf6a8650c2d84d4fbe75118ba9b836fc50baa62eea7bf3cd4e81021646181ef2
06_UnityFramework/Assets/Art/HotUpdate/Native/38cd33ab-e885-4820-b8ac-6740f363a073/38cd33ab-e885-4820-b8ac-6740f363a073.c50e1.png.meta,1153,82894fa79fd9cbe871d2cf9debbf76849fa99380fb7098b907a45170a9c8ecf6
06_UnityFramework/Assets/Art/HotUpdate/Native/38d9c1d5-51e6-4eef-af24-b00d9e573900/38d9c1d5-51e6-4eef-af24-b00d9e573900.61fa6.png,1123,5023cc926c8ee861e613c3ca670b82e9047b203bffc2b834605199b0a400f083
06_UnityFramework/Assets/Art/HotUpdate/Native/38d9c1d5-51e6-4eef-af24-b00d9e573900/38d9c1d5-51e6-4eef-af24-b00d9e573900.61fa6.png.meta,1153,38ace42be42a2abf8ae348b629b49d0eb94315e78c08d3c3b0405bf9425a885a
06_UnityFramework/Assets/Art/HotUpdate/Native/3945182b-8fe5-4217-9267-de38c7ec46c4/3945182b-8fe5-4217-9267-de38c7ec46c4.6c9fa.png,9170,c0d626948fdb4eed7dd7729e80c8e48db0bf5300962ccbb343a4aa02095562df
06_UnityFramework/Assets/Art/HotUpdate/Native/3945182b-8fe5-4217-9267-de38c7ec46c4/3945182b-8fe5-4217-9267-de38c7ec46c4.6c9fa.png.meta,1153,12cd2d82f96e3316da03ac7a081ab893229777f60168d86edcdbc82c9055b867
06_UnityFramework/Assets/Art/HotUpdate/Native/39921fd1-3e5b-40c0-a0ed-b445520f70db/39921fd1-3e5b-40c0-a0ed-b445520f70db.469cd.png,6584,44bc0b53eb90d0d3444bc6b75adbf69513b69e7a8aad2657bf45c07408023716
06_UnityFramework/Assets/Art/HotUpdate/Native/39921fd1-3e5b-40c0-a0ed-b445520f70db/39921fd1-3e5b-40c0-a0ed-b445520f70db.469cd.png.meta,1153,d1980f3ca8fe451041a86be3d5ba28bade45f5199f3d24b7dfaa2fdc95ba22a3
06_UnityFramework/Assets/Art/HotUpdate/Native/3b43d6d3-40ee-4db3-b178-8218db767beb/3b43d6d3-40ee-4db3-b178-8218db767beb.8a78c.png,1105,c70ba4fdff704ad53938924da7664f997a6350a11fbca7b53ad851d5ab56c375
06_UnityFramework/Assets/Art/HotUpdate/Native/3b43d6d3-40ee-4db3-b178-8218db767beb/3b43d6d3-40ee-4db3-b178-8218db767beb.8a78c.png.meta,1153,6df2bdd679f60e89ba89e62448ea018e2d379b2ca3c518dcaa97fe421aaee31f
06_UnityFramework/Assets/Art/HotUpdate/Native/3ca9c65f-89a2-44fd-9c3f-d598d2a2e011/3ca9c65f-89a2-44fd-9c3f-d598d2a2e011.338a1.png,332070,b96e16759e0c77af9e3ae1cab01c000a1949aae909a945e0c0e6906c508034c4
06_UnityFramework/Assets/Art/HotUpdate/Native/3ca9c65f-89a2-44fd-9c3f-d598d2a2e011/3ca9c65f-89a2-44fd-9c3f-d598d2a2e011.338a1.png.meta,1153,85fdc6a904735130178ebb202374650592d02eb4985805ed9167a2da0e395014
06_UnityFramework/Assets/Art/HotUpdate/Native/3cd28e45-5ac8-4769-83b0-199d011aa6b7/3cd28e45-5ac8-4769-83b0-199d011aa6b7.88e2e.png,5308,f91d0ca3a09089507abdd68814497bb8834b47b84081483f01b8f72e3af7adc0
06_UnityFramework/Assets/Art/HotUpdate/Native/3cd28e45-5ac8-4769-83b0-199d011aa6b7/3cd28e45-5ac8-4769-83b0-199d011aa6b7.88e2e.png.meta,1153,10a45d01d9103c3146b5afe69bf935fc04fca2a19d6cde7a51ade836049bf1df
06_UnityFramework/Assets/Art/HotUpdate/Native/3f35343b-ff5d-4505-a526-6dd06fdf73a4/3f35343b-ff5d-4505-a526-6dd06fdf73a4.d9be7.png,9329,aa8006b039b1725a2f66cddd0ce5f7739c06c52d832d7d3abe8242b3c8004a92
06_UnityFramework/Assets/Art/HotUpdate/Native/3f35343b-ff5d-4505-a526-6dd06fdf73a4/3f35343b-ff5d-4505-a526-6dd06fdf73a4.d9be7.png.meta,1153,7ffc8bf26043d8832bc113269cac12d70f476fd06f914b2a703efefe1b75eb19
06_UnityFramework/Assets/Art/HotUpdate/Native/3f4c189f-aea8-48b8-b6c3-d2d3f5ad322a/3f4c189f-aea8-48b8-b6c3-d2d3f5ad322a.87f98.png,9963,96683671b822b01bf6903278f6ea87730a1b03cb8df4827725e73e0f7a57e69b
06_UnityFramework/Assets/Art/HotUpdate/Native/3f4c189f-aea8-48b8-b6c3-d2d3f5ad322a/3f4c189f-aea8-48b8-b6c3-d2d3f5ad322a.87f98.png.meta,1153,f20f320f93cdb85c644b705362fb5bcd47b61273badd36968ebd77183ef72914
06_UnityFramework/Assets/Art/HotUpdate/Native/3f57e63c-eede-4494-acdc-a600143dc78e/3f57e63c-eede-4494-acdc-a600143dc78e.cb2b7.png,636,dcba3075612c33cadeb82332e7a3c572cd73d9744691de31c2a55456590b3ae9
06_UnityFramework/Assets/Art/HotUpdate/Native/3f57e63c-eede-4494-acdc-a600143dc78e/3f57e63c-eede-4494-acdc-a600143dc78e.cb2b7.png.meta,1153,967fd456438420ca532ba60f956113c8a00efc72a55ccd750664e03e3c4fe24e
06_UnityFramework/Assets/Art/HotUpdate/Native/3f909b92-f192-46e2-b6ee-cd6418d1087f/3f909b92-f192-46e2-b6ee-cd6418d1087f.56c83.png,16987,da911e3a9e3c5f35f47720b87616d885889e4fa275d4c2b256a9d314c68ff1ee
06_UnityFramework/Assets/Art/HotUpdate/Native/3f909b92-f192-46e2-b6ee-cd6418d1087f/3f909b92-f192-46e2-b6ee-cd6418d1087f.56c83.png.meta,1153,32867e5d4cb94e8e12df117a97a3c8f688481e77d29022b3fad006deedad5779
06_UnityFramework/Assets/Art/HotUpdate/Native/3f95ffbf-9305-4d7e-85ed-bb2f2a112f28/3f95ffbf-9305-4d7e-85ed-bb2f2a112f28.ccd46.png,3865,e7304a70398c13a79b05893957f3c22403ea78f713cccce28851d9d3f6eca04d
06_UnityFramework/Assets/Art/HotUpdate/Native/3f95ffbf-9305-4d7e-85ed-bb2f2a112f28/3f95ffbf-9305-4d7e-85ed-bb2f2a112f28.ccd46.png.meta,1153,d80c74c72076b47107c96117988951fc5bbd8d01d477e0df4abb81fdbb578862
06_UnityFramework/Assets/Art/HotUpdate/Native/3f9ce5c2-ec1b-4cbe-904b-96d423f5edbb/3f9ce5c2-ec1b-4cbe-904b-96d423f5edbb.16693.png,3136,d00d8d1dab35a7d20d45b299946f16c669d4eb1be3ece76fa6522c47336aea5e
06_UnityFramework/Assets/Art/HotUpdate/Native/3f9ce5c2-ec1b-4cbe-904b-96d423f5edbb/3f9ce5c2-ec1b-4cbe-904b-96d423f5edbb.16693.png.meta,1153,a2338c5f0caa5df9f315de279f15c5c5c4bf093c24ae397a8072f8bf1de1f8ff
06_UnityFramework/Assets/Art/HotUpdate/Native/3f9f2b43-ec6a-4feb-91f4-5e40219b6763/3f9f2b43-ec6a-4feb-91f4-5e40219b6763.510e1.png,12232,a1fb22a64a2b2abff3828f36a3a25adf132a69b1f604d6c0b712d2c7d0e15c1e
06_UnityFramework/Assets/Art/HotUpdate/Native/3f9f2b43-ec6a-4feb-91f4-5e40219b6763/3f9f2b43-ec6a-4feb-91f4-5e40219b6763.510e1.png.meta,1153,0804a432239f4281df8fda9785c11c85fb5be7b137252d16dea043a6a75f46b0
06_UnityFramework/Assets/Art/HotUpdate/Native/3fa8e839-89df-4cac-b289-544ed10a969f/3fa8e839-89df-4cac-b289-544ed10a969f.989c6.png,3253,ffbddbc23bd985ff567a0c12c2bfb50546a89daf75b48adc6a62b0217978e319
06_UnityFramework/Assets/Art/HotUpdate/Native/3fa8e839-89df-4cac-b289-544ed10a969f/3fa8e839-89df-4cac-b289-544ed10a969f.989c6.png.meta,1153,52137418ae0aabceef8f3f4f45ed83137902a518e88a228426934ea8d6080592
06_UnityFramework/Assets/Art/HotUpdate/Native/3fda254d-ea0d-457a-bae8-07377c89d2b4/3fda254d-ea0d-457a-bae8-07377c89d2b4.44593.png,8622,74f166e826bbe724a24dee8844b704aeecba0ecc7d2f692883000ad0b1025ab8
06_UnityFramework/Assets/Art/HotUpdate/Native/3fda254d-ea0d-457a-bae8-07377c89d2b4/3fda254d-ea0d-457a-bae8-07377c89d2b4.44593.png.meta,1153,b0b1da852a2c2d5ba2f5198bedc81200f0a3851f171c9a3ea8e50381553e85d8
06_UnityFramework/Assets/Art/HotUpdate/Native/40b93ed8-0f73-4bc3-9b75-91114c38ed2f/40b93ed8-0f73-4bc3-9b75-91114c38ed2f.0e0f2.png,14377,934ac58d874fb527b721ae80f558c529d71b42043588db7f5d8d59f80fe3948e
06_UnityFramework/Assets/Art/HotUpdate/Native/40b93ed8-0f73-4bc3-9b75-91114c38ed2f/40b93ed8-0f73-4bc3-9b75-91114c38ed2f.0e0f2.png.meta,1153,1cad6d7dee424a44b1f61c928f8d59cdd0fc574e899fd08f851ab40b0fc37cb9
06_UnityFramework/Assets/Art/HotUpdate/Native/40cb6360-12bd-4d31-8332-435df0896708/40cb6360-12bd-4d31-8332-435df0896708.b3188.png,4849,6ce23969c93c2d83597951ed472ae4f63f8ff875af1d5989a786db9647c8381a
06_UnityFramework/Assets/Art/HotUpdate/Native/40cb6360-12bd-4d31-8332-435df0896708/40cb6360-12bd-4d31-8332-435df0896708.b3188.png.meta,1153,fdad1ee8ad2bd05e931919a9479b866feaf135ec33c30fbf0849a15c56f81a24
06_UnityFramework/Assets/Art/HotUpdate/Native/41164baf-e55c-45f5-bd64-588e43f0fc19/41164baf-e55c-45f5-bd64-588e43f0fc19.fb7fe.mp3,12539,84457d7ea95ced14b6fc4ba892941aeba8f7dae89fbfd2e8302ff5bddc86b413
06_UnityFramework/Assets/Art/HotUpdate/Native/41164baf-e55c-45f5-bd64-588e43f0fc19/41164baf-e55c-45f5-bd64-588e43f0fc19.fb7fe.mp3.meta,162,28623514f7667d76bd5d44e0ee42b8c35d57734a85f1fd457bd44c0c285147d6
06_UnityFramework/Assets/Art/HotUpdate/Native/418ee8a4-e8bf-4ee0-bfdb-4da13d8f5f2b/418ee8a4-e8bf-4ee0-bfdb-4da13d8f5f2b.46b19.png,5062,78ab67a6fe62d66d814dcf7e49f3a5f39cca75a8a1c016d52b36453dc8882439
06_UnityFramework/Assets/Art/HotUpdate/Native/418ee8a4-e8bf-4ee0-bfdb-4da13d8f5f2b/418ee8a4-e8bf-4ee0-bfdb-4da13d8f5f2b.46b19.png.meta,1153,c36a7391bcb6f6198ba7d6e5dcc645db8e557404e06e86cbd66abe8f993ea7cb
06_UnityFramework/Assets/Art/HotUpdate/Native/41bf57de-ee87-4721-8c28-eb206b676673/41bf57de-ee87-4721-8c28-eb206b676673.020f3.png,8784,86fbe3b53915cf64238b36dead2672a9f03e3d5c10c324daa055496d01378e7f
06_UnityFramework/Assets/Art/HotUpdate/Native/41bf57de-ee87-4721-8c28-eb206b676673/41bf57de-ee87-4721-8c28-eb206b676673.020f3.png.meta,1153,7b2142709898e09383e2ef0e13eea391f971689f7fcc34b163b559e7c5572f0b
06_UnityFramework/Assets/Art/HotUpdate/Native/42a8c669-864f-4445-b053-862cb94d2c99/42a8c669-864f-4445-b053-862cb94d2c99.685b4.png,7424,d65fc03250b71676752ad712c351cc6b8a1c93b58a5d7e39fe74f9257eb26757
06_UnityFramework/Assets/Art/HotUpdate/Native/42a8c669-864f-4445-b053-862cb94d2c99/42a8c669-864f-4445-b053-862cb94d2c99.685b4.png.meta,1153,144b7e433d63f3c273c284dc9df8b2871b3b9bf6759db86e9553d7d7378a668f
06_UnityFramework/Assets/Art/HotUpdate/Native/433ac5ac-19be-4138-a9f6-0234a3fd7507/433ac5ac-19be-4138-a9f6-0234a3fd7507.241ca.atlas,1197,890edc07538af6c3807449230acb56ebe0def4cc6a8daeccded09d27464d9d36
06_UnityFramework/Assets/Art/HotUpdate/Native/433ac5ac-19be-4138-a9f6-0234a3fd7507/433ac5ac-19be-4138-a9f6-0234a3fd7507.241ca.atlas.meta,162,1963e03e1e0a594f6efb1a31dc6dd222debbce23e22228a5c022fa960f8c9e01
06_UnityFramework/Assets/Art/HotUpdate/Native/43945ef1-2445-4ea7-81a8-ea3eb01fb192/43945ef1-2445-4ea7-81a8-ea3eb01fb192.8bdc2.png,12823,43a98d9d510c7850a069fb92eb0c7131a71c928eea3e55738322f46d353f0721
06_UnityFramework/Assets/Art/HotUpdate/Native/43945ef1-2445-4ea7-81a8-ea3eb01fb192/43945ef1-2445-4ea7-81a8-ea3eb01fb192.8bdc2.png.meta,1153,c24a0a959a8f9f6a7dfefb1fe100ce590cc66f615c72ef0b7977514806cc7583
06_UnityFramework/Assets/Art/HotUpdate/Native/43d2761d-f0f3-4f2f-9461-8ec1411ee58a/43d2761d-f0f3-4f2f-9461-8ec1411ee58a.78d47.png,9818,e24cb37036448622decc52e784fc81eab19894d2d683f1bef0a441120beca210
06_UnityFramework/Assets/Art/HotUpdate/Native/43d2761d-f0f3-4f2f-9461-8ec1411ee58a/43d2761d-f0f3-4f2f-9461-8ec1411ee58a.78d47.png.meta,1153,b1fd14d4e3e60c86e665c4ad91dc1220c3070566311fd6a6d382a25c3705fb75
06_UnityFramework/Assets/Art/HotUpdate/Native/45cf5e2d-151e-4e91-bd8e-4d4a3486eb10/45cf5e2d-151e-4e91-bd8e-4d4a3486eb10.df1ff.png,5062,857b25bccf729a13090184e0ed9258bc8b3e79f323abee7cc34110767a378385
06_UnityFramework/Assets/Art/HotUpdate/Native/45cf5e2d-151e-4e91-bd8e-4d4a3486eb10/45cf5e2d-151e-4e91-bd8e-4d4a3486eb10.df1ff.png.meta,1153,1172d444b615fe02dc6ff9de08b04ff121200b5935e4ad6d2089806eb42d3cba
06_UnityFramework/Assets/Art/HotUpdate/Native/469a759e-7d9f-4bf9-8a1a-1ef856f0e68a/469a759e-7d9f-4bf9-8a1a-1ef856f0e68a.8dd9f.png,2042,d85d5b89605ee9ef1e74a5e932530b466d75f68ec3db6197f5c430f56902afd1
06_UnityFramework/Assets/Art/HotUpdate/Native/469a759e-7d9f-4bf9-8a1a-1ef856f0e68a/469a759e-7d9f-4bf9-8a1a-1ef856f0e68a.8dd9f.png.meta,1153,b5688737a557187fdba39418247a3f7ea93eef92974bb8dce79a82322d0eff8b
06_UnityFramework/Assets/Art/HotUpdate/Native/470aae94-de2a-4db8-a6ff-e42266a03946/470aae94-de2a-4db8-a6ff-e42266a03946.f5416.mp3,5692,8509122d758837cea9cd231bf111551e2dfa198c0a58d8df249100c6c341e2b8
06_UnityFramework/Assets/Art/HotUpdate/Native/470aae94-de2a-4db8-a6ff-e42266a03946/470aae94-de2a-4db8-a6ff-e42266a03946.f5416.mp3.meta,162,672696bb81079528b457d700f6e9150bc3328d9c941ab7dac841d88714de4574
06_UnityFramework/Assets/Art/HotUpdate/Native/47afe65f-9901-4412-9dce-ed349851d5e1/47afe65f-9901-4412-9dce-ed349851d5e1.0b6dd.mp3,6272,f0a42e064b66a4398573d7e92942772623e472dcb7bbafa49682e95acc903026
06_UnityFramework/Assets/Art/HotUpdate/Native/47afe65f-9901-4412-9dce-ed349851d5e1/47afe65f-9901-4412-9dce-ed349851d5e1.0b6dd.mp3.meta,162,cde30354006a476da25b2266ca0cd2b785d0547689a4cf0fa2aa2d7eb31c52f9
06_UnityFramework/Assets/Art/HotUpdate/Native/4815f2f6-da31-4b25-bddf-c2515ba8b24e/4815f2f6-da31-4b25-bddf-c2515ba8b24e.9731d.png,2784,6c693524c9e8aa9bd80fd9fc43b18568d6678cdf480201aa393001238f24799c
06_UnityFramework/Assets/Art/HotUpdate/Native/4815f2f6-da31-4b25-bddf-c2515ba8b24e/4815f2f6-da31-4b25-bddf-c2515ba8b24e.9731d.png.meta,1153,8c003686fc8c998dfe32fc566ecc3e261b28c243b9de24454b6d51d5f837cfba
06_UnityFramework/Assets/Art/HotUpdate/Native/48ccb66e-8407-435a-9ba9-eb9dbf4906fe/48ccb66e-8407-435a-9ba9-eb9dbf4906fe.54b7a.png,1469,60184f4f9a8cee99b11aac6c7762e6c84e93b164e9cd0f81bde43a8ffc61f6a5
06_UnityFramework/Assets/Art/HotUpdate/Native/48ccb66e-8407-435a-9ba9-eb9dbf4906fe/48ccb66e-8407-435a-9ba9-eb9dbf4906fe.54b7a.png.meta,1153,1a047977c1df43b06109272334e2edae783040c84acf22bd006eb1ce4b43ff32
06_UnityFramework/Assets/Art/HotUpdate/Native/4a43ebbe-a907-41c8-a6de-f04d358ce02c/4a43ebbe-a907-41c8-a6de-f04d358ce02c.8e1ca.png,2691,621cf16d60c035b0589320807dc799e3fe179c3b80f8b30986675df27b6e6d94
06_UnityFramework/Assets/Art/HotUpdate/Native/4a43ebbe-a907-41c8-a6de-f04d358ce02c/4a43ebbe-a907-41c8-a6de-f04d358ce02c.8e1ca.png.meta,1153,dc2fee0b7307583061d6a6e7096d2614471e248b0df3ffe153af79b7f21ecb8c
06_UnityFramework/Assets/Art/HotUpdate/Native/4a4812f3-21db-42a8-a977-e2da0caf2567/4a4812f3-21db-42a8-a977-e2da0caf2567.4d9b0.mp3,8276,5e43392d745f64e1055560de95e3e57b5ef3927f4dcabf0c6cd43838c0c1302c
06_UnityFramework/Assets/Art/HotUpdate/Native/4a4812f3-21db-42a8-a977-e2da0caf2567/4a4812f3-21db-42a8-a977-e2da0caf2567.4d9b0.mp3.meta,162,1cdf263ba29a995b1acd54d1c2fdaaa09725c7f977bdeba5714c486f13e9ca15
06_UnityFramework/Assets/Art/HotUpdate/Native/4bfc51d1-cc77-49d8-b220-c6071e3b9953/4bfc51d1-cc77-49d8-b220-c6071e3b9953.8a238.png,3410,d2bb4b9f9de1fdbf6d5179ab846d0a5198cc474d709ed7a873bab314b39eede9
06_UnityFramework/Assets/Art/HotUpdate/Native/4bfc51d1-cc77-49d8-b220-c6071e3b9953/4bfc51d1-cc77-49d8-b220-c6071e3b9953.8a238.png.meta,1153,f3775b92aae82aea7bbe8143b9720e137c706f2d405dbcff19c8f28645fd1605
06_UnityFramework/Assets/Art/HotUpdate/Native/4c919a12-6be4-42b7-ab74-2cb02843c31b/4c919a12-6be4-42b7-ab74-2cb02843c31b.de491.png,2065,d541b9ff417740febed47cda5bc35bd177916803a380c221cd132250bb13173a
06_UnityFramework/Assets/Art/HotUpdate/Native/4c919a12-6be4-42b7-ab74-2cb02843c31b/4c919a12-6be4-42b7-ab74-2cb02843c31b.de491.png.meta,1153,47f7806b7e9b83708bf2a4d6ad8f08750722a30e2b27f088c4e4b14da4d571af
06_UnityFramework/Assets/Art/HotUpdate/Native/4d617c00-0f33-436a-a76e-aaa2a595ad86/4d617c00-0f33-436a-a76e-aaa2a595ad86.64e82.png,7755,8b2b45739af1a9fe35eb833a149a03c2ed977ba82f8fcc83a4861dff7d5acae9
06_UnityFramework/Assets/Art/HotUpdate/Native/4d617c00-0f33-436a-a76e-aaa2a595ad86/4d617c00-0f33-436a-a76e-aaa2a595ad86.64e82.png.meta,1153,d38b1d2730a20f37898116525ef6748f0fb87a80b8c12642b9229f6af6837f35
06_UnityFramework/Assets/Art/HotUpdate/Native/4e9d8790-6db3-44e6-a254-53850dc123ad/4e9d8790-6db3-44e6-a254-53850dc123ad.26197.png,4827,154db7163ee72e9f038174d7791222e85163aeb3dfd47c05fbfa75ba915e6b9b
06_UnityFramework/Assets/Art/HotUpdate/Native/4e9d8790-6db3-44e6-a254-53850dc123ad/4e9d8790-6db3-44e6-a254-53850dc123ad.26197.png.meta,1153,e776b98fef2a173d23a53ebfcb814636d855a5a8b05d1fa837d0e865b03af50d
06_UnityFramework/Assets/Art/HotUpdate/Native/4f0e2e27-a383-4b64-acc3-8bf8f8b28579/4f0e2e27-a383-4b64-acc3-8bf8f8b28579.e49a1.png,4756,b9b13a34a502e38220bb9042d92a726ded60104ee073fd31b5a3b8638b75e47c
06_UnityFramework/Assets/Art/HotUpdate/Native/4f0e2e27-a383-4b64-acc3-8bf8f8b28579/4f0e2e27-a383-4b64-acc3-8bf8f8b28579.e49a1.png.meta,1153,3b2899bdb7569453498ce2034d46a459f6ab8348ba6b7247c910eb957823b117
06_UnityFramework/Assets/Art/HotUpdate/Native/504c91b3-06d2-4b2f-9107-6dcd08146cc1/504c91b3-06d2-4b2f-9107-6dcd08146cc1.786d2.png,1625,82fed88e7651d71d1d83601479dfd62a893dedf5b60603ac29d1ee60260289ba
06_UnityFramework/Assets/Art/HotUpdate/Native/504c91b3-06d2-4b2f-9107-6dcd08146cc1/504c91b3-06d2-4b2f-9107-6dcd08146cc1.786d2.png.meta,1153,76cb67b1434bff8efa01ece004c84203f89d62311bbfd9e2f4654a160659e115
06_UnityFramework/Assets/Art/HotUpdate/Native/5050cf53-c59d-4235-842b-9ac96afa3225/5050cf53-c59d-4235-842b-9ac96afa3225.5a320.png,16096,6dddd65774a24ee37b3e1a0d381d447c6902de0ecb4346147b6cf7487a6f15f3
06_UnityFramework/Assets/Art/HotUpdate/Native/5050cf53-c59d-4235-842b-9ac96afa3225/5050cf53-c59d-4235-842b-9ac96afa3225.5a320.png.meta,1153,3ff27b4004dfb6263c8471cd1b5f0f57a2f5809fada84ef8acb6c92ff2bb6230
06_UnityFramework/Assets/Art/HotUpdate/Native/510096cb-d62c-4c7e-bcf7-70ac5edd3e82/510096cb-d62c-4c7e-bcf7-70ac5edd3e82.1e0b0.png,48362,004a9819076bcb06db08b6a036dc022e5fdca2dfc0fdf821a8a45738a9c886f0
06_UnityFramework/Assets/Art/HotUpdate/Native/510096cb-d62c-4c7e-bcf7-70ac5edd3e82/510096cb-d62c-4c7e-bcf7-70ac5edd3e82.1e0b0.png.meta,1153,2d96ffb2b9f2d5175b07006f69f759a1bebc1cf971f06c959e84b1fc56cdf71c
06_UnityFramework/Assets/Art/HotUpdate/Native/517750e5-b25f-4b3a-8b96-4d590127ca85/517750e5-b25f-4b3a-8b96-4d590127ca85.b7efb.png,293446,a73ab79d1e237c4069e3a82dda26d7c5d8ba8f5e9a2d47f7e75ec0cf15537471
06_UnityFramework/Assets/Art/HotUpdate/Native/517750e5-b25f-4b3a-8b96-4d590127ca85/517750e5-b25f-4b3a-8b96-4d590127ca85.b7efb.png.meta,1153,a3c71e8aa60ed977f191aa37f26179a4ca3bbd5c3e79de7c29798c84bd172351
06_UnityFramework/Assets/Art/HotUpdate/Native/517dd422-aa9a-4f29-afea-7d2a24a3dd62/517dd422-aa9a-4f29-afea-7d2a24a3dd62.b0fc0.png,31137,d8cf79519adef07be522e306bb5648f7f1c8aae221f311ba2e3a77912f656fa1
06_UnityFramework/Assets/Art/HotUpdate/Native/517dd422-aa9a-4f29-afea-7d2a24a3dd62/517dd422-aa9a-4f29-afea-7d2a24a3dd62.b0fc0.png.meta,1153,d24a4861159778c1f3eae94d848b4bc7a11785792024ea6ec8fd57fa971155bb
06_UnityFramework/Assets/Art/HotUpdate/Native/5203aceb-68f1-4753-9a75-a5a2b774c8e5/5203aceb-68f1-4753-9a75-a5a2b774c8e5.1ac99.png,11379,e245df5ddae5bfd7f88f2bee22ac361d8d577f2b317ec2f8bb75fa9dba50728d
06_UnityFramework/Assets/Art/HotUpdate/Native/5203aceb-68f1-4753-9a75-a5a2b774c8e5/5203aceb-68f1-4753-9a75-a5a2b774c8e5.1ac99.png.meta,1153,469fb3a7ce4875be1651a173373e501bfaab7b5fe4dcbc9827931b2f0aa9f2f2
06_UnityFramework/Assets/Art/HotUpdate/Native/5333626d-8920-4e3a-adca-3551ed60d1d9/5333626d-8920-4e3a-adca-3551ed60d1d9.c0fd7.png,5790,0f3d20a3ca24d263111292b3e88acd206f2270ca50d504f5f26b36c4e214bc23
06_UnityFramework/Assets/Art/HotUpdate/Native/5333626d-8920-4e3a-adca-3551ed60d1d9/5333626d-8920-4e3a-adca-3551ed60d1d9.c0fd7.png.meta,1153,6f250fbf70d88308fa769344b66212cd0f767622a72ae26ad5975d7375b44242
06_UnityFramework/Assets/Art/HotUpdate/Native/5385907d-a913-470b-b47a-22903cc7bb41/5385907d-a913-470b-b47a-22903cc7bb41.97b3a.png,6993,e9b47fabbf631ab69a151bb27eb3f3b71e137348349df56b08d131d59e9a59ab
06_UnityFramework/Assets/Art/HotUpdate/Native/5385907d-a913-470b-b47a-22903cc7bb41/5385907d-a913-470b-b47a-22903cc7bb41.97b3a.png.meta,1153,fbef4cac9326799c60ac56bd6d99e5c90834f4a831700c55fbe8db5f040fc31e
06_UnityFramework/Assets/Art/HotUpdate/Native/53c78abd-ac1e-4f54-9531-ec266c6de6ac/53c78abd-ac1e-4f54-9531-ec266c6de6ac.eb05a.png,673027,a1c7d192982704f5ce3e4b027831dde84b14f17e024248a0ba2c681e5c5c4603
06_UnityFramework/Assets/Art/HotUpdate/Native/53c78abd-ac1e-4f54-9531-ec266c6de6ac/53c78abd-ac1e-4f54-9531-ec266c6de6ac.eb05a.png.meta,1153,5713ababa4622fa51bc6d9bcf509ef8b405fdc81b7068fd3aca29c5b6cf2bc80
06_UnityFramework/Assets/Art/HotUpdate/Native/551080c3-bdf3-49bc-966b-fe19eeb66e8d/551080c3-bdf3-49bc-966b-fe19eeb66e8d.17dfc.png,5718,77174fda569d033607f922cf1f697f8e4082dce5ca8bd56b62bb5cf7f21a509e
06_UnityFramework/Assets/Art/HotUpdate/Native/551080c3-bdf3-49bc-966b-fe19eeb66e8d/551080c3-bdf3-49bc-966b-fe19eeb66e8d.17dfc.png.meta,1153,30f73dc29fa77a3759dbd120e0f6a6b3300d9d4449d4de4f9e439204e27070a9
06_UnityFramework/Assets/Art/HotUpdate/Native/555482e6-8fb9-44ed-a19c-3621ee75c04d/555482e6-8fb9-44ed-a19c-3621ee75c04d.2b902.png,21025,ca6ec48a02d1dcbb235cb09d46f01ed7739a7c08015794e9ed04de30ec9ad02d
06_UnityFramework/Assets/Art/HotUpdate/Native/555482e6-8fb9-44ed-a19c-3621ee75c04d/555482e6-8fb9-44ed-a19c-3621ee75c04d.2b902.png.meta,1153,a4a10a4cfb82d72567f423fe1e596f07ccb0b2762bd4ca8500d33e28a69040e6
06_UnityFramework/Assets/Art/HotUpdate/Native/5723193f-b78b-4fc0-92da-ea95409e503d/5723193f-b78b-4fc0-92da-ea95409e503d.381cd.png,8939,0f507960e26d106cbcf91c4ae11a33acde17abbf883b8abd43ad4ec9e4c94fb1
06_UnityFramework/Assets/Art/HotUpdate/Native/5723193f-b78b-4fc0-92da-ea95409e503d/5723193f-b78b-4fc0-92da-ea95409e503d.381cd.png.meta,1153,a3b62a2cf61270baac601573486715e7d30b392f9b68c5c47534ff4a25fcaa87
06_UnityFramework/Assets/Art/HotUpdate/Native/574a34ad-c32a-4215-af1e-df8701ae5e6f/574a34ad-c32a-4215-af1e-df8701ae5e6f.11c1e.png,4608,943033315b80415929344af5e24b50e2ceacbd07c211a003ee623c8e1571e13d
06_UnityFramework/Assets/Art/HotUpdate/Native/574a34ad-c32a-4215-af1e-df8701ae5e6f/574a34ad-c32a-4215-af1e-df8701ae5e6f.11c1e.png.meta,1153,c52f36e90051fdf28bb9cb3e50f3b3e4ec2bc8066f8d98c3759230ea7bcaf5a1
06_UnityFramework/Assets/Art/HotUpdate/Native/581699ae-73ba-45bb-8d3f-f01341d4dccb/581699ae-73ba-45bb-8d3f-f01341d4dccb.755f8.png,198116,1c35988a82f17f9716c47b79c15e8f45a41210e4a82284ea259f6f5f05ba9081
06_UnityFramework/Assets/Art/HotUpdate/Native/581699ae-73ba-45bb-8d3f-f01341d4dccb/581699ae-73ba-45bb-8d3f-f01341d4dccb.755f8.png.meta,1153,689cda2b545e3a958aaaccf4bfc7dfa6f4acb20753da9277168dda60b0d87bfd
06_UnityFramework/Assets/Art/HotUpdate/Native/58dcac4f-a94f-4362-982e-d1bd2cf45a60/58dcac4f-a94f-4362-982e-d1bd2cf45a60.38373.png,3430,8c453d5cc9d6136e925e7a776b4cd46e17e8a91297dca1b904efc2333366fdfa
06_UnityFramework/Assets/Art/HotUpdate/Native/58dcac4f-a94f-4362-982e-d1bd2cf45a60/58dcac4f-a94f-4362-982e-d1bd2cf45a60.38373.png.meta,1153,3c27c1d92a205acc6cfa71cf4808b8a7c3ceb46e876394f739aba455b59ff25f
06_UnityFramework/Assets/Art/HotUpdate/Native/5963ed4a-dd82-4b29-84f1-5d26b0a9211e/5963ed4a-dd82-4b29-84f1-5d26b0a9211e.84cee.png,5882,60aa90ebb061288072158db342e7ef1e69535203094ee9b16391cab46610dea6
06_UnityFramework/Assets/Art/HotUpdate/Native/5963ed4a-dd82-4b29-84f1-5d26b0a9211e/5963ed4a-dd82-4b29-84f1-5d26b0a9211e.84cee.png.meta,1153,e61c12a7b7594653007f3367e0b8fac30d59e0c4583e71a1fa07651e410682f9
06_UnityFramework/Assets/Art/HotUpdate/Native/5966bc66-96d7-4003-8144-ab74b0809de4/5966bc66-96d7-4003-8144-ab74b0809de4.e689d.png,36736,4df5209a4ff8e8e38ed307b6e94d00b24107f57232d14751058f5ea83cc8ca5d
06_UnityFramework/Assets/Art/HotUpdate/Native/5966bc66-96d7-4003-8144-ab74b0809de4/5966bc66-96d7-4003-8144-ab74b0809de4.e689d.png.meta,1153,041ec34cfade50082f812e9644911d7a8899a9e1898fe79457d5127bace26b98
06_UnityFramework/Assets/Art/HotUpdate/Native/59d7a375-30a4-4658-ab58-e8148c79ab2c/59d7a375-30a4-4658-ab58-e8148c79ab2c.77532.png,12008,5a5f379240267dd4475ce72b94b30e9fa8629a7e3287dc3583b07aed0cc609e4
06_UnityFramework/Assets/Art/HotUpdate/Native/59d7a375-30a4-4658-ab58-e8148c79ab2c/59d7a375-30a4-4658-ab58-e8148c79ab2c.77532.png.meta,1153,830b548ef30382881a3d65aebfcc70bfc215dce8a5bfd619c2999f8f70b500db
06_UnityFramework/Assets/Art/HotUpdate/Native/5ace1a10-bfdf-41ad-a766-34ed98c5eca9/5ace1a10-bfdf-41ad-a766-34ed98c5eca9.03759.png,5293,4fe09c81af6913bbf8d706c762d4dbf36fc9c78c9b908a445bddb3cb778705b1
06_UnityFramework/Assets/Art/HotUpdate/Native/5ace1a10-bfdf-41ad-a766-34ed98c5eca9/5ace1a10-bfdf-41ad-a766-34ed98c5eca9.03759.png.meta,1153,9126cdf5357739239a72dcef4cab0e035972b26db7a8df3570e8858fe61ad292
06_UnityFramework/Assets/Art/HotUpdate/Native/5ba239c4-494b-4272-845f-72f93b88305c/5ba239c4-494b-4272-845f-72f93b88305c.f138d.png,20027,7e858a732fe84507b58a5170b6911024b8e6c26a96ab6fb720eed7c8e6099091
06_UnityFramework/Assets/Art/HotUpdate/Native/5ba239c4-494b-4272-845f-72f93b88305c/5ba239c4-494b-4272-845f-72f93b88305c.f138d.png.meta,1153,53fd4c276c13696b3e1d1deb728baf9d7651c3c6440109f903df653717967ed0
06_UnityFramework/Assets/Art/HotUpdate/Native/5bc34550-f067-44f0-bd74-d3ecfa00248f/5bc34550-f067-44f0-bd74-d3ecfa00248f.28af9.png,12235,35568fb493042c1ef12a526c4c5e947056f9cb8f24eba96b263fda55aed2cc0e
06_UnityFramework/Assets/Art/HotUpdate/Native/5bc34550-f067-44f0-bd74-d3ecfa00248f/5bc34550-f067-44f0-bd74-d3ecfa00248f.28af9.png.meta,1153,6717065ef478e97da8767f57bdab53ca9ad5079027b2dfd991a6233c193bf3a1
06_UnityFramework/Assets/Art/HotUpdate/Native/5c52a940-fc70-4012-a29d-8869bade96a6/5c52a940-fc70-4012-a29d-8869bade96a6.4c12f.png,4882,ed70a5a4643e96edd811da8ee97dd73be31f5ed4e64fe3b53c85bd934b1b0012
06_UnityFramework/Assets/Art/HotUpdate/Native/5c52a940-fc70-4012-a29d-8869bade96a6/5c52a940-fc70-4012-a29d-8869bade96a6.4c12f.png.meta,1153,c58547458f499e08b9b60563d379bc752319602d961b2d2b38699547070baa80
06_UnityFramework/Assets/Art/HotUpdate/Native/5cdcd9b5-04e2-4ed3-841b-ebfda86c19b1/5cdcd9b5-04e2-4ed3-841b-ebfda86c19b1.1cf8d.png,5200,f2998f97831763a6d0ee90d7c9353641d99f35ce4044f98c5da4228e502481a1
06_UnityFramework/Assets/Art/HotUpdate/Native/5cdcd9b5-04e2-4ed3-841b-ebfda86c19b1/5cdcd9b5-04e2-4ed3-841b-ebfda86c19b1.1cf8d.png.meta,1153,a98f762650b30d875c8b93fd97c67d79c8dfe05a607475ef5ed029b7d66c1064
06_UnityFramework/Assets/Art/HotUpdate/Native/5d27aeb7-82bf-4647-bdb5-dd316ac7deb8/5d27aeb7-82bf-4647-bdb5-dd316ac7deb8.45647.png,1925,255baa7210c0c17edc9262ad845bf81ae9dc4cc36662f10a0a2bf0f7611dbcdf
06_UnityFramework/Assets/Art/HotUpdate/Native/5d27aeb7-82bf-4647-bdb5-dd316ac7deb8/5d27aeb7-82bf-4647-bdb5-dd316ac7deb8.45647.png.meta,1153,d6d343d1a04635b2fdfe1a0eac6e9ea4acb0a2bc2a7e3a9abb20a66b569644f7
06_UnityFramework/Assets/Art/HotUpdate/Native/5d4c7052-40f2-435c-b1e9-9b6d41d13b74/5d4c7052-40f2-435c-b1e9-9b6d41d13b74.7a4b1.png,73962,654ec13db39fa71e3c92aaee7f1a0b0562df30c1eb40543ac21f5ffd46a5f30c
06_UnityFramework/Assets/Art/HotUpdate/Native/5d4c7052-40f2-435c-b1e9-9b6d41d13b74/5d4c7052-40f2-435c-b1e9-9b6d41d13b74.7a4b1.png.meta,1153,0b878c9456a21c159df00ecf91731e6b7d9440bafb780f3738ef92d2b981e934
06_UnityFramework/Assets/Art/HotUpdate/Native/600301aa-3357-4a10-b086-84f011fa32ba/600301aa-3357-4a10-b086-84f011fa32ba.c3a3a.png,7518,2e96e6cfa06188f02c7dfac41b9e9e022a99f29a1a94a188ccae29db3bcdb327
06_UnityFramework/Assets/Art/HotUpdate/Native/600301aa-3357-4a10-b086-84f011fa32ba/600301aa-3357-4a10-b086-84f011fa32ba.c3a3a.png.meta,1153,16bcea8dc7275354f11f86391287893c01a836237ce816c45e559b3d263ce97c
06_UnityFramework/Assets/Art/HotUpdate/Native/61e82c2b-e52d-4fe6-aebc-ac56a9d39968/61e82c2b-e52d-4fe6-aebc-ac56a9d39968.91b3a.mp3,64624,1e2f6e9ee0319221a8dd791f3ce3e7671713277f5c1c1011c994cd90000fc12e
06_UnityFramework/Assets/Art/HotUpdate/Native/61e82c2b-e52d-4fe6-aebc-ac56a9d39968/61e82c2b-e52d-4fe6-aebc-ac56a9d39968.91b3a.mp3.meta,162,9f136630fec4768181626019078158028ecd0825b2f6b6612cb05bb85e1b471e
06_UnityFramework/Assets/Art/HotUpdate/Native/62205896-c983-4527-8ef9-26badc20fd20/62205896-c983-4527-8ef9-26badc20fd20.f3aaa.png,7307,993ffe56feef6fd8e947d974e79ee5024c84f835c00d5d647f40dc1607d306ee
06_UnityFramework/Assets/Art/HotUpdate/Native/62205896-c983-4527-8ef9-26badc20fd20/62205896-c983-4527-8ef9-26badc20fd20.f3aaa.png.meta,1153,bd0e50063b5f2eddc9bccfc28bf575a7f678f899f29b5aff9e7dae4ba197f2c1
06_UnityFramework/Assets/Art/HotUpdate/Native/62e12a2a-fbe5-412f-9bf4-c8e85c7fbead/62e12a2a-fbe5-412f-9bf4-c8e85c7fbead.3a2fb.png,3355,819cc3b6d36836008045376b0a76560bec87dabc7f573d5ba552c0438d6b85d6
06_UnityFramework/Assets/Art/HotUpdate/Native/62e12a2a-fbe5-412f-9bf4-c8e85c7fbead/62e12a2a-fbe5-412f-9bf4-c8e85c7fbead.3a2fb.png.meta,1153,2851308098e3485e60ad704068ea7624a44ad91166d6d85a3d153b5bf482a39b
06_UnityFramework/Assets/Art/HotUpdate/Native/62f14cbc-3936-4775-9ea1-7f66bdd29ca3/62f14cbc-3936-4775-9ea1-7f66bdd29ca3.6b37d.png,5021,759dd56a12f60897a6cd8435c386322e580deaca5a9c845ad1d218301a8f4d81
06_UnityFramework/Assets/Art/HotUpdate/Native/62f14cbc-3936-4775-9ea1-7f66bdd29ca3/62f14cbc-3936-4775-9ea1-7f66bdd29ca3.6b37d.png.meta,1153,b23c20e2f86cafc5f9dac11e60d8f619dda54bd10567afd9d7aa92422b9504c1
06_UnityFramework/Assets/Art/HotUpdate/Native/633fb845-39be-4c96-8467-36585dc85222/633fb845-39be-4c96-8467-36585dc85222.f6f81.png,1931,9a4890cb7103c30c47e273d887515901c4977b6b219ac9cfb819cdc136411c21
06_UnityFramework/Assets/Art/HotUpdate/Native/633fb845-39be-4c96-8467-36585dc85222/633fb845-39be-4c96-8467-36585dc85222.f6f81.png.meta,1153,02e3a4b93aa8893f4dcf43733eb55fd4bee69348cac867fdfbd18857d0cc581a
06_UnityFramework/Assets/Art/HotUpdate/Native/638d2abc-b04d-4543-aa98-9d4587f3d92e/638d2abc-b04d-4543-aa98-9d4587f3d92e.146f4.png,937,25dbe5e5935480f42b48e9a07b819d9a1f5bf3001a8ad6aef6ce1b535b0644eb
06_UnityFramework/Assets/Art/HotUpdate/Native/638d2abc-b04d-4543-aa98-9d4587f3d92e/638d2abc-b04d-4543-aa98-9d4587f3d92e.146f4.png.meta,1153,28879d484be3043dd2fcea066107e62997eb57cc8d43347cab578a1bd0f25954
06_UnityFramework/Assets/Art/HotUpdate/Native/63c8f810-282c-4bb3-b9a3-5ddb3f7a120f/63c8f810-282c-4bb3-b9a3-5ddb3f7a120f.9ad3a.png,2473,ab8e76095abf071c694b071b0532eadaf5db5642cd64c97dac7de1a523326fa5
06_UnityFramework/Assets/Art/HotUpdate/Native/63c8f810-282c-4bb3-b9a3-5ddb3f7a120f/63c8f810-282c-4bb3-b9a3-5ddb3f7a120f.9ad3a.png.meta,1153,d8379ce885e069f235c7478995f10fbd2ed82630e07aa914d218abda1ad4e906
06_UnityFramework/Assets/Art/HotUpdate/Native/6403248e-0a19-48ad-bc9c-d8143487ff77/6403248e-0a19-48ad-bc9c-d8143487ff77.4d8dc.png,9759,5c1f9c2fbf5a6f7777a5e03f3c7ff860f5d98f26e18808faa09a7c79de277840
06_UnityFramework/Assets/Art/HotUpdate/Native/6403248e-0a19-48ad-bc9c-d8143487ff77/6403248e-0a19-48ad-bc9c-d8143487ff77.4d8dc.png.meta,1153,7892180b625c6522f44cf9ee6b86586b78b50b6d730ef87042015bfad9a2ed12
06_UnityFramework/Assets/Art/HotUpdate/Native/6491c232-7ee7-4a36-892f-a9273b263bc1/6491c232-7ee7-4a36-892f-a9273b263bc1.46426.png,10718,83a11a9a590aed38bc73b6217ae1e4a2b7c5b0c9890c4b3a3cfa0ca481a2a098
06_UnityFramework/Assets/Art/HotUpdate/Native/6491c232-7ee7-4a36-892f-a9273b263bc1/6491c232-7ee7-4a36-892f-a9273b263bc1.46426.png.meta,1153,c3b7da083630115a88e46853c3a1071a503ba37f1cb56866cde31032a140ba0f
06_UnityFramework/Assets/Art/HotUpdate/Native/64b2f1d4-4b0a-485e-a37a-0256a65ef785/FZY4JW.ttf,3397138,7eb9d7ee6b0648b9af47e38d271b18bff1c187de768a3d95e861a01cf11e4ad7
06_UnityFramework/Assets/Art/HotUpdate/Native/64b2f1d4-4b0a-485e-a37a-0256a65ef785/FZY4JW.ttf.meta,333,3add082772cf5151dfe2a4de70a7c498fcfe05b835fc231739d793624dcabef0
06_UnityFramework/Assets/Art/HotUpdate/Native/6602142f-c826-499b-acb4-e9ad00db1073/6602142f-c826-499b-acb4-e9ad00db1073.9ee81.png,3248,c70d79362846f41d76e317572947f61b70afee702b63372eecda5e9f300708bf
06_UnityFramework/Assets/Art/HotUpdate/Native/6602142f-c826-499b-acb4-e9ad00db1073/6602142f-c826-499b-acb4-e9ad00db1073.9ee81.png.meta,1153,fd702e4e2b9f4fad07ae82000243ab7d0403e5f0909fc800c4ae297485402a8f
06_UnityFramework/Assets/Art/HotUpdate/Native/66220788-a230-46ec-9506-3dcccd8ed975/66220788-a230-46ec-9506-3dcccd8ed975.9286d.png,9833,1eae5bb85418c646ba151d382cb1074957017fcfd247c6ed2f2d7493224c376f
06_UnityFramework/Assets/Art/HotUpdate/Native/66220788-a230-46ec-9506-3dcccd8ed975/66220788-a230-46ec-9506-3dcccd8ed975.9286d.png.meta,1153,3fef84028cf67f04a601a6a5bde9ec0140864d0efcb2f3f15b24fe799e9c7c06
06_UnityFramework/Assets/Art/HotUpdate/Native/6624ebc9-9afe-486d-896e-e1425e6d6cbf/6624ebc9-9afe-486d-896e-e1425e6d6cbf.035cb.png,89715,2eb36b17f272cbcdae787b555c90613cb22b5d0580bbb52c842082194c6eaf91
06_UnityFramework/Assets/Art/HotUpdate/Native/6624ebc9-9afe-486d-896e-e1425e6d6cbf/6624ebc9-9afe-486d-896e-e1425e6d6cbf.035cb.png.meta,1153,03ba3f0a996a88cb5703eb753c7fd4bb0f08d00d2ddbb58cd1b32f958c25934d
06_UnityFramework/Assets/Art/HotUpdate/Native/671ba69c-3366-4d9c-85c5-26243f904ada/671ba69c-3366-4d9c-85c5-26243f904ada.a31ee.png,5294,781c22a9ffc9cde351322f0a0cc0e3f4f79c4b700135611341c0616768bc594d
06_UnityFramework/Assets/Art/HotUpdate/Native/671ba69c-3366-4d9c-85c5-26243f904ada/671ba69c-3366-4d9c-85c5-26243f904ada.a31ee.png.meta,1153,65860638e461429e4cd9322ee2cd830fdbe6a792983dad9d80253ad7937fb008
06_UnityFramework/Assets/Art/HotUpdate/Native/688fe675-312c-4ef9-b79f-95119c346064/688fe675-312c-4ef9-b79f-95119c346064.e9be1.png,76905,23e165d076bf1855abfa19464351c654a3561e80f7e30b0faa21f0700798f7a1
06_UnityFramework/Assets/Art/HotUpdate/Native/688fe675-312c-4ef9-b79f-95119c346064/688fe675-312c-4ef9-b79f-95119c346064.e9be1.png.meta,1153,dda60f3fcee370c258920b57ea1850bbf8d445231de65c132964e6e0d9db1e6c
06_UnityFramework/Assets/Art/HotUpdate/Native/696ae94a-2fb3-4ef4-9446-e0bf67056be1/696ae94a-2fb3-4ef4-9446-e0bf67056be1.e03f8.png,5362,87bd31ab5e5d0e37708528e16c67c088bd354c69818992f2a406038a6a551510
06_UnityFramework/Assets/Art/HotUpdate/Native/696ae94a-2fb3-4ef4-9446-e0bf67056be1/696ae94a-2fb3-4ef4-9446-e0bf67056be1.e03f8.png.meta,1153,a8ec80e634bb42d02428abc6d55b9544d696767db4e87097dfca3245bfc53670
06_UnityFramework/Assets/Art/HotUpdate/Native/6ab89565-9d79-423d-bb9a-62970dba6e13/6ab89565-9d79-423d-bb9a-62970dba6e13.e4c2c.png,2224,422a1bf67007900db49caa6be95ad9da0b7d45058b7681414e47a2cd201901c0
06_UnityFramework/Assets/Art/HotUpdate/Native/6ab89565-9d79-423d-bb9a-62970dba6e13/6ab89565-9d79-423d-bb9a-62970dba6e13.e4c2c.png.meta,1153,b97883565bdf613dcce879cca197fa52f08141d70f1b96b83a8e993541cc5f28
06_UnityFramework/Assets/Art/HotUpdate/Native/6dfee150-bd0f-40cc-8f1c-2da8e8a9df39/6dfee150-bd0f-40cc-8f1c-2da8e8a9df39.1afcf.png,33083,0f74f6a8a68c8687c2b4488b5e05692c3cedb46e410b436fac6719d56aefde62
06_UnityFramework/Assets/Art/HotUpdate/Native/6dfee150-bd0f-40cc-8f1c-2da8e8a9df39/6dfee150-bd0f-40cc-8f1c-2da8e8a9df39.1afcf.png.meta,1153,d475e0740a84cf72cdc3a75ec55a5fe190e7a2255f603223f3061da333aa7734
06_UnityFramework/Assets/Art/HotUpdate/Native/6e1e97a0-c4e9-458f-a207-5e406af79b6f/6e1e97a0-c4e9-458f-a207-5e406af79b6f.3455c.png,73968,fad5cc979824cc7c81dcd740670a636e0d7c92421826dc38f1b9c612c27288d7
06_UnityFramework/Assets/Art/HotUpdate/Native/6e1e97a0-c4e9-458f-a207-5e406af79b6f/6e1e97a0-c4e9-458f-a207-5e406af79b6f.3455c.png.meta,1153,1a64057a55c5b0051c83628f85bc0756b7ab09133423df8924e6d1bc94642a2c
06_UnityFramework/Assets/Art/HotUpdate/Native/6e8db88d-f125-4b09-bff9-acc219c577d0/6e8db88d-f125-4b09-bff9-acc219c577d0.f6d67.png,16878,83ffde422259ee178a84bbb8d9b0811c92a08d430509b15154386237c956d137
06_UnityFramework/Assets/Art/HotUpdate/Native/6e8db88d-f125-4b09-bff9-acc219c577d0/6e8db88d-f125-4b09-bff9-acc219c577d0.f6d67.png.meta,1153,fe903ab092cf749398180588276a76039fdebd809ce2d59b04f11ba62426e25d
06_UnityFramework/Assets/Art/HotUpdate/Native/6f3c59ef-1ada-48c0-b598-fe1ee24c3e66/6f3c59ef-1ada-48c0-b598-fe1ee24c3e66.002e8.png,3181,94b59870e5096c5aba204b872e417e73b416e1b384e3188c8f204b09b4d2f5c3
06_UnityFramework/Assets/Art/HotUpdate/Native/6f3c59ef-1ada-48c0-b598-fe1ee24c3e66/6f3c59ef-1ada-48c0-b598-fe1ee24c3e66.002e8.png.meta,1153,9d69b478a2b66651ffa43b032b5382d5b1628398ccbfd1759eb21e9304d28821
06_UnityFramework/Assets/Art/HotUpdate/Native/6f9d0c20-7003-43d7-8703-c945d7f949ad/6f9d0c20-7003-43d7-8703-c945d7f949ad.9ef48.png,25312,0880593b20ac0d4b5ab86ff7e1b215d0fec41e078efbb2bd85ac682d26e0c526
06_UnityFramework/Assets/Art/HotUpdate/Native/6f9d0c20-7003-43d7-8703-c945d7f949ad/6f9d0c20-7003-43d7-8703-c945d7f949ad.9ef48.png.meta,1153,f1770bab30b539bd5692187e5b6b34cabecb8dd0ae4d67d8761a3d82d1afc823
06_UnityFramework/Assets/Art/HotUpdate/Native/71561142-4c83-4933-afca-cb7a17f67053/71561142-4c83-4933-afca-cb7a17f67053.c06a9.png,1050,44b670047e5d34fc09f3e8538e8945445bc1bb913d6f21d7ac4e06b18c2e172b
06_UnityFramework/Assets/Art/HotUpdate/Native/71561142-4c83-4933-afca-cb7a17f67053/71561142-4c83-4933-afca-cb7a17f67053.c06a9.png.meta,1153,6ad903eac03f3dfe38e0cc03aaf0eb6858192db6bcbb826116e9098e068169cd
06_UnityFramework/Assets/Art/HotUpdate/Native/719f1da6-b673-4322-b690-51c779c3a8b8/719f1da6-b673-4322-b690-51c779c3a8b8.75aba.png,12410,0b1145b7c9d579782e13da863013859f220918cb9064049ad3a3a53697837580
06_UnityFramework/Assets/Art/HotUpdate/Native/719f1da6-b673-4322-b690-51c779c3a8b8/719f1da6-b673-4322-b690-51c779c3a8b8.75aba.png.meta,1153,2678cd1e517b4cdb76dd7a54e0531d1aa35dc8989315c3f1206a7e9993df39dc
06_UnityFramework/Assets/Art/HotUpdate/Native/73eda5d0-5095-469e-a754-4057cf25ed9a/73eda5d0-5095-469e-a754-4057cf25ed9a.5dc6f.png,10309,376efca87524ade13caef043beeed6afc788168624c06d843499872a464fa1e6
06_UnityFramework/Assets/Art/HotUpdate/Native/73eda5d0-5095-469e-a754-4057cf25ed9a/73eda5d0-5095-469e-a754-4057cf25ed9a.5dc6f.png.meta,1153,5077d586dafdb7db59df6f050ea14e7fc1986761725adf1039f7b992536a1b6c
06_UnityFramework/Assets/Art/HotUpdate/Native/74ff5e76-6393-4c2c-a6dc-cf8c17d3e9c1/74ff5e76-6393-4c2c-a6dc-cf8c17d3e9c1.c6a36.png,8916,e426bdc47e4d46d49bac0257766c910a9c53245368cac49e91f04652d27c8185
06_UnityFramework/Assets/Art/HotUpdate/Native/74ff5e76-6393-4c2c-a6dc-cf8c17d3e9c1/74ff5e76-6393-4c2c-a6dc-cf8c17d3e9c1.c6a36.png.meta,1153,6dd1475ea70f252207201483b0e1a69caafcbd0ec5d2675f1fbba6edb12f854b
06_UnityFramework/Assets/Art/HotUpdate/Native/764afd10-9805-4120-a7c1-676aa4122a69/764afd10-9805-4120-a7c1-676aa4122a69.9e8f6.png,5309,98e3ee7a26ac5e663304202b249f9c28b5cb630060132a9f44a6793da025fd84
06_UnityFramework/Assets/Art/HotUpdate/Native/764afd10-9805-4120-a7c1-676aa4122a69/764afd10-9805-4120-a7c1-676aa4122a69.9e8f6.png.meta,1153,d6edb057f19926d620e53824996d0c5c3bcb9ffb51fa3f6cfc30a5220ea9195e
06_UnityFramework/Assets/Art/HotUpdate/Native/7658fc81-45a4-4918-92b2-d92d84677f4f/7658fc81-45a4-4918-92b2-d92d84677f4f.107f2.png,234091,6ab28867186d9059afd83b993e36a7925f70865a6c7aa39e29b1d20a46a3d9fb
06_UnityFramework/Assets/Art/HotUpdate/Native/7658fc81-45a4-4918-92b2-d92d84677f4f/7658fc81-45a4-4918-92b2-d92d84677f4f.107f2.png.meta,1153,4d9e9c32b0e99588e2378e6d2b3d944b45014ca73c0c72d51cf94ab62c0a061a
06_UnityFramework/Assets/Art/HotUpdate/Native/770915c0-646b-44cf-99f0-bc29c429f030/770915c0-646b-44cf-99f0-bc29c429f030.d908c.png,2114,6246b0e76f4d62b488a1af05d8f90317304118af2c552eb5ca43449e7056d2c0
06_UnityFramework/Assets/Art/HotUpdate/Native/770915c0-646b-44cf-99f0-bc29c429f030/770915c0-646b-44cf-99f0-bc29c429f030.d908c.png.meta,1153,b34cc0e1bcee5a9cb8ddf68f5e35fa08fb3cfa1c2e677e9a54d79a9d70030275
06_UnityFramework/Assets/Art/HotUpdate/Native/786fed12-b944-4239-b9d7-286cd6a5124d/786fed12-b944-4239-b9d7-286cd6a5124d.2f3cb.png,6530,24090b26c0590a262001edda4b83d9ea845104d900899ef756248d45e99895f0
06_UnityFramework/Assets/Art/HotUpdate/Native/786fed12-b944-4239-b9d7-286cd6a5124d/786fed12-b944-4239-b9d7-286cd6a5124d.2f3cb.png.meta,1153,1f67529575cc9ab141d37fdbf8155e06cd278ac87d90d71597993bc5eea8a9e2
06_UnityFramework/Assets/Art/HotUpdate/Native/789f8721-b649-4b5b-9c51-da174f5408a7/789f8721-b649-4b5b-9c51-da174f5408a7.0cf1d.png,187956,536769637dfbecd34d16f284b4a9f7aa7bb65a52c9792c422ed66b4abd29eaa1
06_UnityFramework/Assets/Art/HotUpdate/Native/789f8721-b649-4b5b-9c51-da174f5408a7/789f8721-b649-4b5b-9c51-da174f5408a7.0cf1d.png.meta,1153,ba7ed08945028144b72a7aa6f95fce41325de5f16c93ec25751ce7e089794a1c
06_UnityFramework/Assets/Art/HotUpdate/Native/78fcf843-c028-4305-b207-b622179b024e/78fcf843-c028-4305-b207-b622179b024e.80bcc.atlas,3343,57e755ed29973ffc81f30736aff33020a0b19d6fada1d6d4f298f0f52fa5d863
06_UnityFramework/Assets/Art/HotUpdate/Native/78fcf843-c028-4305-b207-b622179b024e/78fcf843-c028-4305-b207-b622179b024e.80bcc.atlas.meta,162,bfc77745f55c9fa9fd4da9c68022f08f0d0bbcf3849be51a9b030872f9dbad8d
06_UnityFramework/Assets/Art/HotUpdate/Native/7a117aeb-7ebd-4231-9e76-f643f7c62620/7a117aeb-7ebd-4231-9e76-f643f7c62620.f470b.png,7454,cd8a53163634fd3a8f561277c369aed147bab19bf5f1b2a787c53ec7ec7ea012
06_UnityFramework/Assets/Art/HotUpdate/Native/7a117aeb-7ebd-4231-9e76-f643f7c62620/7a117aeb-7ebd-4231-9e76-f643f7c62620.f470b.png.meta,1153,3717030de4e77e39da71d2e3700dff87b4a481b64249e281f85534a15f89a3d4
06_UnityFramework/Assets/Art/HotUpdate/Native/7acdac3e-1d1d-46e7-95e6-2ea8a20b6155/7acdac3e-1d1d-46e7-95e6-2ea8a20b6155.40c08.png,6026,44d907d1e0dfad8f27f18f6edfdad26d1a266b200db07b3de45c8492f964eca8
06_UnityFramework/Assets/Art/HotUpdate/Native/7acdac3e-1d1d-46e7-95e6-2ea8a20b6155/7acdac3e-1d1d-46e7-95e6-2ea8a20b6155.40c08.png.meta,1153,541a429fa6c51493a89218532335e5f5c9afed2623fe21e67608219ea2116a27
06_UnityFramework/Assets/Art/HotUpdate/Native/7b2f806d-3f4f-4785-9103-307fe52c74ba/7b2f806d-3f4f-4785-9103-307fe52c74ba.47b4b.png,118092,90ecde03d0e9bd6460a7a358839627bcca0468980fc9f8385a13aadfd8c16f0e
06_UnityFramework/Assets/Art/HotUpdate/Native/7b2f806d-3f4f-4785-9103-307fe52c74ba/7b2f806d-3f4f-4785-9103-307fe52c74ba.47b4b.png.meta,1153,0445549c716586a2bcfcc70745d2664753a7d24aae3668fbfde45cd7c3b61173
06_UnityFramework/Assets/Art/HotUpdate/Native/7b538d02-48f5-4c86-955e-6c422e878a93/7b538d02-48f5-4c86-955e-6c422e878a93.dbee8.png,3030,ee530ad20bcf9fb6efa12f776414f392c57b4facd1f7d873a4f2def7cec22856
06_UnityFramework/Assets/Art/HotUpdate/Native/7b538d02-48f5-4c86-955e-6c422e878a93/7b538d02-48f5-4c86-955e-6c422e878a93.dbee8.png.meta,1153,30ad902af026f964d6d3d472dd311274b07a0e95425bfef9e9197773c4609868
06_UnityFramework/Assets/Art/HotUpdate/Native/7b945bcb-387d-4857-9470-7842d12d380d/7b945bcb-387d-4857-9470-7842d12d380d.b3bca.png,4213,f8d6fff827613f83652916f0bf21360bf41a25ccdf138527a4340e5698cf4874
06_UnityFramework/Assets/Art/HotUpdate/Native/7b945bcb-387d-4857-9470-7842d12d380d/7b945bcb-387d-4857-9470-7842d12d380d.b3bca.png.meta,1153,c4aa98fca6fb1c06e7feeb8cc3b8f59e47d1d1d7875a188408837709bc9f948b
06_UnityFramework/Assets/Art/HotUpdate/Native/7bdc6036-7f29-4737-8d21-b60cc142bc34/7bdc6036-7f29-4737-8d21-b60cc142bc34.fd440.png,986,49d579fe5ddbf004c1d19217cfec175632c553532668e7efba846f1755cebe18
06_UnityFramework/Assets/Art/HotUpdate/Native/7bdc6036-7f29-4737-8d21-b60cc142bc34/7bdc6036-7f29-4737-8d21-b60cc142bc34.fd440.png.meta,1153,95d8b8f3936877f0545919d7565d3af3d19503d37ee3fa1b416d8da16874d2d4
06_UnityFramework/Assets/Art/HotUpdate/Native/7d228045-c5cb-4201-b1b5-7259248040a2/7d228045-c5cb-4201-b1b5-7259248040a2.fbd13.png,6272,d5003390b09068e1dad6d25a6a71fd0ccf2f1b140d539d4a0300e8da91f82d19
06_UnityFramework/Assets/Art/HotUpdate/Native/7d228045-c5cb-4201-b1b5-7259248040a2/7d228045-c5cb-4201-b1b5-7259248040a2.fbd13.png.meta,1153,c6b410d6205a2260394501547b290d69a2d129dd7c0fb8b0454a49c72701bebb
06_UnityFramework/Assets/Art/HotUpdate/Native/7d6a93d4-1a8f-4834-8795-cd57d5dbd546/7d6a93d4-1a8f-4834-8795-cd57d5dbd546.b0475.png,269282,fd322e49c38b39482938ac1c1754f199b8ee07b61e70bf8513403020a96a0fea
06_UnityFramework/Assets/Art/HotUpdate/Native/7d6a93d4-1a8f-4834-8795-cd57d5dbd546/7d6a93d4-1a8f-4834-8795-cd57d5dbd546.b0475.png.meta,1153,23147d434ef8531d905ff387c021af6c00490c01d76157610a7245f57e2febdd
06_UnityFramework/Assets/Art/HotUpdate/Native/7f295cdf-d8fa-48c3-9bc5-d19940eb31e2/7f295cdf-d8fa-48c3-9bc5-d19940eb31e2.76351.png,29252,897b5d4f711ef1e2fda2a0c770cbcf3353793f905dc7be6c0121e1fd9368dcb2
06_UnityFramework/Assets/Art/HotUpdate/Native/7f295cdf-d8fa-48c3-9bc5-d19940eb31e2/7f295cdf-d8fa-48c3-9bc5-d19940eb31e2.76351.png.meta,1153,c6ed57a71c8fe83dc487cb96420672524ccc9830b5438bcb613dae7d6825463f
06_UnityFramework/Assets/Art/HotUpdate/Native/81269d22-4616-48e4-b32d-c3f98fa07dcb/81269d22-4616-48e4-b32d-c3f98fa07dcb.f07e6.png,12288,7d62beeaed67708004fa46449c6a43c28fa4e9f7da3905d216dfc742fa0a9e16
06_UnityFramework/Assets/Art/HotUpdate/Native/81269d22-4616-48e4-b32d-c3f98fa07dcb/81269d22-4616-48e4-b32d-c3f98fa07dcb.f07e6.png.meta,1153,9b68c72363ac916604856300505b16bff00432ca7ebd17a88493a77cc925c31e
06_UnityFramework/Assets/Art/HotUpdate/Native/82206c04-2be0-4ad8-a859-0a86a26dd1dd/82206c04-2be0-4ad8-a859-0a86a26dd1dd.5d5d8.png,16728,965384da96d0f27da52c1951de963dc52b814944c5b5badaf9194c5f536626e4
06_UnityFramework/Assets/Art/HotUpdate/Native/82206c04-2be0-4ad8-a859-0a86a26dd1dd/82206c04-2be0-4ad8-a859-0a86a26dd1dd.5d5d8.png.meta,1153,c031dfbcd1e8c884898549b97876caf05e1dc05af98d028b649f9afd46c33c3d
06_UnityFramework/Assets/Art/HotUpdate/Native/827e9d1b-46d6-484d-8420-66e643c30457/827e9d1b-46d6-484d-8420-66e643c30457.34844.png,121352,f6b5b2b1545407512fb7b795bc09d41b587a2a3bb852a36d0a380a9d9cd47c0b
06_UnityFramework/Assets/Art/HotUpdate/Native/827e9d1b-46d6-484d-8420-66e643c30457/827e9d1b-46d6-484d-8420-66e643c30457.34844.png.meta,1153,f33ed830caad51e9d554f3584b45c2ce9be8b5da7486f1fcbc76bc6d20a37526
06_UnityFramework/Assets/Art/HotUpdate/Native/82bc51c7-93e2-4094-a3f3-2c4908f441a9/82bc51c7-93e2-4094-a3f3-2c4908f441a9.fe2ed.mp3,54720,82f176c26a64a86ed9bf334dda2896fb41a3f9c50e45f1fecbf6d881cf410f35
06_UnityFramework/Assets/Art/HotUpdate/Native/82bc51c7-93e2-4094-a3f3-2c4908f441a9/82bc51c7-93e2-4094-a3f3-2c4908f441a9.fe2ed.mp3.meta,162,5216c43de77e2476ed6afaad6e1aa529c446725f5359318c1b26ff9e9f22a014
06_UnityFramework/Assets/Art/HotUpdate/Native/82d0a721-f35e-43e3-986e-302a6ae63b58/82d0a721-f35e-43e3-986e-302a6ae63b58.53a74.png,548,f4578814a083ec5d24e6e258ad7045af9f190853c28b5e19ac76ca8ff6119714
06_UnityFramework/Assets/Art/HotUpdate/Native/82d0a721-f35e-43e3-986e-302a6ae63b58/82d0a721-f35e-43e3-986e-302a6ae63b58.53a74.png.meta,1153,0ff91d7067abafd56d44a5c105ab70c5ca045448b2d352a9709781ced686b626
06_UnityFramework/Assets/Art/HotUpdate/Native/8433e85e-7d2b-470a-af06-69dfd8cfa183/8433e85e-7d2b-470a-af06-69dfd8cfa183.ab900.png,11399,bfd5b9f18199146c03095f8e9344d8cecfc7191cce78c870450885f2d5008acd
06_UnityFramework/Assets/Art/HotUpdate/Native/8433e85e-7d2b-470a-af06-69dfd8cfa183/8433e85e-7d2b-470a-af06-69dfd8cfa183.ab900.png.meta,1153,4c07ae1a382e87cf5bbc5b66177ebaf47ff8c0e19e857ac287b9ecbe5bee9e0b
06_UnityFramework/Assets/Art/HotUpdate/Native/84b34faf-701b-4443-8a91-7d30209ad8e9/84b34faf-701b-4443-8a91-7d30209ad8e9.d4e57.png,8012,50f4c75d5685a853f58780c7a43d7b2444d37521030437a5acf87dbc944a2fc3
06_UnityFramework/Assets/Art/HotUpdate/Native/84b34faf-701b-4443-8a91-7d30209ad8e9/84b34faf-701b-4443-8a91-7d30209ad8e9.d4e57.png.meta,1153,9f183241b4731425a1d32061c1251d4b86162caea7daf54b4d28f1980829053c
06_UnityFramework/Assets/Art/HotUpdate/Native/8522b931-0a36-420d-b7c3-73106915ccdb/8522b931-0a36-420d-b7c3-73106915ccdb.3be3d.png,6534,f67dfa18795e59d8f00e59681e7521e95e199598c0772efd687addcd6e58c0b8
06_UnityFramework/Assets/Art/HotUpdate/Native/8522b931-0a36-420d-b7c3-73106915ccdb/8522b931-0a36-420d-b7c3-73106915ccdb.3be3d.png.meta,1153,5adec604b37087b5804fededdb7af054ffb4eaefbfcb8cbe75c3a05c64a82903
06_UnityFramework/Assets/Art/HotUpdate/Native/855884ae-3be5-43da-a4ff-59fb3213998d/855884ae-3be5-43da-a4ff-59fb3213998d.88fe5.png,6509,c79af8559b1e0257193d24a05c6eb631d77f77c76de6bb7b62b4bb95c4398314
06_UnityFramework/Assets/Art/HotUpdate/Native/855884ae-3be5-43da-a4ff-59fb3213998d/855884ae-3be5-43da-a4ff-59fb3213998d.88fe5.png.meta,1153,503905d4f303d18598c2ecd968d710821ae82c657a5c5702f59a166d6eaa7df5
06_UnityFramework/Assets/Art/HotUpdate/Native/85b69287-9571-4fc6-9d18-cf458cfa674d/85b69287-9571-4fc6-9d18-cf458cfa674d.03572.png,7964,72b05802e481440942b2223b2fab39a57e9b9851e09ff8135c764635e1eae4be
06_UnityFramework/Assets/Art/HotUpdate/Native/85b69287-9571-4fc6-9d18-cf458cfa674d/85b69287-9571-4fc6-9d18-cf458cfa674d.03572.png.meta,1153,9bca7a5d536e7051cb7abdcc0f68df2e064437b6248b95259d7ad5641e109d9f
06_UnityFramework/Assets/Art/HotUpdate/Native/86a5f315-6462-42a4-84eb-dc815986983e/86a5f315-6462-42a4-84eb-dc815986983e.dbadd.png,4794,1775c4024b74ea9f54bfa2fb494738221019911c3c57fb5208c459331a150dd4
06_UnityFramework/Assets/Art/HotUpdate/Native/86a5f315-6462-42a4-84eb-dc815986983e/86a5f315-6462-42a4-84eb-dc815986983e.dbadd.png.meta,1153,4e509afe6fae92de21db2372a540fcf6700f9c74a01906e172d29264a79e27d8
06_UnityFramework/Assets/Art/HotUpdate/Native/86ef5a4a-15e8-4512-a881-098b1fb4d006/86ef5a4a-15e8-4512-a881-098b1fb4d006.eeba1.png,10969,ce04f46447de162b1bf8ed03f7b22bdb83ee07bd2ccbaf4eb4412bb91d7ab033
06_UnityFramework/Assets/Art/HotUpdate/Native/86ef5a4a-15e8-4512-a881-098b1fb4d006/86ef5a4a-15e8-4512-a881-098b1fb4d006.eeba1.png.meta,1153,d281d559dde479cc16085b9a6e892a1b1e5ebd57afc5c7b62a9562dbf5c20137
06_UnityFramework/Assets/Art/HotUpdate/Native/87caf1b4-9a34-45c4-8db7-cb36dfffbe09/87caf1b4-9a34-45c4-8db7-cb36dfffbe09.01a93.png,3780,85f91dcbf2ac7f20e5089641fba555589ca574dd1761512c1b49820a9c7f7e5d
06_UnityFramework/Assets/Art/HotUpdate/Native/87caf1b4-9a34-45c4-8db7-cb36dfffbe09/87caf1b4-9a34-45c4-8db7-cb36dfffbe09.01a93.png.meta,1153,99733b8772429f2ac1dcec8f75527b01a63058d488ce9e8d956a51f2db8389cb
06_UnityFramework/Assets/Art/HotUpdate/Native/88addc0f-48b2-403c-879f-78b1f9b13134/88addc0f-48b2-403c-879f-78b1f9b13134.4df34.atlas,1089,2e87e8d580290c6266c10b6d5c2e441728d31c7bf5ef6a2177d046739d700279
06_UnityFramework/Assets/Art/HotUpdate/Native/88addc0f-48b2-403c-879f-78b1f9b13134/88addc0f-48b2-403c-879f-78b1f9b13134.4df34.atlas.meta,162,64a89c93816c2fe2a15a2c019ab0da095ccd5a421ca2adc194dcb7473b83e8ec
06_UnityFramework/Assets/Art/HotUpdate/Native/88ffbeed-715a-4695-81c0-af6fb74920fb/88ffbeed-715a-4695-81c0-af6fb74920fb.d710e.png,55137,a3a6e3ca6ef10951ca25e9a7b12ab1ff3e25ab149e34443ecd48f6b7cdb2a2ba
06_UnityFramework/Assets/Art/HotUpdate/Native/88ffbeed-715a-4695-81c0-af6fb74920fb/88ffbeed-715a-4695-81c0-af6fb74920fb.d710e.png.meta,1153,9f6c9ef35d5a87f5c61863643043a0c6c46adb9cceba05431da9133f0629184c
06_UnityFramework/Assets/Art/HotUpdate/Native/8aa6ca50-0519-41f7-b6af-7a0edabaced0/8aa6ca50-0519-41f7-b6af-7a0edabaced0.cbfa1.png,12217,ef5e9bb0603a5013dea13e41d0892458aa6b2cd95ac19cb5f516d453744de361
06_UnityFramework/Assets/Art/HotUpdate/Native/8aa6ca50-0519-41f7-b6af-7a0edabaced0/8aa6ca50-0519-41f7-b6af-7a0edabaced0.cbfa1.png.meta,1153,0399d71427786eb44fa029694391f1a088561370d0fbe52eda0a513d00b983bd
06_UnityFramework/Assets/Art/HotUpdate/Native/8ac5b5bd-1e25-45ad-8541-a0045603623e/8ac5b5bd-1e25-45ad-8541-a0045603623e.477f1.png,7166,8411fc7f40143339e224d35919675de5ff9608b0bf78e4379c88a4a8b772616f
06_UnityFramework/Assets/Art/HotUpdate/Native/8ac5b5bd-1e25-45ad-8541-a0045603623e/8ac5b5bd-1e25-45ad-8541-a0045603623e.477f1.png.meta,1153,d7f19693ac5853da39b8d035c37bbb9de00f605165c6f21520be299c84d4d127
06_UnityFramework/Assets/Art/HotUpdate/Native/8b967798-445b-4147-b664-3f920ede46b3/8b967798-445b-4147-b664-3f920ede46b3.999b3.png,10692,6b52c34990f11a127d3001284486e7daa91b92f56f5e8831c8a61aea49cc1667
06_UnityFramework/Assets/Art/HotUpdate/Native/8b967798-445b-4147-b664-3f920ede46b3/8b967798-445b-4147-b664-3f920ede46b3.999b3.png.meta,1153,1b0d3330f2e43fbdf25abdbb870ab97586d46ec76960253f47281ff446196142
06_UnityFramework/Assets/Art/HotUpdate/Native/8bac0bd2-854c-4b33-bd1c-20260d01dde3/8bac0bd2-854c-4b33-bd1c-20260d01dde3.357e0.png,4563,5e5d4cbc0f54d4bd9f77e9f332e0ed6613cbea174f43e40476250d3e3293ad9f
06_UnityFramework/Assets/Art/HotUpdate/Native/8bac0bd2-854c-4b33-bd1c-20260d01dde3/8bac0bd2-854c-4b33-bd1c-20260d01dde3.357e0.png.meta,1153,c30fd799aaab73ae44bab8f231363ba26c6dcb3480b8d6a991c6a4b1613aa1e7
06_UnityFramework/Assets/Art/HotUpdate/Native/8ce82369-31d8-4d98-9014-a8f388ee24a1/8ce82369-31d8-4d98-9014-a8f388ee24a1.fdd51.png,198966,b9cc366710638ccd0aee23c516cfb20413f56128cb009a72ac48eedf0a91ac43
06_UnityFramework/Assets/Art/HotUpdate/Native/8ce82369-31d8-4d98-9014-a8f388ee24a1/8ce82369-31d8-4d98-9014-a8f388ee24a1.fdd51.png.meta,1153,8fd3ce2fbca27befa51b0f8d960ad713409788b2cbe5e254cf231ab9440aad70
06_UnityFramework/Assets/Art/HotUpdate/Native/8dbcdfaa-d70a-48aa-a33c-7cebc14129ac/8dbcdfaa-d70a-48aa-a33c-7cebc14129ac.ef620.png,4705,e7da3cf2fa60ee856c14e6d8fb1e719ff0698360606fb5991eccf5c5124b3887
06_UnityFramework/Assets/Art/HotUpdate/Native/8dbcdfaa-d70a-48aa-a33c-7cebc14129ac/8dbcdfaa-d70a-48aa-a33c-7cebc14129ac.ef620.png.meta,1153,222d5f2979c658ebc4250b7ea4613d9c8b22396508e9fc6e70543c9f93574687
06_UnityFramework/Assets/Art/HotUpdate/Native/8e022273-2967-41c4-8a42-709de61c6601/8e022273-2967-41c4-8a42-709de61c6601.cd951.png,47433,cfb84168aa44f11af850d217f963be9d4b6031f951b0ee046a4db320369718c1
06_UnityFramework/Assets/Art/HotUpdate/Native/8e022273-2967-41c4-8a42-709de61c6601/8e022273-2967-41c4-8a42-709de61c6601.cd951.png.meta,1153,4c4e275aafe4631a9ce821939e46ddbdd4c5e09849e52b12508b9a21cbd9a039
06_UnityFramework/Assets/Art/HotUpdate/Native/8fd06efc-256e-4c6c-a97b-b61c0e153fb7/8fd06efc-256e-4c6c-a97b-b61c0e153fb7.dcc75.png,66977,fbd2eb9ed1297cb07e2d2de3c7b5d716e4c5af3d106c5bcf502c0db50ef6ce14
06_UnityFramework/Assets/Art/HotUpdate/Native/8fd06efc-256e-4c6c-a97b-b61c0e153fb7/8fd06efc-256e-4c6c-a97b-b61c0e153fb7.dcc75.png.meta,1153,3d193771963929d7da6cd107bfb7ac9f07c0ea1001e05fff6636ab8d9687ba41
06_UnityFramework/Assets/Art/HotUpdate/Native/902e64f2-bbd5-4325-8d44-0d601f451f1a/902e64f2-bbd5-4325-8d44-0d601f451f1a.73f6e.png,30206,c9c98b4b4834474fa9115a9fae9529a8408dc4a10040a901f3712ef02d73d330
06_UnityFramework/Assets/Art/HotUpdate/Native/902e64f2-bbd5-4325-8d44-0d601f451f1a/902e64f2-bbd5-4325-8d44-0d601f451f1a.73f6e.png.meta,1153,f429b84da01e3777a12e4f2a68c264d32e376f596a50470a0a62c8fca314807f
06_UnityFramework/Assets/Art/HotUpdate/Native/91151cdb-2888-4042-b283-982caafdf4ff/91151cdb-2888-4042-b283-982caafdf4ff.e47d0.png,7834,53cda1e82f82ca3948372bc210fe4117ca42eca6637bd5d85eb17dd9956e474f
06_UnityFramework/Assets/Art/HotUpdate/Native/91151cdb-2888-4042-b283-982caafdf4ff/91151cdb-2888-4042-b283-982caafdf4ff.e47d0.png.meta,1153,dce11ae8bbeeaf7cd29146c8689286af393ac10eba4f5d2353f8c5ff80693616
06_UnityFramework/Assets/Art/HotUpdate/Native/912cc466-fd19-4d2d-b2b0-c613ab2b39f9/912cc466-fd19-4d2d-b2b0-c613ab2b39f9.3eb54.png,88352,21aa7924800b9eddc261f6a494e17529e3c792d8592c26206136f9a41530774f
06_UnityFramework/Assets/Art/HotUpdate/Native/912cc466-fd19-4d2d-b2b0-c613ab2b39f9/912cc466-fd19-4d2d-b2b0-c613ab2b39f9.3eb54.png.meta,1153,6621a54d0f1a22bf23822751f92f7f4c176bbba19b52036a484cd9bcb7b10e59
06_UnityFramework/Assets/Art/HotUpdate/Native/925072b1-0d66-4136-9bfb-92a5c743e9ee/925072b1-0d66-4136-9bfb-92a5c743e9ee.255b9.png,7544,2b5f2bb04b90b7a1cd7ae28e7a07f510be02d1ac6ca59078697d4dc6e785b5dc
06_UnityFramework/Assets/Art/HotUpdate/Native/925072b1-0d66-4136-9bfb-92a5c743e9ee/925072b1-0d66-4136-9bfb-92a5c743e9ee.255b9.png.meta,1153,3b324661991f7140348e61dc66a22b2e8c05808f69524f22c67230802c9d8743
06_UnityFramework/Assets/Art/HotUpdate/Native/92a44d78-1e8e-491d-866d-65abf6b2147b/92a44d78-1e8e-491d-866d-65abf6b2147b.2e3b3.mp3,5960,83cd3b3990b495d9a54d424efba4cdb315ae859209d9fea2143f5995048e7985
06_UnityFramework/Assets/Art/HotUpdate/Native/92a44d78-1e8e-491d-866d-65abf6b2147b/92a44d78-1e8e-491d-866d-65abf6b2147b.2e3b3.mp3.meta,162,ef9d868b9d2348f6f9c082c37027399ceae0d7f15c650dce3a7b0cf108bd971f
06_UnityFramework/Assets/Art/HotUpdate/Native/92e79000-3027-4bb7-8bd1-7a80edcb78a1/92e79000-3027-4bb7-8bd1-7a80edcb78a1.e9899.png,7500,4974e783ddf6af69f4a273944fa76807db98bb8c2eee0321e483301086d7fd39
06_UnityFramework/Assets/Art/HotUpdate/Native/92e79000-3027-4bb7-8bd1-7a80edcb78a1/92e79000-3027-4bb7-8bd1-7a80edcb78a1.e9899.png.meta,1153,c029c0011cc459d3378350330f62d50fbb4fbcc41afa46d2aa1a167ae481ff96
06_UnityFramework/Assets/Art/HotUpdate/Native/94071b2c-7f0c-4f62-bbdd-1d0e74c581a0/94071b2c-7f0c-4f62-bbdd-1d0e74c581a0.d057a.png,369,bc31fd87dbfa7ac7fce112bdb59e8a1fae3c7f8445e2a528cc4b5d035d9f515c
06_UnityFramework/Assets/Art/HotUpdate/Native/94071b2c-7f0c-4f62-bbdd-1d0e74c581a0/94071b2c-7f0c-4f62-bbdd-1d0e74c581a0.d057a.png.meta,1153,3834e40d31ee7c8fb3f9a15f0e9f26c0e94888cb4d46abb945d646d66643d9d2
06_UnityFramework/Assets/Art/HotUpdate/Native/940bc251-ecae-49d1-b71b-07a11e55568f/940bc251-ecae-49d1-b71b-07a11e55568f.fcc1a.mp3,6584,57f913c854205b512c1de55a48bd0006ce41eed989c7d09b13215cff8039f66b
06_UnityFramework/Assets/Art/HotUpdate/Native/940bc251-ecae-49d1-b71b-07a11e55568f/940bc251-ecae-49d1-b71b-07a11e55568f.fcc1a.mp3.meta,162,79d7dea116769f3984b8ca2720622e74fcf0ea069befe77d2f36ebed1e29a328
06_UnityFramework/Assets/Art/HotUpdate/Native/94eedd69-ddb0-4526-b983-0bae4ca77d91/94eedd69-ddb0-4526-b983-0bae4ca77d91.1ac8f.png,141,10248629132f44750c7616c7e06c085a1296e155e1d1a2cb1339bbf95178ac9d
06_UnityFramework/Assets/Art/HotUpdate/Native/94eedd69-ddb0-4526-b983-0bae4ca77d91/94eedd69-ddb0-4526-b983-0bae4ca77d91.1ac8f.png.meta,1153,051ceec7c562eb1e991820702a83e3c26c7b75306dcd2a6c277de3a8537a3fbf
06_UnityFramework/Assets/Art/HotUpdate/Native/94fb8e0b-e76a-48f4-a217-f79103f3410c/94fb8e0b-e76a-48f4-a217-f79103f3410c.c3f2f.png,80348,2c89d4b21bdfd0a8f4ed92b8713105a5e6c9eb1915c3c891479a868c65776f83
06_UnityFramework/Assets/Art/HotUpdate/Native/94fb8e0b-e76a-48f4-a217-f79103f3410c/94fb8e0b-e76a-48f4-a217-f79103f3410c.c3f2f.png.meta,1153,5108be6a40452d2669466a84b540348a954ede880bf16488dcbd1a38c2ccf330
06_UnityFramework/Assets/Art/HotUpdate/Native/9522eb81-fb07-4783-be8a-e6d4174c7fd6/9522eb81-fb07-4783-be8a-e6d4174c7fd6.11c61.png,5934,c2b9813209c5de7d8d27827fda75cf0259e50768256b7847e867f17fd40c60aa
06_UnityFramework/Assets/Art/HotUpdate/Native/9522eb81-fb07-4783-be8a-e6d4174c7fd6/9522eb81-fb07-4783-be8a-e6d4174c7fd6.11c61.png.meta,1153,1532ddd2cb2bba8177f5319d038fd8634e2df0f53affc0483fb7484a1a66e7a3
06_UnityFramework/Assets/Art/HotUpdate/Native/952f6da6-3f80-4317-ac9c-060a52ca303d/952f6da6-3f80-4317-ac9c-060a52ca303d.66af3.png,24551,0ef4cae49170451756d5cec0cc6961f3422484e9f09541124908d4752ea4acb2
06_UnityFramework/Assets/Art/HotUpdate/Native/952f6da6-3f80-4317-ac9c-060a52ca303d/952f6da6-3f80-4317-ac9c-060a52ca303d.66af3.png.meta,1153,a0af9d93539a3aa698149ff7c698c2d5eb42dca485cb2fab9b965c1bfc95b599
06_UnityFramework/Assets/Art/HotUpdate/Native/9547ad16-5cfe-4ff3-a325-62743e13422a/9547ad16-5cfe-4ff3-a325-62743e13422a.94aad.png,4862,89899565749c71ae9656976b74ad3b8e415ebecac2470076d907eedf090a4b43
06_UnityFramework/Assets/Art/HotUpdate/Native/9547ad16-5cfe-4ff3-a325-62743e13422a/9547ad16-5cfe-4ff3-a325-62743e13422a.94aad.png.meta,1153,4171b4de9f9df1c6ade9bc8105be07c0f757ca47c8b618d316b09ec69085ec99
06_UnityFramework/Assets/Art/HotUpdate/Native/9655016d-93fd-4701-94df-c2d35f2ed564/9655016d-93fd-4701-94df-c2d35f2ed564.7da4a.png,67582,5eccce3a322f9069d6ac405d3b3182d58ddd5a1faa7713dccfa8961ba53f5133
06_UnityFramework/Assets/Art/HotUpdate/Native/9655016d-93fd-4701-94df-c2d35f2ed564/9655016d-93fd-4701-94df-c2d35f2ed564.7da4a.png.meta,1153,46564eaa077bebda18e5cdc8e1e92eee4716c2fb858133c0027b4f41083e6ce4
06_UnityFramework/Assets/Art/HotUpdate/Native/96c8ec86-eccf-457a-b660-72477e003e78/96c8ec86-eccf-457a-b660-72477e003e78.8be50.png,12088,fca838f0aa80049aedaadd9755da8bc983f4e3c47fca42fb4bfbde08aa25633c
06_UnityFramework/Assets/Art/HotUpdate/Native/96c8ec86-eccf-457a-b660-72477e003e78/96c8ec86-eccf-457a-b660-72477e003e78.8be50.png.meta,1153,8b0936526cb7e621eb5639a2fbc31363fc341ecaa0b5e77ff112a37d53105f9d
06_UnityFramework/Assets/Art/HotUpdate/Native/9879b2ca-47e3-4474-a4ae-369d636322b3/9879b2ca-47e3-4474-a4ae-369d636322b3.a10ec.png,2608,9e989fcf62bee039c30ba7cd1fc723239e2388892c1c5769561605ba1d524727
06_UnityFramework/Assets/Art/HotUpdate/Native/9879b2ca-47e3-4474-a4ae-369d636322b3/9879b2ca-47e3-4474-a4ae-369d636322b3.a10ec.png.meta,1153,4b76f9c512900170c0cc396abfed6ece1ec0e99154e71116f41516f6fd06a9cf
06_UnityFramework/Assets/Art/HotUpdate/Native/987dcc3c-ef97-4341-8a91-e35db5d2ba8c/987dcc3c-ef97-4341-8a91-e35db5d2ba8c.54a2d.png,4810,5f2c4ba25cb5939ed60f8e09e1e4d198091f8a1e4dd52e6dd879404dd5df0ae5
06_UnityFramework/Assets/Art/HotUpdate/Native/987dcc3c-ef97-4341-8a91-e35db5d2ba8c/987dcc3c-ef97-4341-8a91-e35db5d2ba8c.54a2d.png.meta,1153,ebcfaf583bd3bb8cdafe6c01ffc10d084566d780dc7862070827c1a2c3262844
06_UnityFramework/Assets/Art/HotUpdate/Native/98f2795e-1b53-48c5-9e39-dce97ed1989e/98f2795e-1b53-48c5-9e39-dce97ed1989e.d818d.png,9511,e8ea6bae48601380507f5c1f11d12a7596bd18b4886c88ed6caffd316f64320d
06_UnityFramework/Assets/Art/HotUpdate/Native/98f2795e-1b53-48c5-9e39-dce97ed1989e/98f2795e-1b53-48c5-9e39-dce97ed1989e.d818d.png.meta,1153,f5733ee162912da1876a6ca45d9ac076577681c30e92dc58afb88ca031a00716
06_UnityFramework/Assets/Art/HotUpdate/Native/9935e644-1184-4c5b-a004-fa4b37026e0c/9935e644-1184-4c5b-a004-fa4b37026e0c.d974b.png,10260,5043cbda5b7a8510f281c36e05fbc8efb9a2e300761fac82e1504f82fa9ccb50
06_UnityFramework/Assets/Art/HotUpdate/Native/9935e644-1184-4c5b-a004-fa4b37026e0c/9935e644-1184-4c5b-a004-fa4b37026e0c.d974b.png.meta,1153,5e569785bba7ebb4b3b6bdddabe4dad353775fa84cb1611a3f8e9a1833a100c3
06_UnityFramework/Assets/Art/HotUpdate/Native/993a1f48-6068-42f3-8d27-f494558ce29a/993a1f48-6068-42f3-8d27-f494558ce29a.8e4bd.png,2531,e1e9d17942d0365dc09429a37913a3ceda169a983618efb31d2c090b5f85f153
06_UnityFramework/Assets/Art/HotUpdate/Native/993a1f48-6068-42f3-8d27-f494558ce29a/993a1f48-6068-42f3-8d27-f494558ce29a.8e4bd.png.meta,1153,3397a450a1e107d633d4f64eeb5f339eea2625abf947efe5783ccde93c314251
06_UnityFramework/Assets/Art/HotUpdate/Native/99d19228-b42e-4576-8831-f9781cb3ef72/99d19228-b42e-4576-8831-f9781cb3ef72.530c0.png,5916,bc71f604ea51bda7cfc69a2f0ecba7becc6c56ab4849041f1df68a69d1f4d2f4
06_UnityFramework/Assets/Art/HotUpdate/Native/99d19228-b42e-4576-8831-f9781cb3ef72/99d19228-b42e-4576-8831-f9781cb3ef72.530c0.png.meta,1153,3b4c6f758ad038c7415cbeb67d887a0be62fff42c1ef1a2e12fb341723ceebee
06_UnityFramework/Assets/Art/HotUpdate/Native/99e7583a-6d2c-460a-975b-8764d5bf0e4f/99e7583a-6d2c-460a-975b-8764d5bf0e4f.e2fdc.png,1415,cb777af1cf4b7832bf5f32d236b8866faa337d90bb1ec6b88b595a448a7a823f
06_UnityFramework/Assets/Art/HotUpdate/Native/99e7583a-6d2c-460a-975b-8764d5bf0e4f/99e7583a-6d2c-460a-975b-8764d5bf0e4f.e2fdc.png.meta,1153,8bfe6001d3490432ddc91cf47e01a549bb7daea3fc02aad1fde38404c079692e
06_UnityFramework/Assets/Art/HotUpdate/Native/99ee6bce-3945-4d2b-b7ac-2319f8e01a52/99ee6bce-3945-4d2b-b7ac-2319f8e01a52.48a22.png,1600,c70e8568d80fd4bd6082cb290eefa3e68c0b89348aa6f7c4e025c093b372165e
06_UnityFramework/Assets/Art/HotUpdate/Native/99ee6bce-3945-4d2b-b7ac-2319f8e01a52/99ee6bce-3945-4d2b-b7ac-2319f8e01a52.48a22.png.meta,1153,8ef496cad84d11b35a6bb969676eb33cbd2d142532d5a9b70826199c9d4ae643
06_UnityFramework/Assets/Art/HotUpdate/Native/9a3957df-942a-4547-b7d3-5d5c453400db/9a3957df-942a-4547-b7d3-5d5c453400db.7933b.atlas,439,b41e42427d6a44f2969b5771ca0b22f982c1355008e0e3cf0751ca2cace1451a
06_UnityFramework/Assets/Art/HotUpdate/Native/9a3957df-942a-4547-b7d3-5d5c453400db/9a3957df-942a-4547-b7d3-5d5c453400db.7933b.atlas.meta,162,9de5ed053909a527800c082ca45a6bde22afb90bc5240cba815fe781c50e6971
06_UnityFramework/Assets/Art/HotUpdate/Native/9ba98b8f-a29f-47a7-a5d8-44d436da61e3/9ba98b8f-a29f-47a7-a5d8-44d436da61e3.c6547.png,13480,3fab1468c1255c1efaa1a74f15e4bc1670250996e3028d31d1e461747ae90646
06_UnityFramework/Assets/Art/HotUpdate/Native/9ba98b8f-a29f-47a7-a5d8-44d436da61e3/9ba98b8f-a29f-47a7-a5d8-44d436da61e3.c6547.png.meta,1153,373756d3ef8fedde867262055cc59d4ec60fa5450d57414ed0693fa808e87dd3
06_UnityFramework/Assets/Art/HotUpdate/Native/9bafa911-0987-4d56-9634-5e35ec3925a1/9bafa911-0987-4d56-9634-5e35ec3925a1.20060.png,1112,45b061d9095e08d1e3da1cb1190ae2a24be615bfa44a3b3168eafa1f0a7f8319
06_UnityFramework/Assets/Art/HotUpdate/Native/9bafa911-0987-4d56-9634-5e35ec3925a1/9bafa911-0987-4d56-9634-5e35ec3925a1.20060.png.meta,1153,a8376dc380a81c406ce456e0d76431d0af0ffe132ce948336022e32e841df307
06_UnityFramework/Assets/Art/HotUpdate/Native/9bc3ed2e-c695-4823-8975-f84e60023357/9bc3ed2e-c695-4823-8975-f84e60023357.3681a.png,20071,550dcc83e2fcd7912a4b106a87ef8b69a79bb1f6ea0a7548fee5da533b2df469
06_UnityFramework/Assets/Art/HotUpdate/Native/9bc3ed2e-c695-4823-8975-f84e60023357/9bc3ed2e-c695-4823-8975-f84e60023357.3681a.png.meta,1153,88736c8564897fe94e272f68429bff728617cfdfdc8da9d336b49f8dc7bde30b
06_UnityFramework/Assets/Art/HotUpdate/Native/9c88cd31-3870-4566-ae7d-ee1ae6e27216/9c88cd31-3870-4566-ae7d-ee1ae6e27216.2ba2a.png,7647,8135784d7c97a259529d47a228f8428b382a0ddec7f9ed490e336ab8301cd9aa
06_UnityFramework/Assets/Art/HotUpdate/Native/9c88cd31-3870-4566-ae7d-ee1ae6e27216/9c88cd31-3870-4566-ae7d-ee1ae6e27216.2ba2a.png.meta,1153,fd33841908f08c12b2e5dc75de034eac5601ccc911ea2f0f1f20b4e1d2089b67
06_UnityFramework/Assets/Art/HotUpdate/Native/9cb41a1d-beb9-4f79-9f23-9507d08cb3f9/9cb41a1d-beb9-4f79-9f23-9507d08cb3f9.994ba.png,9549,fb6cf2fe4ae0759edd9af69429f00b190f1f0f6e5665724b88ba0aab2e9e0739
06_UnityFramework/Assets/Art/HotUpdate/Native/9cb41a1d-beb9-4f79-9f23-9507d08cb3f9/9cb41a1d-beb9-4f79-9f23-9507d08cb3f9.994ba.png.meta,1153,46398afaf1cc94dad4c17232741d9201c6b13543566d07211cdc8dbe801b010e
06_UnityFramework/Assets/Art/HotUpdate/Native/9cc6da8b-80a5-467c-8af0-70eb2d7ff5ab/9cc6da8b-80a5-467c-8af0-70eb2d7ff5ab.1afcf.png,33083,0f74f6a8a68c8687c2b4488b5e05692c3cedb46e410b436fac6719d56aefde62
06_UnityFramework/Assets/Art/HotUpdate/Native/9cc6da8b-80a5-467c-8af0-70eb2d7ff5ab/9cc6da8b-80a5-467c-8af0-70eb2d7ff5ab.1afcf.png.meta,1153,60058b67f6f50dbedf9155c2aa86df821e801099b4c3ebc012d6fb8f3396a21b
06_UnityFramework/Assets/Art/HotUpdate/Native/9cf5cbe8-1f28-4bd0-bcb5-73014cb1bd8a/9cf5cbe8-1f28-4bd0-bcb5-73014cb1bd8a.0e4b9.png,47156,0cd05374833ceb6fabf87775a2a89ede99c42b1ba4cd161365404bb6341d5515
06_UnityFramework/Assets/Art/HotUpdate/Native/9cf5cbe8-1f28-4bd0-bcb5-73014cb1bd8a/9cf5cbe8-1f28-4bd0-bcb5-73014cb1bd8a.0e4b9.png.meta,1153,96a1828464ff643a97a76f324345b81f8ef59825b9f265a41e22563d81477351
06_UnityFramework/Assets/Art/HotUpdate/Native/9d41cd25-aa8e-4f35-84fd-de2acccc4b4e/9d41cd25-aa8e-4f35-84fd-de2acccc4b4e.52fcd.png,84407,1b8588f152154195aa1795295ee5a5871e57115e08e9f5a16bc60a35467b9f85
06_UnityFramework/Assets/Art/HotUpdate/Native/9d41cd25-aa8e-4f35-84fd-de2acccc4b4e/9d41cd25-aa8e-4f35-84fd-de2acccc4b4e.52fcd.png.meta,1153,569987928b8e23733dfaf2cb23d31c9e3b63be834555131439a3a57f9044c0d9
06_UnityFramework/Assets/Art/HotUpdate/Native/9de5ca07-8c7f-4bd7-b5f7-5d5972b4e559/9de5ca07-8c7f-4bd7-b5f7-5d5972b4e559.214db.mp3,56421,c60229d9ba3515b46d595a80b2c73ef9f40a68b895edbb8d5b07ffd3fad0f018
06_UnityFramework/Assets/Art/HotUpdate/Native/9de5ca07-8c7f-4bd7-b5f7-5d5972b4e559/9de5ca07-8c7f-4bd7-b5f7-5d5972b4e559.214db.mp3.meta,162,6a53f8e9086ea67ab177edc4ea1237ed7b25f1e361a3c5a97b609b100dfdb979
06_UnityFramework/Assets/Art/HotUpdate/Native/9e436e67-7145-4b6e-b747-2f4ebb7b3d84/9e436e67-7145-4b6e-b747-2f4ebb7b3d84.ec445.png,10534,26ddb64592c0ac6ab592d332712efc14dc8abf549e1e81602d716ee179be6890
06_UnityFramework/Assets/Art/HotUpdate/Native/9e436e67-7145-4b6e-b747-2f4ebb7b3d84/9e436e67-7145-4b6e-b747-2f4ebb7b3d84.ec445.png.meta,1153,56d68111dd1913d84bc257d9cee9e7fe409aef2c4b49ece2641e2c13e4403f21
06_UnityFramework/Assets/Art/HotUpdate/Native/9e93f222-f554-41ff-9974-810ed1dd909d/9e93f222-f554-41ff-9974-810ed1dd909d.2e624.png,5042,c56203888b0187025603ee62b621e09be470b7459f6566cc31f796d347c980d2
06_UnityFramework/Assets/Art/HotUpdate/Native/9e93f222-f554-41ff-9974-810ed1dd909d/9e93f222-f554-41ff-9974-810ed1dd909d.2e624.png.meta,1153,666940e3fff7f7315c0215588f02e9d1aca2300a0df0114cac6638cebb1c6dcd
06_UnityFramework/Assets/Art/HotUpdate/Native/9fb5e2a5-891b-46f9-b94e-e91594cfa093/9fb5e2a5-891b-46f9-b94e-e91594cfa093.fe2ed.mp3,54720,82f176c26a64a86ed9bf334dda2896fb41a3f9c50e45f1fecbf6d881cf410f35
06_UnityFramework/Assets/Art/HotUpdate/Native/9fb5e2a5-891b-46f9-b94e-e91594cfa093/9fb5e2a5-891b-46f9-b94e-e91594cfa093.fe2ed.mp3.meta,162,22312d318d7dfc07d5853ef172f6191ac5a52c2ff4fa195f16416d6aecb42304
06_UnityFramework/Assets/Art/HotUpdate/Native/a07acf59-f8af-4617-8a1f-5d82d774d1bc/a07acf59-f8af-4617-8a1f-5d82d774d1bc.ff79d.png,11222,23bfb9fac02b2b950989cf105501b9bc8e7dd1df98db4ed2876188047f10a996
06_UnityFramework/Assets/Art/HotUpdate/Native/a07acf59-f8af-4617-8a1f-5d82d774d1bc/a07acf59-f8af-4617-8a1f-5d82d774d1bc.ff79d.png.meta,1153,a9daccc39afe3b498c6a29f2c4dcd0835dfc00e457a91a92b88e57308484bf62
06_UnityFramework/Assets/Art/HotUpdate/Native/a07b6403-7a05-4475-854c-199bb1a5f7e2/a07b6403-7a05-4475-854c-199bb1a5f7e2.73300.png,11204,babfac403594efecc4d5bfb449de85bfff03e44f2fcf5bd5b722ed202f3653c4
06_UnityFramework/Assets/Art/HotUpdate/Native/a07b6403-7a05-4475-854c-199bb1a5f7e2/a07b6403-7a05-4475-854c-199bb1a5f7e2.73300.png.meta,1153,4dfe92b301fd59a31a52b7c449e80a6bfa355ea8a7969d97636cfc7fc993e635
06_UnityFramework/Assets/Art/HotUpdate/Native/a35fa43f-600d-4041-8425-916cf5fe680a/a35fa43f-600d-4041-8425-916cf5fe680a.064d4.png,7140,e521bf550aa0a21cd225d02b1502dda29a41a7f1b4668ab6c45b72557356a3a2
06_UnityFramework/Assets/Art/HotUpdate/Native/a35fa43f-600d-4041-8425-916cf5fe680a/a35fa43f-600d-4041-8425-916cf5fe680a.064d4.png.meta,1153,240b7ba611e54c8b6453419b58c0798f4898e61814755c313e1701a9c15a1fb8
06_UnityFramework/Assets/Art/HotUpdate/Native/a40b3d81-b703-47b4-ad33-4f4dda194ba5/a40b3d81-b703-47b4-ad33-4f4dda194ba5.f71d0.png,5201,ba69d64d2eea120e5ec3d4c265e501ac9bc17c6cd193c382f86d45b850b63b46
06_UnityFramework/Assets/Art/HotUpdate/Native/a40b3d81-b703-47b4-ad33-4f4dda194ba5/a40b3d81-b703-47b4-ad33-4f4dda194ba5.f71d0.png.meta,1153,2cbc243e9272d2d98fa1e8be1313dc3e4b8b612ae49004c37566904ea8dfb048
06_UnityFramework/Assets/Art/HotUpdate/Native/a45fd447-8f22-475e-abac-c6a21926a7c2/a45fd447-8f22-475e-abac-c6a21926a7c2.2e3b3.mp3,5960,83cd3b3990b495d9a54d424efba4cdb315ae859209d9fea2143f5995048e7985
06_UnityFramework/Assets/Art/HotUpdate/Native/a45fd447-8f22-475e-abac-c6a21926a7c2/a45fd447-8f22-475e-abac-c6a21926a7c2.2e3b3.mp3.meta,162,a3f375b77e6a310bc7de303017d7ec74ff5d272680950008111d4cae2713de80
06_UnityFramework/Assets/Art/HotUpdate/Native/a494ae35-e395-45e9-906a-6906781b5c17/a494ae35-e395-45e9-906a-6906781b5c17.3e769.png,4585,078495e1ad32c8ba8162369c305859751a4fa5f6e37dc5a81d7c7049c0779bd6
06_UnityFramework/Assets/Art/HotUpdate/Native/a494ae35-e395-45e9-906a-6906781b5c17/a494ae35-e395-45e9-906a-6906781b5c17.3e769.png.meta,1153,becf26e27ae1e15e4d83c06239cb9b69a0e7d11bab0cb8760133dbf78cf38e7f
06_UnityFramework/Assets/Art/HotUpdate/Native/a5131f33-5e42-48f5-83ae-e6ee6146dc37/a5131f33-5e42-48f5-83ae-e6ee6146dc37.4e040.png,10174,31f0050be6793a8c5e260672d431fd33238564e6cd294f31c7c326a075e7e577
06_UnityFramework/Assets/Art/HotUpdate/Native/a5131f33-5e42-48f5-83ae-e6ee6146dc37/a5131f33-5e42-48f5-83ae-e6ee6146dc37.4e040.png.meta,1153,e2cec2fd062645ef948da3c83c20e170b87575ea1d5ce10defedca5d19e8c63b
06_UnityFramework/Assets/Art/HotUpdate/Native/a5856dda-7477-43b6-aec7-d91390584aca/a5856dda-7477-43b6-aec7-d91390584aca.b1090.png,4225,4c8f8bab5925a1b717a9bdb888b066ee3b35bdc625631efc5215213c0eead5e1
06_UnityFramework/Assets/Art/HotUpdate/Native/a5856dda-7477-43b6-aec7-d91390584aca/a5856dda-7477-43b6-aec7-d91390584aca.b1090.png.meta,1153,74e070971239f3f7cd34089712e30dcd2475e924bd72013da45c09bc549820e4
06_UnityFramework/Assets/Art/HotUpdate/Native/a5cc2672-da8a-48be-849f-9c5c431913a2/a5cc2672-da8a-48be-849f-9c5c431913a2.20060.png,1112,45b061d9095e08d1e3da1cb1190ae2a24be615bfa44a3b3168eafa1f0a7f8319
06_UnityFramework/Assets/Art/HotUpdate/Native/a5cc2672-da8a-48be-849f-9c5c431913a2/a5cc2672-da8a-48be-849f-9c5c431913a2.20060.png.meta,1153,0928f77d6a4074f711461d1c0704850e91ef7813ec3b1410354c908901bfb48f
06_UnityFramework/Assets/Art/HotUpdate/Native/a5dbbb08-bc69-4768-ac36-a1e3726b5c71/a5dbbb08-bc69-4768-ac36-a1e3726b5c71.162a7.mp3,3988,beef071489685364bf53ef22eb5c4d783d7775fb80d3f0fbfb782b1315477a1a
06_UnityFramework/Assets/Art/HotUpdate/Native/a5dbbb08-bc69-4768-ac36-a1e3726b5c71/a5dbbb08-bc69-4768-ac36-a1e3726b5c71.162a7.mp3.meta,162,a3c8dcc788ab0c3e8422d0a0c54e1e956dbf451a7897b954ef5fae1a468ed541
06_UnityFramework/Assets/Art/HotUpdate/Native/a66ab0b3-5ae7-4cb0-a41f-df0f72e96c98/a66ab0b3-5ae7-4cb0-a41f-df0f72e96c98.4ee1c.png,2049,018fed7b432235b0fb818cc046502af6e3ffc62224e6333645f1d908b034f779
06_UnityFramework/Assets/Art/HotUpdate/Native/a66ab0b3-5ae7-4cb0-a41f-df0f72e96c98/a66ab0b3-5ae7-4cb0-a41f-df0f72e96c98.4ee1c.png.meta,1153,585afb27ed3f9c9144abaaeb63eff6ddf1078165d9753d4b541e4c70800eb9e1
06_UnityFramework/Assets/Art/HotUpdate/Native/a7e06987-f8db-4542-9a17-734c0b6ec1c9/a7e06987-f8db-4542-9a17-734c0b6ec1c9.d077e.png,4757,e9983d33aca3ca316b5dcfb02836a574ad8d4911b5a5ad1fdb6749c04c7336f6
06_UnityFramework/Assets/Art/HotUpdate/Native/a7e06987-f8db-4542-9a17-734c0b6ec1c9/a7e06987-f8db-4542-9a17-734c0b6ec1c9.d077e.png.meta,1153,1a4de507fa88159221851c97368a281d96dcb5b3cf68ec7d14f171cb1eda8ffd
06_UnityFramework/Assets/Art/HotUpdate/Native/a8ac38d4-bce6-40af-a131-6c85e2faa70b/a8ac38d4-bce6-40af-a131-6c85e2faa70b.0e16d.png,11496,20f6a216e0319350da426f3c2ed2ddb9721ac10f53292fe5e02aa1ef84ba69ad
06_UnityFramework/Assets/Art/HotUpdate/Native/a8ac38d4-bce6-40af-a131-6c85e2faa70b/a8ac38d4-bce6-40af-a131-6c85e2faa70b.0e16d.png.meta,1153,6f09705ecc7ee7a5f86aaee818ae360606b761b9436ce9e6e985a007e18a659f
06_UnityFramework/Assets/Art/HotUpdate/Native/a8b06594-7cee-4ec7-afd4-b8dd75098ea6/a8b06594-7cee-4ec7-afd4-b8dd75098ea6.c85a7.png,4782,081bf827657f557d231d0b7d53e30f8ca63e423fd830ad8923ad5367b866d7e9
06_UnityFramework/Assets/Art/HotUpdate/Native/a8b06594-7cee-4ec7-afd4-b8dd75098ea6/a8b06594-7cee-4ec7-afd4-b8dd75098ea6.c85a7.png.meta,1153,4eb528a6ce804645c4de5199f1c6ecbf70a28880eddc183009ed8a40686d8d40
06_UnityFramework/Assets/Art/HotUpdate/Native/a97ea43f-2609-4e22-8a45-cf2d4f19d0f2/a97ea43f-2609-4e22-8a45-cf2d4f19d0f2.acb7d.png,4996,f05b0ef41f4c32450e7720b57e37a39e750a4f5c9812ac47d4ef882f087a921a
06_UnityFramework/Assets/Art/HotUpdate/Native/a97ea43f-2609-4e22-8a45-cf2d4f19d0f2/a97ea43f-2609-4e22-8a45-cf2d4f19d0f2.acb7d.png.meta,1153,774f42d354f63c40bb42ec04c357acc8f9c6b8725d914499db069a5ab5f81fe5
06_UnityFramework/Assets/Art/HotUpdate/Native/aa425258-1a19-4c18-9aa4-8466eae68d2b/aa425258-1a19-4c18-9aa4-8466eae68d2b.67678.png,11999,078c7732fd8ee833ff57882d790ba0d9fad71753dc5621b6d831ab877c8eae83
06_UnityFramework/Assets/Art/HotUpdate/Native/aa425258-1a19-4c18-9aa4-8466eae68d2b/aa425258-1a19-4c18-9aa4-8466eae68d2b.67678.png.meta,1153,e2e2e23d572bb82cdbbdf4064550ad14d563e769e393f2f689712b45d6b2bccc
06_UnityFramework/Assets/Art/HotUpdate/Native/aa7b3788-4121-4f50-909f-5d948bf2a304/aa7b3788-4121-4f50-909f-5d948bf2a304.287f2.png,91965,59cb242d26a2a86f300c23477cc6f736b5501e832bdfee76ba21205ddd400a95
06_UnityFramework/Assets/Art/HotUpdate/Native/aa7b3788-4121-4f50-909f-5d948bf2a304/aa7b3788-4121-4f50-909f-5d948bf2a304.287f2.png.meta,1153,5910fc9521e93f7b4de8b3c4fc9b3f01eba6cf8490af237b84bc91727a7fe545
06_UnityFramework/Assets/Art/HotUpdate/Native/aadc74bf-2ad8-4fcb-81f8-1a42f5dde80c/aadc74bf-2ad8-4fcb-81f8-1a42f5dde80c.f4623.png,4553,ef8419ed14ebd71e56551ca64ebcb2c9a05dc273a9f029a59adb20cb13575a69
06_UnityFramework/Assets/Art/HotUpdate/Native/aadc74bf-2ad8-4fcb-81f8-1a42f5dde80c/aadc74bf-2ad8-4fcb-81f8-1a42f5dde80c.f4623.png.meta,1153,72a9b5112de7607047ca03f0885dca7eb15eefc9c3efefd62c2dfcd99c17f53b
06_UnityFramework/Assets/Art/HotUpdate/Native/aaf553f6-8a16-46a2-a272-355b343cde4a/aaf553f6-8a16-46a2-a272-355b343cde4a.a7b7b.png,4793,76b0babec838dda357ad9a97b89b5c7df96394b6a51b4b3da3f9aaefb53f75c0
06_UnityFramework/Assets/Art/HotUpdate/Native/aaf553f6-8a16-46a2-a272-355b343cde4a/aaf553f6-8a16-46a2-a272-355b343cde4a.a7b7b.png.meta,1153,897830da494709c33668a23414e08fb54a3951ec80d0c7c0013e618a1aad77ff
06_UnityFramework/Assets/Art/HotUpdate/Native/ab36d7c1-1991-4caf-9ebe-987e05c2a37d/ab36d7c1-1991-4caf-9ebe-987e05c2a37d.2cf85.png,29588,864cafd476cc1578a0ae9aa8751ee201075f20a047ca1b1b83cb40cb2952d838
06_UnityFramework/Assets/Art/HotUpdate/Native/ab36d7c1-1991-4caf-9ebe-987e05c2a37d/ab36d7c1-1991-4caf-9ebe-987e05c2a37d.2cf85.png.meta,1153,736d27bad313e4d496d048bf5bdfc7721d12270b1292b6aa2e12c7708cec3f09
06_UnityFramework/Assets/Art/HotUpdate/Native/ac6d3bb9-434e-4c22-9242-d91744bc0ee7/ac6d3bb9-434e-4c22-9242-d91744bc0ee7.5ad5f.png,12887,97acb9364336a3cff81f35c935559df61b1d135b72093fdb528f608fdb01f823
06_UnityFramework/Assets/Art/HotUpdate/Native/ac6d3bb9-434e-4c22-9242-d91744bc0ee7/ac6d3bb9-434e-4c22-9242-d91744bc0ee7.5ad5f.png.meta,1153,ed77fc8b585862a8781bf37060c6578f2e43dfe317129d5237e570098575990f
06_UnityFramework/Assets/Art/HotUpdate/Native/ad13543c-0484-49cd-9e07-963effe9a1da/ad13543c-0484-49cd-9e07-963effe9a1da.c1dba.png,4926,d9dbed13fb519829a617ae32790c3c898f9210546762013586db29ebaa60967e
06_UnityFramework/Assets/Art/HotUpdate/Native/ad13543c-0484-49cd-9e07-963effe9a1da/ad13543c-0484-49cd-9e07-963effe9a1da.c1dba.png.meta,1153,6b6f06fd7caeede161b9ea497f1c6f016fa6bcfdb84d404af88b5c6255f0cfe3
06_UnityFramework/Assets/Art/HotUpdate/Native/ad187cf3-6ebe-4f5e-82fc-3db56aba135e/ad187cf3-6ebe-4f5e-82fc-3db56aba135e.eea45.png,221894,5c2eafa687b70afc3905c4a649f9cdcbe9f99b49773d4839dcc900c221b1ade2
06_UnityFramework/Assets/Art/HotUpdate/Native/ad187cf3-6ebe-4f5e-82fc-3db56aba135e/ad187cf3-6ebe-4f5e-82fc-3db56aba135e.eea45.png.meta,1153,14df444f825559642bc19123963f7ea51119fb2ff5cf26f9a16cb5e23ec5414f
06_UnityFramework/Assets/Art/HotUpdate/Native/ad8d9498-050b-4c07-b799-4507effab1ea/ad8d9498-050b-4c07-b799-4507effab1ea.548dd.png,2644,a2bbf4b5f608e06230b566464d946542415c271085ca44591a535910bf5f7188
06_UnityFramework/Assets/Art/HotUpdate/Native/ad8d9498-050b-4c07-b799-4507effab1ea/ad8d9498-050b-4c07-b799-4507effab1ea.548dd.png.meta,1153,5a0090e1c211efb6dd7a1bac776fc91dbd2d740008c36c2ccd31fd7597e32f8f
06_UnityFramework/Assets/Art/HotUpdate/Native/adc035b1-931d-493b-b587-81d704e83709/adc035b1-931d-493b-b587-81d704e83709.b6c7c.png,7688,2a8afcb5cdde7ae050c207faa4fcd7f013cfb9862b44f01c891bd875dfe68801
06_UnityFramework/Assets/Art/HotUpdate/Native/adc035b1-931d-493b-b587-81d704e83709/adc035b1-931d-493b-b587-81d704e83709.b6c7c.png.meta,1153,f1072ae11b41d318aa78e085791977ee6122530157230eea2c66f0b0b2f0a7b7
06_UnityFramework/Assets/Art/HotUpdate/Native/ae32c2fc-7f1a-4565-9d65-44c1cf3d8920/ae32c2fc-7f1a-4565-9d65-44c1cf3d8920.c128d.atlas,3000,ed6064dd70bb3591ae5d9f974157429b63c4293043f5f464196fe7d04b7c7c6b
06_UnityFramework/Assets/Art/HotUpdate/Native/ae32c2fc-7f1a-4565-9d65-44c1cf3d8920/ae32c2fc-7f1a-4565-9d65-44c1cf3d8920.c128d.atlas.meta,162,54ec40740aa96e0219531d8bb50dae906c456644ea5f680cf1b4b51f260ef646
06_UnityFramework/Assets/Art/HotUpdate/Native/ae5e88ea-057b-4d86-a75d-6e7d05739d7a/ae5e88ea-057b-4d86-a75d-6e7d05739d7a.1cc57.png,6165,6418bf927857a557a13f3e64413d773f233404b68f82b1ce06894ae739c7e74e
06_UnityFramework/Assets/Art/HotUpdate/Native/ae5e88ea-057b-4d86-a75d-6e7d05739d7a/ae5e88ea-057b-4d86-a75d-6e7d05739d7a.1cc57.png.meta,1153,a4ed6170909ea912db0b0add59db4a2dfd332a24a9118f277002440d7dbf6972
06_UnityFramework/Assets/Art/HotUpdate/Native/b02ba614-5d3c-4061-9443-699bbf7558b1/b02ba614-5d3c-4061-9443-699bbf7558b1.1e87d.mp3,41935,03a824969190ac0f47d41b18193ab215228b0e2f4517e80b2cb7dfbbd18688fd
06_UnityFramework/Assets/Art/HotUpdate/Native/b02ba614-5d3c-4061-9443-699bbf7558b1/b02ba614-5d3c-4061-9443-699bbf7558b1.1e87d.mp3.meta,162,3b8682b3de9bc662a2f1eb9200edb3be77756e930d6722c39e17dff8354abf2b
06_UnityFramework/Assets/Art/HotUpdate/Native/b0accc66-b674-4eed-ab20-8a2d49ad95c8/b0accc66-b674-4eed-ab20-8a2d49ad95c8.3dae2.png,7689,cf47c26b0db59c1d79f1726266a66de3d378074f14119bd1e6a3ac3e18217e1f
06_UnityFramework/Assets/Art/HotUpdate/Native/b0accc66-b674-4eed-ab20-8a2d49ad95c8/b0accc66-b674-4eed-ab20-8a2d49ad95c8.3dae2.png.meta,1153,79db7a43c9cfb9c5a9f1e5373a5149a84326ac98a102c0d13d25a45f4e90b935
06_UnityFramework/Assets/Art/HotUpdate/Native/b0f3e395-6271-4dc4-82ea-a40f1931b96d/b0f3e395-6271-4dc4-82ea-a40f1931b96d.ae4e1.png,3022,7bc3d05a4aef443d4925390854dab96138cf8481d86a12bcd68430014fcb079d
06_UnityFramework/Assets/Art/HotUpdate/Native/b0f3e395-6271-4dc4-82ea-a40f1931b96d/b0f3e395-6271-4dc4-82ea-a40f1931b96d.ae4e1.png.meta,1153,527102c3042a6ca46a09a374c13c0b746cb3662b909d721f65f400107c27273b
06_UnityFramework/Assets/Art/HotUpdate/Native/b0ff76d9-546b-4564-a9bf-bcbeb176f581/b0ff76d9-546b-4564-a9bf-bcbeb176f581.cf3d5.png,91746,59d41fba874ef54c6fd976fedec921af36d75659d5b9f920ba98a8cabe1cedc9
06_UnityFramework/Assets/Art/HotUpdate/Native/b0ff76d9-546b-4564-a9bf-bcbeb176f581/b0ff76d9-546b-4564-a9bf-bcbeb176f581.cf3d5.png.meta,1153,e1bef7670ad7ff99cb39ef1fc0c5feeb9673ae30bccd5549c6378238a8361158
06_UnityFramework/Assets/Art/HotUpdate/Native/b1922039-13bf-4a1a-8d25-5140ba4ac502/b1922039-13bf-4a1a-8d25-5140ba4ac502.9e4a6.png,11299,10cda495a67f3c23331a0310cfcafbe699289ea275ce0a43576063b23b853d9e
06_UnityFramework/Assets/Art/HotUpdate/Native/b1922039-13bf-4a1a-8d25-5140ba4ac502/b1922039-13bf-4a1a-8d25-5140ba4ac502.9e4a6.png.meta,1153,82f7252b38855e79d1dd0c2c62c46b57d4a95ddadd45e567df7c3d05b0286d10
06_UnityFramework/Assets/Art/HotUpdate/Native/b1b7e697-fcde-40c6-b7c9-aef3973255bc/b1b7e697-fcde-40c6-b7c9-aef3973255bc.24ba6.png,2216,6d9db8679ab68184583d73e9986c6b33f11989a0e693e3fe53e19e6880d11952
06_UnityFramework/Assets/Art/HotUpdate/Native/b1b7e697-fcde-40c6-b7c9-aef3973255bc/b1b7e697-fcde-40c6-b7c9-aef3973255bc.24ba6.png.meta,1153,344b658cc3486cc9ec458b583bf147fb01f17a37f29b90a7b7bc5f69ca2c7946
06_UnityFramework/Assets/Art/HotUpdate/Native/b209eb26-fa31-4227-8ee1-0726b8b00e9b/b209eb26-fa31-4227-8ee1-0726b8b00e9b.42e84.png,170107,78e77616a1203f3da666ee2acf1312ee7155b8221b73af9b4c500911b2c0427f
06_UnityFramework/Assets/Art/HotUpdate/Native/b209eb26-fa31-4227-8ee1-0726b8b00e9b/b209eb26-fa31-4227-8ee1-0726b8b00e9b.42e84.png.meta,1153,a5eb95b967b3c96126db37946f3f2bb37e6b5484cf4c1f8fd236b37d2d673043
06_UnityFramework/Assets/Art/HotUpdate/Native/b2789684-61a0-4923-92da-ba0f8eb33053/b2789684-61a0-4923-92da-ba0f8eb33053.d53cd.mp3,21221,dc268c163b1fe6e511ceb7feb79421eeb35331983214acb6d553e9d1c81ba372
06_UnityFramework/Assets/Art/HotUpdate/Native/b2789684-61a0-4923-92da-ba0f8eb33053/b2789684-61a0-4923-92da-ba0f8eb33053.d53cd.mp3.meta,162,9dfc4eb954b568a49e7fe04e6a97405d0d65d701a024d6bc324e5e93d917b2e1
06_UnityFramework/Assets/Art/HotUpdate/Native/b301afa3-f1ec-40c3-8045-bedd2e97915e/b301afa3-f1ec-40c3-8045-bedd2e97915e.cfe45.png,1741746,24768f43e02ad3164228a64480e5440dc2fa1d79aa4edbac15dc8c2c961dbcfd
06_UnityFramework/Assets/Art/HotUpdate/Native/b301afa3-f1ec-40c3-8045-bedd2e97915e/b301afa3-f1ec-40c3-8045-bedd2e97915e.cfe45.png.meta,1153,9f4ae715ee4923d0bdcd8cf5834381cf99519bc8df591f247e146747694739e1
06_UnityFramework/Assets/Art/HotUpdate/Native/b30b0868-0818-47be-a3e4-c913dabae1fe/b30b0868-0818-47be-a3e4-c913dabae1fe.6be83.atlas,2562,d8f45d109ea1bd6eb3d295f0abf7bf013524c52e605106f4ca56f5a2c95104d8
06_UnityFramework/Assets/Art/HotUpdate/Native/b30b0868-0818-47be-a3e4-c913dabae1fe/b30b0868-0818-47be-a3e4-c913dabae1fe.6be83.atlas.meta,162,783bd3e4f5c1ea25a82b8981666811e168765aa28257cdc3e2a8eb625f19f502
06_UnityFramework/Assets/Art/HotUpdate/Native/b3680aad-a71c-4adf-863b-b3ac71a0e940/b3680aad-a71c-4adf-863b-b3ac71a0e940.d4fde.png,68659,1c36d79ce25e9a21882548365c974f71530fbd1b47b483edb9471ea96dd693c8
06_UnityFramework/Assets/Art/HotUpdate/Native/b3680aad-a71c-4adf-863b-b3ac71a0e940/b3680aad-a71c-4adf-863b-b3ac71a0e940.d4fde.png.meta,1153,8b5257d630a9c90326db8d7aa7c2fb8ec153f39ae675efe51f98d60a128a6da5
06_UnityFramework/Assets/Art/HotUpdate/Native/b3efe63b-d728-4a7d-822a-5ab58aa9148b/b3efe63b-d728-4a7d-822a-5ab58aa9148b.35384.png,10332,a6408e8685c0c5438ef7f5bb1839d7f005ce494222a3eef6b89f94e9bfe2c64a
06_UnityFramework/Assets/Art/HotUpdate/Native/b3efe63b-d728-4a7d-822a-5ab58aa9148b/b3efe63b-d728-4a7d-822a-5ab58aa9148b.35384.png.meta,1153,9e451e2736bd926d05c03c5bc08bb3d2332bb3611f9cad543bdcab1e7f2d1b63
06_UnityFramework/Assets/Art/HotUpdate/Native/b43ff3c2-02bb-4874-81f7-f2dea6970f18/b43ff3c2-02bb-4874-81f7-f2dea6970f18.83fcc.png,1114,132fda6a4b38333dcb471f09be05aed43d01b83dcc7a09c168b5629cdee31865
06_UnityFramework/Assets/Art/HotUpdate/Native/b43ff3c2-02bb-4874-81f7-f2dea6970f18/b43ff3c2-02bb-4874-81f7-f2dea6970f18.83fcc.png.meta,1153,5b40c0f3264184d576c4e78126d08766a4a2400b058e3171f48f088492230b0c
06_UnityFramework/Assets/Art/HotUpdate/Native/b4cccefa-7b5f-453a-9515-4421c489a312/b4cccefa-7b5f-453a-9515-4421c489a312.1b5aa.png,20254,a4eeaee48debb2b0f5746e27569865dc7c9783fdd1ddf3623ab2df4f772c99ad
06_UnityFramework/Assets/Art/HotUpdate/Native/b4cccefa-7b5f-453a-9515-4421c489a312/b4cccefa-7b5f-453a-9515-4421c489a312.1b5aa.png.meta,1153,0a9646827d94516283d8669630658b96f78e6325dc4d219c97180d5adefec5f0
06_UnityFramework/Assets/Art/HotUpdate/Native/b4fafe24-c869-491e-885e-a0b667366ccf/b4fafe24-c869-491e-885e-a0b667366ccf.cfb80.png,4689,1cbe0cd3c1eab4bca03ad452d829c8de01732e041f1422b7e764c499380fe911
06_UnityFramework/Assets/Art/HotUpdate/Native/b4fafe24-c869-491e-885e-a0b667366ccf/b4fafe24-c869-491e-885e-a0b667366ccf.cfb80.png.meta,1153,0481002af500390c3f5c1b4f793c7bd3ec1af6c0b4fe47adc1b96d13fabaa9ec
06_UnityFramework/Assets/Art/HotUpdate/Native/b5e12702-d79d-4a5a-a1ba-ed654718a090/b5e12702-d79d-4a5a-a1ba-ed654718a090.2fa60.wav,34604,a069ca1023ac545d3f0b36e7f0b7c75590800169f2b4bacf67852638b1e75bc3
06_UnityFramework/Assets/Art/HotUpdate/Native/b5e12702-d79d-4a5a-a1ba-ed654718a090/b5e12702-d79d-4a5a-a1ba-ed654718a090.2fa60.wav.meta,162,75b2c58e26d18d0ff18ae002706a6991a0c26d6496e89ee58441913c6a44dda1
06_UnityFramework/Assets/Art/HotUpdate/Native/b72f23f4-fabc-4fa0-89bc-f0f364a851cc/b72f23f4-fabc-4fa0-89bc-f0f364a851cc.07ca9.png,11497,ecf02835abe65faf805327040b8355cfd12cb43910780d987d43e177ad8a5960
06_UnityFramework/Assets/Art/HotUpdate/Native/b72f23f4-fabc-4fa0-89bc-f0f364a851cc/b72f23f4-fabc-4fa0-89bc-f0f364a851cc.07ca9.png.meta,1153,7b03c222a59d790e41bed5859a6bd6508c80d15b393f8ccead5cb9ad4a80cfe2
06_UnityFramework/Assets/Art/HotUpdate/Native/b76fe349-beed-41e3-aa49-d37b0b0873f7/b76fe349-beed-41e3-aa49-d37b0b0873f7.b12be.png,101649,df6b46408c722c218f6a86b9e9150c53299fc3ae30db613de38c8859f9c8a3b0
06_UnityFramework/Assets/Art/HotUpdate/Native/b76fe349-beed-41e3-aa49-d37b0b0873f7/b76fe349-beed-41e3-aa49-d37b0b0873f7.b12be.png.meta,1153,bfef0945b7d7b9c88bdbb5757da0633a3764831db2fe8c79e7a013b866699923
06_UnityFramework/Assets/Art/HotUpdate/Native/b828f446-bbd7-4385-a656-787de4635157/b828f446-bbd7-4385-a656-787de4635157.75bc4.png,62778,3e4eb653f66b9a2fdf75a78b0c43595119d5296a94dacd6d37a080b23b875aeb
06_UnityFramework/Assets/Art/HotUpdate/Native/b828f446-bbd7-4385-a656-787de4635157/b828f446-bbd7-4385-a656-787de4635157.75bc4.png.meta,1153,12704917a606ebf86663fa789b5bd60fc79a0a84422b825d4eb1136f00259690
06_UnityFramework/Assets/Art/HotUpdate/Native/b9877381-bf3b-413a-8614-c71c68089693/b9877381-bf3b-413a-8614-c71c68089693.e3b60.png,15088,24a6b0fc677a9d3de03349945b0deff516180d70c405be46a2a6cc040ad29208
06_UnityFramework/Assets/Art/HotUpdate/Native/b9877381-bf3b-413a-8614-c71c68089693/b9877381-bf3b-413a-8614-c71c68089693.e3b60.png.meta,1153,300ffb0ad6a8ab1112584665ba6a98d697e1d5126934fe5f2c46f5e4aaafad48
06_UnityFramework/Assets/Art/HotUpdate/Native/bb1c8bdb-6e1d-4d52-ad3c-05f0ca7b4ebd/bb1c8bdb-6e1d-4d52-ad3c-05f0ca7b4ebd.8f872.png,8473,93fc9b6b15ff8222e73c136b3e82bd03123c18a70c51e74b7b31cfe71badee5e
06_UnityFramework/Assets/Art/HotUpdate/Native/bb1c8bdb-6e1d-4d52-ad3c-05f0ca7b4ebd/bb1c8bdb-6e1d-4d52-ad3c-05f0ca7b4ebd.8f872.png.meta,1153,0d892c803d94a9ccc2d53f40ddc51089dcad093ef7e84d0adbcc25fda992d602
06_UnityFramework/Assets/Art/HotUpdate/Native/bb3e9e50-e9df-4200-a234-d4886f908f5c/bb3e9e50-e9df-4200-a234-d4886f908f5c.a735c.png,7770,98c7a71c92d5847d2ccaea08a69b49978ce8f72cfc9715ab1917abbbe0ddbe62
06_UnityFramework/Assets/Art/HotUpdate/Native/bb3e9e50-e9df-4200-a234-d4886f908f5c/bb3e9e50-e9df-4200-a234-d4886f908f5c.a735c.png.meta,1153,75fb5c1b7fcd4d1bff14b8715afa2de9ad27e3baf6ffedc31d40b7403577e862
06_UnityFramework/Assets/Art/HotUpdate/Native/bcefb0cd-136e-43b4-8224-7082659fe72e/bcefb0cd-136e-43b4-8224-7082659fe72e.82144.png,145496,fd53c8353d5568d29b5de245f987d3d6f74abaef72e0f35973a0c061a7cfbfa2
06_UnityFramework/Assets/Art/HotUpdate/Native/bcefb0cd-136e-43b4-8224-7082659fe72e/bcefb0cd-136e-43b4-8224-7082659fe72e.82144.png.meta,1153,84d276fbcb1a2a46fecce81071faf01bd21a7d62915f9f95e6c283e732a18f97
06_UnityFramework/Assets/Art/HotUpdate/Native/bd9fe524-412b-481c-9d55-55338e112966/bd9fe524-412b-481c-9d55-55338e112966.02f23.png,144466,d81e9b09e40e59cf8fe949a62900efed92d2835fb010207318e6f1b612cdaec3
06_UnityFramework/Assets/Art/HotUpdate/Native/bd9fe524-412b-481c-9d55-55338e112966/bd9fe524-412b-481c-9d55-55338e112966.02f23.png.meta,1153,757afadf1252c041f9e55edba0f8976a2fb102b1f301db653a764f1f12122b8e
06_UnityFramework/Assets/Art/HotUpdate/Native/be1d0bb4-ebeb-4293-a4b0-b1320fa718c2/be1d0bb4-ebeb-4293-a4b0-b1320fa718c2.e7f0a.png,1609,84510ca012ae82cb80ab4f38037b4c6f709c38680abc92b47569875d4a2e7436
06_UnityFramework/Assets/Art/HotUpdate/Native/be1d0bb4-ebeb-4293-a4b0-b1320fa718c2/be1d0bb4-ebeb-4293-a4b0-b1320fa718c2.e7f0a.png.meta,1153,6f56c9936ccc31ec84ea15333d417260031ffea5da2d442d609cd6f3daf7510d
06_UnityFramework/Assets/Art/HotUpdate/Native/be9e17fb-b5b4-4352-bd04-07f0ea38cfeb/be9e17fb-b5b4-4352-bd04-07f0ea38cfeb.edb24.png,4829,9fd93a0bc1e6e7d78d241da2073691ab3c2ef9178b9c79ee78e4a662bcc107aa
06_UnityFramework/Assets/Art/HotUpdate/Native/be9e17fb-b5b4-4352-bd04-07f0ea38cfeb/be9e17fb-b5b4-4352-bd04-07f0ea38cfeb.edb24.png.meta,1153,17d3a7398205cc7588ea76714bf463642423dfef898c8593687a708b9c7c544e
06_UnityFramework/Assets/Art/HotUpdate/Native/beeddf78-7220-4f0a-ac0c-91e5ae9e3bac/beeddf78-7220-4f0a-ac0c-91e5ae9e3bac.85cd8.png,236210,3cde13c69212aaad4097a01bed8d07923c9c55acfd554c58331ad0b0908f6b85
06_UnityFramework/Assets/Art/HotUpdate/Native/beeddf78-7220-4f0a-ac0c-91e5ae9e3bac/beeddf78-7220-4f0a-ac0c-91e5ae9e3bac.85cd8.png.meta,1153,f72a15b21e6cbd0efcfa93768ddd9af03cea7d8968caaada991c515b00c78801
06_UnityFramework/Assets/Art/HotUpdate/Native/c0944be6-bf96-46f6-8fbd-8d287390cb2d/c0944be6-bf96-46f6-8fbd-8d287390cb2d.eb02f.png,3111,2b62aac399e0f970e472042048ca17721b270e8b89627be7dd0781260826c26d
06_UnityFramework/Assets/Art/HotUpdate/Native/c0944be6-bf96-46f6-8fbd-8d287390cb2d/c0944be6-bf96-46f6-8fbd-8d287390cb2d.eb02f.png.meta,1153,625a24f6ab58131b21c70311a9ede617bdd4c577f0613f21246b6e49f4eca52e
06_UnityFramework/Assets/Art/HotUpdate/Native/c106c6c9-bf67-4141-a4e6-46162dc7131e/c106c6c9-bf67-4141-a4e6-46162dc7131e.f9b32.png,18119,13524ad38dcb7421612b2664602a13eb02c77ae0e3100314ffbc4e432181a9c4
06_UnityFramework/Assets/Art/HotUpdate/Native/c106c6c9-bf67-4141-a4e6-46162dc7131e/c106c6c9-bf67-4141-a4e6-46162dc7131e.f9b32.png.meta,1153,379aa2438a0cd52729d32f4da2af00071ba0e99f3ff721acdd1d9db1815f6d4b
06_UnityFramework/Assets/Art/HotUpdate/Native/c13fc880-7a29-489a-be32-bfc4cc4accd4/c13fc880-7a29-489a-be32-bfc4cc4accd4.6d447.png,102624,725d09c42a4d482a88ffa1d6b6b04a08bd1bba7a3f64117287f8ad340fd1aab7
06_UnityFramework/Assets/Art/HotUpdate/Native/c13fc880-7a29-489a-be32-bfc4cc4accd4/c13fc880-7a29-489a-be32-bfc4cc4accd4.6d447.png.meta,1153,54f21cb9d632cd90ef45b59b9afbdc3bd63521f390cf3cb529a639c1ccf9ee33
06_UnityFramework/Assets/Art/HotUpdate/Native/c292251d-1b64-4f78-9233-fb9f1b5d4bf8/c292251d-1b64-4f78-9233-fb9f1b5d4bf8.e803d.png,23457,3830f1a7bf48a60a41d5f4ddf0396279bedd33a6aa0f0c2883c8e281031e18ab
06_UnityFramework/Assets/Art/HotUpdate/Native/c292251d-1b64-4f78-9233-fb9f1b5d4bf8/c292251d-1b64-4f78-9233-fb9f1b5d4bf8.e803d.png.meta,1153,b9e69a2e534a6b316cd20b401db83294177aeb0298e38b8e384c0636256fe8c1
06_UnityFramework/Assets/Art/HotUpdate/Native/c2c190e5-5aa2-4678-b43e-c5223d2575b0/c2c190e5-5aa2-4678-b43e-c5223d2575b0.2f211.png,2586,b994c70c6d22bccb1771b24b00cf0560855f2a4cc767b63a9ff544248d66ca48
06_UnityFramework/Assets/Art/HotUpdate/Native/c2c190e5-5aa2-4678-b43e-c5223d2575b0/c2c190e5-5aa2-4678-b43e-c5223d2575b0.2f211.png.meta,1153,f2f605d9422b5d3e50ba24b904d8f00c4ba0704a9978e7a0c2cedf956df09d0e
06_UnityFramework/Assets/Art/HotUpdate/Native/c357acda-e071-47e8-a989-a11fdb7285bb/c357acda-e071-47e8-a989-a11fdb7285bb.4db00.png,11350,4d2ae61d582a8ed36bc3a66761b6c8c9fc982ecefe52b1b5d06d3138fa44e471
06_UnityFramework/Assets/Art/HotUpdate/Native/c357acda-e071-47e8-a989-a11fdb7285bb/c357acda-e071-47e8-a989-a11fdb7285bb.4db00.png.meta,1153,ed2a2e9412e261ab1609dd167c9fb46af34e75335444f0f8a29fa77982203f3a
06_UnityFramework/Assets/Art/HotUpdate/Native/c36f733b-5254-4f8f-9197-78213af39d55/c36f733b-5254-4f8f-9197-78213af39d55.836fb.png,5856,ddb3ab3efbf155a57bf3b74cf4ef0a0f5c91d35d7c7f649fbb3a5b3b02f25d64
06_UnityFramework/Assets/Art/HotUpdate/Native/c36f733b-5254-4f8f-9197-78213af39d55/c36f733b-5254-4f8f-9197-78213af39d55.836fb.png.meta,1153,b1f43cf2ebadaeea854089c9913730a9e4b6a5e68fb72c6ecf13b616a7dd807a
06_UnityFramework/Assets/Art/HotUpdate/Native/c41fc6f8-f43f-47f2-920b-9353e6b0cb99/c41fc6f8-f43f-47f2-920b-9353e6b0cb99.7cef9.png,8010,c9c76a78c6360e9b36fd73f2df0feabd733180949284d700d69966bca06937b3
06_UnityFramework/Assets/Art/HotUpdate/Native/c41fc6f8-f43f-47f2-920b-9353e6b0cb99/c41fc6f8-f43f-47f2-920b-9353e6b0cb99.7cef9.png.meta,1153,a358edf020cb9d0d3e3b8be7c318cc3d8f7ca96b2912a113b3ad47d2d447a256
06_UnityFramework/Assets/Art/HotUpdate/Native/c467364f-fa90-4dca-b14a-7d8291ec80fd/c467364f-fa90-4dca-b14a-7d8291ec80fd.08cbe.png,7869,971df0112ff9bcfda85638881c5e29f2b207c10c6f806e2481a5d9c26ad20ffa
06_UnityFramework/Assets/Art/HotUpdate/Native/c467364f-fa90-4dca-b14a-7d8291ec80fd/c467364f-fa90-4dca-b14a-7d8291ec80fd.08cbe.png.meta,1153,78f1a807cb72feadbb651f2f9ef131c180e24b67c69f732d5c7632c4f5bf7595
06_UnityFramework/Assets/Art/HotUpdate/Native/c4db6e46-272d-412d-a0d3-29eeecf57223/c4db6e46-272d-412d-a0d3-29eeecf57223.3d097.png,4606,2410611c20f7cebc5f192ebaf680197adcab009001264c0d9dd94173079de9f5
06_UnityFramework/Assets/Art/HotUpdate/Native/c4db6e46-272d-412d-a0d3-29eeecf57223/c4db6e46-272d-412d-a0d3-29eeecf57223.3d097.png.meta,1153,a747090ad6da9bb42de95dd122fca61e2d99ee1acf6cb01e5e5d7cce9df65d47
06_UnityFramework/Assets/Art/HotUpdate/Native/c5aa18ba-d12b-4d74-8e32-a1cadf8c4f84/c5aa18ba-d12b-4d74-8e32-a1cadf8c4f84.109f2.png,5005,c2cb49d4770c2f6e5628e1f7e2607395db26cfed422280a91620a392723a8749
06_UnityFramework/Assets/Art/HotUpdate/Native/c5aa18ba-d12b-4d74-8e32-a1cadf8c4f84/c5aa18ba-d12b-4d74-8e32-a1cadf8c4f84.109f2.png.meta,1153,2bd38bb7db148537aa96cca8119cc3f68072d6f66317477d177f59ead1022c01
06_UnityFramework/Assets/Art/HotUpdate/Native/c66deede-6ab6-4b4a-983a-1eeb6b7d183e/c66deede-6ab6-4b4a-983a-1eeb6b7d183e.74db4.png,4910,58a61c71c354aff00e3bdc28a69d2a6fec395f21a208063cec5511175fb17cac
06_UnityFramework/Assets/Art/HotUpdate/Native/c66deede-6ab6-4b4a-983a-1eeb6b7d183e/c66deede-6ab6-4b4a-983a-1eeb6b7d183e.74db4.png.meta,1153,8d53fe89e88759277864bf98feb7763d1cdb41664bb205303edb212e618e545c
06_UnityFramework/Assets/Art/HotUpdate/Native/c68e5846-6add-4ffa-a896-2cc1de565ff8/c68e5846-6add-4ffa-a896-2cc1de565ff8.df32f.png,1545,e2b8b8f8b00fb5ee5a3943bf713afd8016bda79b8a309956622a8251b9e2711f
06_UnityFramework/Assets/Art/HotUpdate/Native/c68e5846-6add-4ffa-a896-2cc1de565ff8/c68e5846-6add-4ffa-a896-2cc1de565ff8.df32f.png.meta,1153,e4402f7ccc46c59e3679ef3f3251dd90a2430a066b9dfd695454b2379e72ded6
06_UnityFramework/Assets/Art/HotUpdate/Native/c73375c3-1069-478f-8ce0-88b304ad8306/c73375c3-1069-478f-8ce0-88b304ad8306.7ae1b.png,36195,3c35e6b83a77c2a88153c2da6e7bf324893f1c256a795fd7eddf33118abbf44b
06_UnityFramework/Assets/Art/HotUpdate/Native/c73375c3-1069-478f-8ce0-88b304ad8306/c73375c3-1069-478f-8ce0-88b304ad8306.7ae1b.png.meta,1153,7a02d97ea4ee414efda3c7d861d68ee7f39217ea3be736932e6f843497691201
06_UnityFramework/Assets/Art/HotUpdate/Native/c7e25703-414c-4dc4-a9a6-f1339f9e2dfe/c7e25703-414c-4dc4-a9a6-f1339f9e2dfe.8e261.png,30967,b8842638cb4632044440e055df1a2695a03e63eee67f6060d05e7e6227364339
06_UnityFramework/Assets/Art/HotUpdate/Native/c7e25703-414c-4dc4-a9a6-f1339f9e2dfe/c7e25703-414c-4dc4-a9a6-f1339f9e2dfe.8e261.png.meta,1153,8591bb1237076a28719e07e31b7a9d54bb6eb98793718abcc76d7b9312117bdc
06_UnityFramework/Assets/Art/HotUpdate/Native/c82a57e5-740f-4903-aa16-1abc3458ee8c/c82a57e5-740f-4903-aa16-1abc3458ee8c.10a34.png,5916,ebae47c4ba70b44e5c2aa9341f2126d939148bc43582fcb7b464e740c17eb880
06_UnityFramework/Assets/Art/HotUpdate/Native/c82a57e5-740f-4903-aa16-1abc3458ee8c/c82a57e5-740f-4903-aa16-1abc3458ee8c.10a34.png.meta,1153,f04b32d696500cc733359fc72ab9ca7db18e54aa211e53cc291bb2e8589c77cb
06_UnityFramework/Assets/Art/HotUpdate/Native/c8486957-d89a-4018-b0c2-8556a6b0f0f6/c8486957-d89a-4018-b0c2-8556a6b0f0f6.b1388.png,591731,f2b7fac44af66634d787e45531a3cfb83b51743c67469f4489944001123fcbac
06_UnityFramework/Assets/Art/HotUpdate/Native/c8486957-d89a-4018-b0c2-8556a6b0f0f6/c8486957-d89a-4018-b0c2-8556a6b0f0f6.b1388.png.meta,1153,d1e0eeb9b5c2986c58262954fbfbadf7da653878b4ddf796195af83464ef8f63
06_UnityFramework/Assets/Art/HotUpdate/Native/c954d92b-d461-42cc-8cfb-d7d21c1fe264/c954d92b-d461-42cc-8cfb-d7d21c1fe264.c4b1b.png,5233,d7ff535ea2a0b7192e53e006e48ba978d4fd2b64e421628d72e505d8aff8f963
06_UnityFramework/Assets/Art/HotUpdate/Native/c954d92b-d461-42cc-8cfb-d7d21c1fe264/c954d92b-d461-42cc-8cfb-d7d21c1fe264.c4b1b.png.meta,1153,3fb494ab53b4079e574c0ea7879b69d7f747c1ad032f7ed2564cbe71c1cde2e5
06_UnityFramework/Assets/Art/HotUpdate/Native/c95afd14-88c4-463f-96c9-4f09c4e8943f/c95afd14-88c4-463f-96c9-4f09c4e8943f.0f154.png,19852,91a137db629c71d9435689f6dc09e75a7902e3addc748cceeb2f9643ad445d17
06_UnityFramework/Assets/Art/HotUpdate/Native/c95afd14-88c4-463f-96c9-4f09c4e8943f/c95afd14-88c4-463f-96c9-4f09c4e8943f.0f154.png.meta,1153,e40d296ea2251918d546ec8a1ae87abf5823020442c9c210d2ccbe292bf4b9ba
06_UnityFramework/Assets/Art/HotUpdate/Native/cb79c35b-ae48-4c2c-a19f-de0f534d3f6c/cb79c35b-ae48-4c2c-a19f-de0f534d3f6c.1afcf.png,33083,0f74f6a8a68c8687c2b4488b5e05692c3cedb46e410b436fac6719d56aefde62
06_UnityFramework/Assets/Art/HotUpdate/Native/cb79c35b-ae48-4c2c-a19f-de0f534d3f6c/cb79c35b-ae48-4c2c-a19f-de0f534d3f6c.1afcf.png.meta,1153,c67e7d8014a084d8a8017fdb481b6a000106332583c8ad77f7be3025cf00c426
06_UnityFramework/Assets/Art/HotUpdate/Native/cbcd5bf2-d7c8-4fe0-99f4-57d7c6aeb065/cbcd5bf2-d7c8-4fe0-99f4-57d7c6aeb065.5d783.png,8952,79cd61d1ce5145ce30698cafaaa952eaa0d5d4423599e547d4619793ce9e8aad
06_UnityFramework/Assets/Art/HotUpdate/Native/cbcd5bf2-d7c8-4fe0-99f4-57d7c6aeb065/cbcd5bf2-d7c8-4fe0-99f4-57d7c6aeb065.5d783.png.meta,1153,054745427e660646f8c7f35915ebf4245fd71374b77cfb95e24531187e9894ef
06_UnityFramework/Assets/Art/HotUpdate/Native/cc01e210-15b9-4e11-b8ff-8feeb276b570/cc01e210-15b9-4e11-b8ff-8feeb276b570.632af.png,43059,c491aba7dc7b02dc02e62e59e09693a2a6f91f24977d8b80cfa97e64fa9519f4
06_UnityFramework/Assets/Art/HotUpdate/Native/cc01e210-15b9-4e11-b8ff-8feeb276b570/cc01e210-15b9-4e11-b8ff-8feeb276b570.632af.png.meta,1153,dac8880b0f7ea4fd538a820652214015d87a62cd5d11fd65c26b4beb22597069
06_UnityFramework/Assets/Art/HotUpdate/Native/cc174075-2554-43a1-8f33-71fa44e4c898/cc174075-2554-43a1-8f33-71fa44e4c898.113e0.atlas,749,5c1cbb4f433c1c174c13d66ce363a26db5b4cbccc4ebf618d1c91268841d59a9
06_UnityFramework/Assets/Art/HotUpdate/Native/cc174075-2554-43a1-8f33-71fa44e4c898/cc174075-2554-43a1-8f33-71fa44e4c898.113e0.atlas.meta,162,bf44617f40d049fc02dd2e0431a9664cfe80081002289a9a27c098d67f6e0981
06_UnityFramework/Assets/Art/HotUpdate/Native/cc3e57d5-8afd-49c2-88dd-3b0b40c12ab2/cc3e57d5-8afd-49c2-88dd-3b0b40c12ab2.3ea20.png,760527,8d3c9fff0c8e16c323f577a3006cd0cd7276bb4a3306c3cd224a6d3b889092b1
06_UnityFramework/Assets/Art/HotUpdate/Native/cc3e57d5-8afd-49c2-88dd-3b0b40c12ab2/cc3e57d5-8afd-49c2-88dd-3b0b40c12ab2.3ea20.png.meta,1153,44ef871cb6eb118ef5a21e87fcca4f04581348e08b1ac1e84c1b19f01ef27060
06_UnityFramework/Assets/Art/HotUpdate/Native/cce0a55e-72d5-49cb-a032-aa2dfd206276/cce0a55e-72d5-49cb-a032-aa2dfd206276.52fc7.png,29180,fe716c914caef7d2a19c5c251305517961c371713a7738076b1210c49fd735c6
06_UnityFramework/Assets/Art/HotUpdate/Native/cce0a55e-72d5-49cb-a032-aa2dfd206276/cce0a55e-72d5-49cb-a032-aa2dfd206276.52fc7.png.meta,1153,1914b224b677eff6064e061ae742d310fca1e19e127b6f8330441afde4500cbf
06_UnityFramework/Assets/Art/HotUpdate/Native/cd573cb9-0726-448d-954b-94e61a4f0b17/cd573cb9-0726-448d-954b-94e61a4f0b17.595ee.png,11283,54289e918da64c27c16670f3ce6a8a58e050ec4b769d11701c1e26018a911359
06_UnityFramework/Assets/Art/HotUpdate/Native/cd573cb9-0726-448d-954b-94e61a4f0b17/cd573cb9-0726-448d-954b-94e61a4f0b17.595ee.png.meta,1153,feac6c48c824c0cb0c7ab5361a300c97caf88e6f90ac44c41eec52389aec1b1d
06_UnityFramework/Assets/Art/HotUpdate/Native/cd5be030-a105-4543-be7b-8ae62688690d/cd5be030-a105-4543-be7b-8ae62688690d.f3910.png,8900,4316db0f62dc99e5b9765f0338887d18d4b764d7e07462fb12764b5309f98135
06_UnityFramework/Assets/Art/HotUpdate/Native/cd5be030-a105-4543-be7b-8ae62688690d/cd5be030-a105-4543-be7b-8ae62688690d.f3910.png.meta,1153,9db99b86dcd9171c0e64e860517cb51f7f4987c52bfe6c4e155a53df98d51750
06_UnityFramework/Assets/Art/HotUpdate/Native/ceae34ab-d07d-4fb2-9e9c-346f28cb229c/ceae34ab-d07d-4fb2-9e9c-346f28cb229c.79ebe.png,11458,6a97b0939ec153d19b96f50d5fcc72462b1393ce72318f08203f74da0d96b088
06_UnityFramework/Assets/Art/HotUpdate/Native/ceae34ab-d07d-4fb2-9e9c-346f28cb229c/ceae34ab-d07d-4fb2-9e9c-346f28cb229c.79ebe.png.meta,1153,fc80e5e49245db8da1e67e6b27331c6d05deffc4805bb54d03d2a31b46b63a07
06_UnityFramework/Assets/Art/HotUpdate/Native/cfa8a1e1-f026-4b36-bc6f-5659198f8688/cfa8a1e1-f026-4b36-bc6f-5659198f8688.9a25e.png,54718,5ba31eb81f2495c9fe8b4d62384e9b9943c8822862dd85d3df30c776f00e6c72
06_UnityFramework/Assets/Art/HotUpdate/Native/cfa8a1e1-f026-4b36-bc6f-5659198f8688/cfa8a1e1-f026-4b36-bc6f-5659198f8688.9a25e.png.meta,1153,07ad5adf1af2951e8f78d4e46336249e2ddf8d7aa0e847a7253b3e63dbdda5e8
06_UnityFramework/Assets/Art/HotUpdate/Native/cfc794f5-2c7c-4ffb-acdf-fde6e4aef0fb/cfc794f5-2c7c-4ffb-acdf-fde6e4aef0fb.6b22b.png,30206,8e097ef06fd8836a01551ac025f293993874aa0a570a314fb5eb43975d0c0585
06_UnityFramework/Assets/Art/HotUpdate/Native/cfc794f5-2c7c-4ffb-acdf-fde6e4aef0fb/cfc794f5-2c7c-4ffb-acdf-fde6e4aef0fb.6b22b.png.meta,1153,265d99213e04c23c9404a3101f63bc5639f79380ca56bf6d0fd7d19aa9a04902
06_UnityFramework/Assets/Art/HotUpdate/Native/d08345c0-eedf-4162-97aa-6dcb9cf15c04/d08345c0-eedf-4162-97aa-6dcb9cf15c04.dd67f.png,12647,43d5cd9ca7dca9c801aa385a81cef8698e7cc6e632ce588e6b35996cc8973330
06_UnityFramework/Assets/Art/HotUpdate/Native/d08345c0-eedf-4162-97aa-6dcb9cf15c04/d08345c0-eedf-4162-97aa-6dcb9cf15c04.dd67f.png.meta,1153,e198e49f3c32109524230c4feb910a749acd919201b3d79741fdfab2250d49fb
06_UnityFramework/Assets/Art/HotUpdate/Native/d0b0e310-19d7-44d5-973b-7c4d28dcca42/d0b0e310-19d7-44d5-973b-7c4d28dcca42.cd2be.png,31117,95634f27052267c72d00d29678d2c2bbf76aef2cd9240f62b7b33883b991e3fb
06_UnityFramework/Assets/Art/HotUpdate/Native/d0b0e310-19d7-44d5-973b-7c4d28dcca42/d0b0e310-19d7-44d5-973b-7c4d28dcca42.cd2be.png.meta,1153,d5ef35d9b88955bbd4b4e0dee61cede01b3f948cfeab3001d01028531b715663
06_UnityFramework/Assets/Art/HotUpdate/Native/d1f73056-1a53-4a6c-af4b-f4489993b50d/d1f73056-1a53-4a6c-af4b-f4489993b50d.77aca.png,2870,e7948a9c7bf6c5cfc07408068c84e59d5abb14e88f3640e6470a62f1b13e7d8c
06_UnityFramework/Assets/Art/HotUpdate/Native/d1f73056-1a53-4a6c-af4b-f4489993b50d/d1f73056-1a53-4a6c-af4b-f4489993b50d.77aca.png.meta,1153,12d3be110771c0e83279e46fbc761d2dd5433519a798980e712990d3a71b4474
06_UnityFramework/Assets/Art/HotUpdate/Native/d1fd081a-f48d-4f67-808e-946d1facba73/d1fd081a-f48d-4f67-808e-946d1facba73.a7d38.png,10379,2f77f5f777dd997a2af67f4ce142a4aba323bb63ba45cbac9227a9d87d30a4e7
06_UnityFramework/Assets/Art/HotUpdate/Native/d1fd081a-f48d-4f67-808e-946d1facba73/d1fd081a-f48d-4f67-808e-946d1facba73.a7d38.png.meta,1153,f49e64309e412e7ce2fb889caba6de4241e697e67c63e84e87754214713e5aa1
06_UnityFramework/Assets/Art/HotUpdate/Native/d25f5a55-5b2f-4ab2-b5cc-9e711852a29c/d25f5a55-5b2f-4ab2-b5cc-9e711852a29c.a6288.png,7229,0ba4ea819bbfd152558fe26b0e90fcadaae961ef2bc082267f4099528eeadc09
06_UnityFramework/Assets/Art/HotUpdate/Native/d25f5a55-5b2f-4ab2-b5cc-9e711852a29c/d25f5a55-5b2f-4ab2-b5cc-9e711852a29c.a6288.png.meta,1153,49f158bc4964934c58166a644dd92f02b3c51049ef1ef79944fc528c757eac2d
06_UnityFramework/Assets/Art/HotUpdate/Native/d2a39e2e-63f3-4012-9395-39e2b61ee679/d2a39e2e-63f3-4012-9395-39e2b61ee679.4186c.png,4901,20af741f6be7c75d42bbc3dcd228edccf6981f2ba38e76a933af61c9dc4c1db9
06_UnityFramework/Assets/Art/HotUpdate/Native/d2a39e2e-63f3-4012-9395-39e2b61ee679/d2a39e2e-63f3-4012-9395-39e2b61ee679.4186c.png.meta,1153,e90e974599012abecde92ff21febe05189d4a2b995788e42c409d48b2c1bb5ea
06_UnityFramework/Assets/Art/HotUpdate/Native/d2b97284-6dc8-45fd-85e1-739f0fd2979d/d2b97284-6dc8-45fd-85e1-739f0fd2979d.45b92.png,6419,72fd7d86e105a957e36d196d40948607d1634451e3da49480cf23acfb9a4d596
06_UnityFramework/Assets/Art/HotUpdate/Native/d2b97284-6dc8-45fd-85e1-739f0fd2979d/d2b97284-6dc8-45fd-85e1-739f0fd2979d.45b92.png.meta,1153,39bfcc2fee24066de6164e836fd9b5563b7fe4bbed7bb1455bcf521ad22ee936
06_UnityFramework/Assets/Art/HotUpdate/Native/d4427092-834e-405c-ab0c-59abf97dbcbd/d4427092-834e-405c-ab0c-59abf97dbcbd.c1caa.png,3858,3dd37d54cc56b4effb9939b11c77fd887c49ac700991da380a6f8c11cf9d6cad
06_UnityFramework/Assets/Art/HotUpdate/Native/d4427092-834e-405c-ab0c-59abf97dbcbd/d4427092-834e-405c-ab0c-59abf97dbcbd.c1caa.png.meta,1153,83110e90b0f402ae9d66bb70b6346bb09341667fdc4352ff756d0a45162d9d6d
06_UnityFramework/Assets/Art/HotUpdate/Native/d4a7c814-4f4c-48d7-b577-55a84d3e3396/d4a7c814-4f4c-48d7-b577-55a84d3e3396.bc2dd.png,519,a3f19c956fa9f6364496c48a518850a358d3bc761d424429a8b14e19567eba84
06_UnityFramework/Assets/Art/HotUpdate/Native/d4a7c814-4f4c-48d7-b577-55a84d3e3396/d4a7c814-4f4c-48d7-b577-55a84d3e3396.bc2dd.png.meta,1153,3644a95010483e0fd1f6d5319d17c0707adf669a35354e51b8ef485c8e9d920d
06_UnityFramework/Assets/Art/HotUpdate/Native/d4d2059b-1aa1-4282-bfb2-4b3ac52c895b/d4d2059b-1aa1-4282-bfb2-4b3ac52c895b.4068b.png,26036,eb1794d51e22792eb6533156b2ce684ddc8378d827516ea1efc2fa35c64446f2
06_UnityFramework/Assets/Art/HotUpdate/Native/d4d2059b-1aa1-4282-bfb2-4b3ac52c895b/d4d2059b-1aa1-4282-bfb2-4b3ac52c895b.4068b.png.meta,1153,1a2349a555277fb4030cd427b9f9b3f643c311839878e42f5adf5fc4930addec
06_UnityFramework/Assets/Art/HotUpdate/Native/d5e851d0-973a-40d9-86c2-43f6c11966d3/d5e851d0-973a-40d9-86c2-43f6c11966d3.65893.png,2101,2dcc1b1be3966afef57791b18f8ccba0cf4bbad2fdfa909dd6e677b0dbda2824
06_UnityFramework/Assets/Art/HotUpdate/Native/d5e851d0-973a-40d9-86c2-43f6c11966d3/d5e851d0-973a-40d9-86c2-43f6c11966d3.65893.png.meta,1153,5ac46ab9c01d0b921c949eb7c52cf7f67e127a0d4e787990eed0124a05526609
06_UnityFramework/Assets/Art/HotUpdate/Native/d6f0eade-1f0a-4a12-b263-0f3032fa2f3c/d6f0eade-1f0a-4a12-b263-0f3032fa2f3c.e5c85.png,6241,0b1a46a419c8b748df11359be3bb353fe25908130898e8b1d7333631a065cd82
06_UnityFramework/Assets/Art/HotUpdate/Native/d6f0eade-1f0a-4a12-b263-0f3032fa2f3c/d6f0eade-1f0a-4a12-b263-0f3032fa2f3c.e5c85.png.meta,1153,ecd5e71427ee86b30c549c51b947c5e237a47cba03ee7b17eccdd1e77aa92d00
06_UnityFramework/Assets/Art/HotUpdate/Native/d6f7efa1-8413-4a05-8798-e9facda1ee47/d6f7efa1-8413-4a05-8798-e9facda1ee47.bbcbe.png,4898,17151c0b299a540648f267af4c8a6c5258c4f97406c207fd5bde2941c28836a9
06_UnityFramework/Assets/Art/HotUpdate/Native/d6f7efa1-8413-4a05-8798-e9facda1ee47/d6f7efa1-8413-4a05-8798-e9facda1ee47.bbcbe.png.meta,1153,4b108a1f8fbd6e3a30eb8f0c9808bf0eb2410cdea3ecae604d419d9c9aeb303a
06_UnityFramework/Assets/Art/HotUpdate/Native/d7045568-a9a2-4f8a-9870-1bad8bbd9bf2/d7045568-a9a2-4f8a-9870-1bad8bbd9bf2.d18f3.png,9832,cc7c70ffd7cb08b8a686b65939d71bff481666f34496d7caada0acda39762f25
06_UnityFramework/Assets/Art/HotUpdate/Native/d7045568-a9a2-4f8a-9870-1bad8bbd9bf2/d7045568-a9a2-4f8a-9870-1bad8bbd9bf2.d18f3.png.meta,1153,2b1468636d44430330c59588f0efc0985a03d5a9ba54fbc44f4f15ef5000e1b5
06_UnityFramework/Assets/Art/HotUpdate/Native/d8f9fb04-5d98-4422-abca-596f099bbac4/d8f9fb04-5d98-4422-abca-596f099bbac4.bfd33.png,6503,307515af6c6f0b42a4fe42f1d7872dbc96d5c14af2cea87a2efc098c9165d205
06_UnityFramework/Assets/Art/HotUpdate/Native/d8f9fb04-5d98-4422-abca-596f099bbac4/d8f9fb04-5d98-4422-abca-596f099bbac4.bfd33.png.meta,1153,5caf5c1a44cba837f5fb2c02d3d98ebf4a4c31661035ae0d95c1c2c0338f1c5e
06_UnityFramework/Assets/Art/HotUpdate/Native/d96c068f-8509-4eb4-afb3-396bda576304/d96c068f-8509-4eb4-afb3-396bda576304.ca5d6.png,10425,a2d0cbed6e4f44ff2e789b1fcea0b067eca583c2d41ee0be9d0a472f8c1646a3
06_UnityFramework/Assets/Art/HotUpdate/Native/d96c068f-8509-4eb4-afb3-396bda576304/d96c068f-8509-4eb4-afb3-396bda576304.ca5d6.png.meta,1153,d7c7bfe49ec0c1ef2d5bf2e98f1bc650590c30b59320ddf7471ca569eae9024c
06_UnityFramework/Assets/Art/HotUpdate/Native/d9c09765-bb46-4fd4-b045-663473a461dd/d9c09765-bb46-4fd4-b045-663473a461dd.fea11.png,31657,da1841ffe26fc1b5c586862af4f821e4e435668b679c35a327f2e397d2dd6535
06_UnityFramework/Assets/Art/HotUpdate/Native/d9c09765-bb46-4fd4-b045-663473a461dd/d9c09765-bb46-4fd4-b045-663473a461dd.fea11.png.meta,1153,3ff9d1c865e2612afb62a39bece31ac8713c384af7d7e5904be659f97ec28d4c
06_UnityFramework/Assets/Art/HotUpdate/Native/da634746-2403-477b-a608-f8fb1cd57f5d/da634746-2403-477b-a608-f8fb1cd57f5d.72b01.png,39813,74c55baf884b04f9d1cc9f19e91b04cb2b9b9e49a0a413ae9cf6735f73ae3221
06_UnityFramework/Assets/Art/HotUpdate/Native/da634746-2403-477b-a608-f8fb1cd57f5d/da634746-2403-477b-a608-f8fb1cd57f5d.72b01.png.meta,1153,88de0397714ab37d5c988666dcd5503bf83902b6fa72ab985762df081dd67b41
06_UnityFramework/Assets/Art/HotUpdate/Native/da843ddf-76b7-4e87-8a6e-3e433607b638/da843ddf-76b7-4e87-8a6e-3e433607b638.4f85a.png,7658,9a5260a4daae1f2bb7dcd591454fa64a7c248127b2443f4e85d4058050248538
06_UnityFramework/Assets/Art/HotUpdate/Native/da843ddf-76b7-4e87-8a6e-3e433607b638/da843ddf-76b7-4e87-8a6e-3e433607b638.4f85a.png.meta,1153,bde62a4d215b51a743fdbafec714a817bc1b946f16aa666a5aef363867a01103
06_UnityFramework/Assets/Art/HotUpdate/Native/dbacd431-0193-43b2-827b-cce234061f5a/dbacd431-0193-43b2-827b-cce234061f5a.b23f1.png,6862,8e75e5f9fcb0d8368e192d9127e4a08d34990a5cae498eae55e87ae2280d5bd6
06_UnityFramework/Assets/Art/HotUpdate/Native/dbacd431-0193-43b2-827b-cce234061f5a/dbacd431-0193-43b2-827b-cce234061f5a.b23f1.png.meta,1153,b858147b11ddccfa522fb25d649eeb9a5fc6a390f624899cd570d97e32172bb8
06_UnityFramework/Assets/Art/HotUpdate/Native/dd1ea4b4-1fd4-45a0-8a52-3857ce439dad/dd1ea4b4-1fd4-45a0-8a52-3857ce439dad.a8ee3.png,12736,2a261e6eca7cf525e6d2731127515c806772b727adb766fe6a07f6572ac6d75c
06_UnityFramework/Assets/Art/HotUpdate/Native/dd1ea4b4-1fd4-45a0-8a52-3857ce439dad/dd1ea4b4-1fd4-45a0-8a52-3857ce439dad.a8ee3.png.meta,1153,cf656c10e463e6709f7db0e3c5d8d1cb7d372d8631ff5dfa6785a62fd0041ab5
06_UnityFramework/Assets/Art/HotUpdate/Native/ddc5a5d8-6449-425d-9832-e2a27d3f8309/ddc5a5d8-6449-425d-9832-e2a27d3f8309.da4af.png,11067,7fdefdaefb5d9cfea5a4722cf6c3b16e3327a37697f1a9afa42b5ec376a67b4a
06_UnityFramework/Assets/Art/HotUpdate/Native/ddc5a5d8-6449-425d-9832-e2a27d3f8309/ddc5a5d8-6449-425d-9832-e2a27d3f8309.da4af.png.meta,1153,d653f1e63d202fc65c7d32211aba97703e0c2a080bb102b64cf84428c19d7df0
06_UnityFramework/Assets/Art/HotUpdate/Native/df14ab68-08c4-4be4-80e3-e6530da03f49/df14ab68-08c4-4be4-80e3-e6530da03f49.3e3c9.png,5864,984e30f8eb6b3d10895d3d6a1c4e8b72197f7189a7c5683b31e05ead02d8a432
06_UnityFramework/Assets/Art/HotUpdate/Native/df14ab68-08c4-4be4-80e3-e6530da03f49/df14ab68-08c4-4be4-80e3-e6530da03f49.3e3c9.png.meta,1153,74121ef5386805f5e1aa2865a9742633356de2c0608e548ad60c91e47fa223eb
06_UnityFramework/Assets/Art/HotUpdate/Native/e29c28f5-31e1-4898-bc9d-e397a6d635f8/e29c28f5-31e1-4898-bc9d-e397a6d635f8.d99ee.png,17503,e7e487971c02e058b400a2777858157f8e9e196fa7a3baed04d1c8eeba2f2f36
06_UnityFramework/Assets/Art/HotUpdate/Native/e29c28f5-31e1-4898-bc9d-e397a6d635f8/e29c28f5-31e1-4898-bc9d-e397a6d635f8.d99ee.png.meta,1153,107d25b29b7ebea8206b1b767f3adffc8a2a7f7a9df9605d0551c8e72ab4c445
06_UnityFramework/Assets/Art/HotUpdate/Native/e3e12a91-1a7c-4d9a-bc5c-970c3dbeee63/e3e12a91-1a7c-4d9a-bc5c-970c3dbeee63.85dbd.png,6868,bd3720c41eb1f1f57f996db4dace2642b18ccc687680f3c92be92691cc2dd107
06_UnityFramework/Assets/Art/HotUpdate/Native/e3e12a91-1a7c-4d9a-bc5c-970c3dbeee63/e3e12a91-1a7c-4d9a-bc5c-970c3dbeee63.85dbd.png.meta,1153,899d2bcb3a33c3920ad5445a79e1c5371c140e1e283ef8d196496069e0203137
06_UnityFramework/Assets/Art/HotUpdate/Native/e42fa6d4-db22-4030-8c7d-0c53a4f54677/e42fa6d4-db22-4030-8c7d-0c53a4f54677.5cd15.png,5167,3f897fbd2b6b548ebd8a7f019a0393371942849da3952fcb05810cdc00fc8d90
06_UnityFramework/Assets/Art/HotUpdate/Native/e42fa6d4-db22-4030-8c7d-0c53a4f54677/e42fa6d4-db22-4030-8c7d-0c53a4f54677.5cd15.png.meta,1153,3d906716241597e243bdf96e678b315bd65d568d7a217d0e00305ef627405337
06_UnityFramework/Assets/Art/HotUpdate/Native/e44ce00a-1ca1-4173-a46f-31170bea152a/e44ce00a-1ca1-4173-a46f-31170bea152a.e6dea.png,12747,dc1a7aa21318cb5f7af183298c7639a761ee94fbe05b8261680f38f81e1b9055
06_UnityFramework/Assets/Art/HotUpdate/Native/e44ce00a-1ca1-4173-a46f-31170bea152a/e44ce00a-1ca1-4173-a46f-31170bea152a.e6dea.png.meta,1153,fbe50a13776d549ec9becff345a389ca29a241f50c0f81a5ed523b66feb021c8
06_UnityFramework/Assets/Art/HotUpdate/Native/e5297da9-705c-4488-835d-2519450a2699/e5297da9-705c-4488-835d-2519450a2699.ea5b5.png,1485,f894685ad76359b8bbd5e2d72d430eaef89dc8f5fba5a001c25e7bad76c444a4
06_UnityFramework/Assets/Art/HotUpdate/Native/e5297da9-705c-4488-835d-2519450a2699/e5297da9-705c-4488-835d-2519450a2699.ea5b5.png.meta,1153,f33aa8956d6756b7184418b87d31417f1a47bf5e00570b8e154cc065f341a6de
06_UnityFramework/Assets/Art/HotUpdate/Native/e60b6c2e-2b9d-43e4-9675-ccbafa3fa25f/e60b6c2e-2b9d-43e4-9675-ccbafa3fa25f.ec28d.png,153160,149fbe1ea019137e0402816d9895ff1d1b52a265432a73d975d859b53118d19a
06_UnityFramework/Assets/Art/HotUpdate/Native/e60b6c2e-2b9d-43e4-9675-ccbafa3fa25f/e60b6c2e-2b9d-43e4-9675-ccbafa3fa25f.ec28d.png.meta,1153,58733cd75df528dc57c62208ea2686fb65bdd7572997d1118ddc709bb798d7e4
06_UnityFramework/Assets/Art/HotUpdate/Native/e617f87b-4c7a-4a93-80fa-0cd30685c387/e617f87b-4c7a-4a93-80fa-0cd30685c387.f1274.mp3,59559,47ddb4a1604953c635f0e40085570db066edb04511ce61fcc9bda4a7faeb37c4
06_UnityFramework/Assets/Art/HotUpdate/Native/e617f87b-4c7a-4a93-80fa-0cd30685c387/e617f87b-4c7a-4a93-80fa-0cd30685c387.f1274.mp3.meta,162,c55007c9c3af8656c98fa9751cde947baee37b37204708122aaf2e077b879c15
06_UnityFramework/Assets/Art/HotUpdate/Native/e62b98f6-7d19-4091-acac-d98357fc5a92/e62b98f6-7d19-4091-acac-d98357fc5a92.af6cf.png,3551,c62de010685a5e6ce8dc68e186170b6cfcf6360152e34b3138592392da10e5c2
06_UnityFramework/Assets/Art/HotUpdate/Native/e62b98f6-7d19-4091-acac-d98357fc5a92/e62b98f6-7d19-4091-acac-d98357fc5a92.af6cf.png.meta,1153,66b658a31bfbcd8fa407e80c1d07992cfae53e95d1fc46005f6b6c519be2d72c
06_UnityFramework/Assets/Art/HotUpdate/Native/e67b0276-1c23-449d-a03f-01c4316e93ff/e67b0276-1c23-449d-a03f-01c4316e93ff.21b90.png,21159,485601da46c1b480963c89aed3975ffc8434f085caf5c8d8263d0a7d3fb3743e
06_UnityFramework/Assets/Art/HotUpdate/Native/e67b0276-1c23-449d-a03f-01c4316e93ff/e67b0276-1c23-449d-a03f-01c4316e93ff.21b90.png.meta,1153,db105e05c4515d93822ad8d99a6b93bdd5c895228d788d172f8e00909bc1b5c9
06_UnityFramework/Assets/Art/HotUpdate/Native/e6e32258-d974-4795-a3e7-76a07f526a4a/e6e32258-d974-4795-a3e7-76a07f526a4a.9f0cc.png,7645,4d6bdaaae1c23eba52d2c3db408417e764dc0032c5928a81d85c50410aab2bb1
06_UnityFramework/Assets/Art/HotUpdate/Native/e6e32258-d974-4795-a3e7-76a07f526a4a/e6e32258-d974-4795-a3e7-76a07f526a4a.9f0cc.png.meta,1153,b785f991f4105c26b3fb3b19942fc0a0a777026cb97b60a3c01ce012e72d4832
06_UnityFramework/Assets/Art/HotUpdate/Native/e7df34a7-df89-4e81-8edb-17dee2859649/e7df34a7-df89-4e81-8edb-17dee2859649.7623e.png,7861,b1c2de6361e2ac0298dc4ff71359999116705270ec08b316e265cb33e681c856
06_UnityFramework/Assets/Art/HotUpdate/Native/e7df34a7-df89-4e81-8edb-17dee2859649/e7df34a7-df89-4e81-8edb-17dee2859649.7623e.png.meta,1153,3b815d394bf5db852fb99598624868aa63c498d8340c8844f69aa07cdbaf08dd
06_UnityFramework/Assets/Art/HotUpdate/Native/e81cce84-1ab1-4794-aacd-8894e5bf048d/e81cce84-1ab1-4794-aacd-8894e5bf048d.0019c.png,8243,685fc819059550a3cb3d0e570395d6e4eb0ce5dc898c1432ced039df9e1fc58b
06_UnityFramework/Assets/Art/HotUpdate/Native/e81cce84-1ab1-4794-aacd-8894e5bf048d/e81cce84-1ab1-4794-aacd-8894e5bf048d.0019c.png.meta,1153,d1dcac86cf417d94433fa693d1fe46184268669d2267ad08c3064012db8b42b7
06_UnityFramework/Assets/Art/HotUpdate/Native/e851e89b-faa2-4484-bea6-5c01dd9f06e2/e851e89b-faa2-4484-bea6-5c01dd9f06e2.90cf4.png,1082,5e3e931db260d0f43c2f5fd0ea791fbdc25923a8c14fcd6b0912581cd893f96d
06_UnityFramework/Assets/Art/HotUpdate/Native/e851e89b-faa2-4484-bea6-5c01dd9f06e2/e851e89b-faa2-4484-bea6-5c01dd9f06e2.90cf4.png.meta,1153,c0cd8a152b584691b15bc2f2e8ce45b0b3440edbf0581df1078fe21d4e3d71e9
06_UnityFramework/Assets/Art/HotUpdate/Native/ea83411d-02a9-47cd-9e5d-79975a8fdc30/ea83411d-02a9-47cd-9e5d-79975a8fdc30.8d25b.png,3247,72d50617bf653dde083d8158efbe46bf6f6be867fc1685e9b795116abe92a9d6
06_UnityFramework/Assets/Art/HotUpdate/Native/ea83411d-02a9-47cd-9e5d-79975a8fdc30/ea83411d-02a9-47cd-9e5d-79975a8fdc30.8d25b.png.meta,1153,54b93966af24f16d2e27a06d2717fff48c2712d7012102c2f7388fc332e75329
06_UnityFramework/Assets/Art/HotUpdate/Native/eb49922a-d853-44e5-afdc-a54158df9927/eb49922a-d853-44e5-afdc-a54158df9927.e382d.png,10304,2de974ba8c9094ed0604a246f45228dc6dba6240693dedfd9b8c821ee2bfb755
06_UnityFramework/Assets/Art/HotUpdate/Native/eb49922a-d853-44e5-afdc-a54158df9927/eb49922a-d853-44e5-afdc-a54158df9927.e382d.png.meta,1153,394d7fd937401faa018e7bb80ce4a3cbf4099cfee7175964ddce6f0da3d43821
06_UnityFramework/Assets/Art/HotUpdate/Native/eb63956d-e09e-458c-a5b1-37a0abc1ce48/eb63956d-e09e-458c-a5b1-37a0abc1ce48.d4866.png,90597,473c577208304d2435b0a34a53132af332d0e43e950308aaf7684592a51b1f76
06_UnityFramework/Assets/Art/HotUpdate/Native/eb63956d-e09e-458c-a5b1-37a0abc1ce48/eb63956d-e09e-458c-a5b1-37a0abc1ce48.d4866.png.meta,1153,ddf1afbf9d8abe067e3ea27e4f78438d58e3c81c4155b5800d4019f44dc6aed6
06_UnityFramework/Assets/Art/HotUpdate/Native/eb9b4234-35ef-4110-b928-f524d4b2fc32/eb9b4234-35ef-4110-b928-f524d4b2fc32.1dbaa.png,3881,caf335c21ef195678dec45ef275966293a1cddbcc1de1f603a5d3d0c46eabcda
06_UnityFramework/Assets/Art/HotUpdate/Native/eb9b4234-35ef-4110-b928-f524d4b2fc32/eb9b4234-35ef-4110-b928-f524d4b2fc32.1dbaa.png.meta,1153,74cc2eb7d06527daef204ff639831cf9914f4a18868ba0a82e7f9f1e1a74b6dd
06_UnityFramework/Assets/Art/HotUpdate/Native/ebf8db8c-9357-469f-a560-31f57d3350bc/ebf8db8c-9357-469f-a560-31f57d3350bc.63807.png,66800,43a0aacfb8ff8e47a52b77fded6c91086177e1b3bf8310cc963c58d86fdae55f
06_UnityFramework/Assets/Art/HotUpdate/Native/ebf8db8c-9357-469f-a560-31f57d3350bc/ebf8db8c-9357-469f-a560-31f57d3350bc.63807.png.meta,1153,c30d26c8abcb046ae3d2e9f93b69235f281814120a9326ebe4e8005a8c9ef95a
06_UnityFramework/Assets/Art/HotUpdate/Native/ed5e836c-edbc-469c-8cdf-185931c33894/ed5e836c-edbc-469c-8cdf-185931c33894.ad385.png,11793,736364a6cb764d2ef8198931d34e0b8e65dcc20127fc0cdf1946db84efd5773a
06_UnityFramework/Assets/Art/HotUpdate/Native/ed5e836c-edbc-469c-8cdf-185931c33894/ed5e836c-edbc-469c-8cdf-185931c33894.ad385.png.meta,1153,052e63cfbfab614ef39fc7721975bd722a8ef5d301937f62367150c76a984cf6
06_UnityFramework/Assets/Art/HotUpdate/Native/ed907295-f80c-4f3e-aa04-46a7607b3fe4/ed907295-f80c-4f3e-aa04-46a7607b3fe4.9b9d0.png,16271,91334928d98a5c7cafb103811d72e9b33ae49d9cd1bd287a647c07778cacfe23
06_UnityFramework/Assets/Art/HotUpdate/Native/ed907295-f80c-4f3e-aa04-46a7607b3fe4/ed907295-f80c-4f3e-aa04-46a7607b3fe4.9b9d0.png.meta,1153,6a2a4f8d0e629189e65edc564be20b38dcbccb2b97a755800f87997d1c371501
06_UnityFramework/Assets/Art/HotUpdate/Native/eee84c65-e4b2-4c77-9b79-129956fcf47b/eee84c65-e4b2-4c77-9b79-129956fcf47b.39578.png,5241,10fadd01a0dfaf006959d3c49bb424bb9babd12ba812150d65d0b9ad98a72b2e
06_UnityFramework/Assets/Art/HotUpdate/Native/eee84c65-e4b2-4c77-9b79-129956fcf47b/eee84c65-e4b2-4c77-9b79-129956fcf47b.39578.png.meta,1153,0d1fa1b6b1f02aad162cf5364733ab53607bd6d0625105941c9e17ed294ed51a
06_UnityFramework/Assets/Art/HotUpdate/Native/f0fe2d66-3b55-4cff-9758-b15157da8dda/f0fe2d66-3b55-4cff-9758-b15157da8dda.46788.png,22487,389ecee8366791158ba21dec7dc1f088b2314499023ddbd5561e3f5288ee87a1
06_UnityFramework/Assets/Art/HotUpdate/Native/f0fe2d66-3b55-4cff-9758-b15157da8dda/f0fe2d66-3b55-4cff-9758-b15157da8dda.46788.png.meta,1153,220a63e88f7a744dce25ba37438a52e3559fecdbba3a7edafa2ab0d05f12f153
06_UnityFramework/Assets/Art/HotUpdate/Native/f1579cf0-c149-491b-ae76-4f349bc89521/f1579cf0-c149-491b-ae76-4f349bc89521.de7fd.png,13708,d03a52f201c8ba49d68d7488f507c6adf26271cec840875b9e3daeb90f6367a6
06_UnityFramework/Assets/Art/HotUpdate/Native/f1579cf0-c149-491b-ae76-4f349bc89521/f1579cf0-c149-491b-ae76-4f349bc89521.de7fd.png.meta,1153,ad5539b4aeca846409d31dc0c6c798ef3ad4474495dce1651e7d2a4ac0b54132
06_UnityFramework/Assets/Art/HotUpdate/Native/f230e1ca-06cc-44f3-8e29-d05ff4be8721/f230e1ca-06cc-44f3-8e29-d05ff4be8721.68303.mp3,45975,b6336eae7958f163b58b8d259fbadb0b705e05a8271d8ceb5618a9f5c75860de
06_UnityFramework/Assets/Art/HotUpdate/Native/f230e1ca-06cc-44f3-8e29-d05ff4be8721/f230e1ca-06cc-44f3-8e29-d05ff4be8721.68303.mp3.meta,162,3e7b810ef524bf1de4b64258313f1b3f75f45e44bd0c050c99d15fa764db83e0
06_UnityFramework/Assets/Art/HotUpdate/Native/f236a1f9-bc2c-4f42-b0ef-8747936c6488/f236a1f9-bc2c-4f42-b0ef-8747936c6488.bacbc.png,18965,4c95409b6639cac8fe693257616b05fce2a711c652b8ccc25586ca820ee8f33d
06_UnityFramework/Assets/Art/HotUpdate/Native/f236a1f9-bc2c-4f42-b0ef-8747936c6488/f236a1f9-bc2c-4f42-b0ef-8747936c6488.bacbc.png.meta,1153,aa1067c96db7ba0e451d3bb80a565e08df18acbd273fe50d2a5eb3e746390c7c
06_UnityFramework/Assets/Art/HotUpdate/Native/f35a8eae-43b5-43a1-a433-7e4cbcc39885/f35a8eae-43b5-43a1-a433-7e4cbcc39885.72aa9.png,23836,a2c7eb2bad95eb51467061036e8020e63851dc95a883c04d15b2d499a898fcc8
06_UnityFramework/Assets/Art/HotUpdate/Native/f35a8eae-43b5-43a1-a433-7e4cbcc39885/f35a8eae-43b5-43a1-a433-7e4cbcc39885.72aa9.png.meta,1153,6f7d6d27d186fa437bbfe3697ac91cb3ed46e79a2479088a2db480db7b2a8e06
06_UnityFramework/Assets/Art/HotUpdate/Native/f373dd88-db52-4268-afca-32e24a796e3a/f373dd88-db52-4268-afca-32e24a796e3a.d8817.png,372,a246aa6290caafc33dc50d6e6fc6b9d28ded47e5209882d784c8c6a39c47c920
06_UnityFramework/Assets/Art/HotUpdate/Native/f373dd88-db52-4268-afca-32e24a796e3a/f373dd88-db52-4268-afca-32e24a796e3a.d8817.png.meta,1153,070aad25d71b10e4757468feb2681562ebcac083a11d0d54f250971aa34b6df3
06_UnityFramework/Assets/Art/HotUpdate/Native/f3e2cdd4-a3b8-42fb-9f5b-cda59458c6dc/f3e2cdd4-a3b8-42fb-9f5b-cda59458c6dc.36a30.png,7728,344a5450c7265db029f64aaeb0d2ce954e0790b34f5622c8fadb01b03e31c41f
06_UnityFramework/Assets/Art/HotUpdate/Native/f3e2cdd4-a3b8-42fb-9f5b-cda59458c6dc/f3e2cdd4-a3b8-42fb-9f5b-cda59458c6dc.36a30.png.meta,1153,bd31ad31c5079ce72202d32ed02e995046adc3447607aa669c1eee32e89baa5a
06_UnityFramework/Assets/Art/HotUpdate/Native/f444675c-4489-4710-b7ec-5d45cdb01006/f444675c-4489-4710-b7ec-5d45cdb01006.ab2dc.png,5489,67253e33c83554e8fe9152d8bcb06f9e2f7cb19967d0b51d00ded53202dae8f8
06_UnityFramework/Assets/Art/HotUpdate/Native/f444675c-4489-4710-b7ec-5d45cdb01006/f444675c-4489-4710-b7ec-5d45cdb01006.ab2dc.png.meta,1153,849dee87afc54adaa52d79fa80f8af608a55da00551bc8483035f989397812f4
06_UnityFramework/Assets/Art/HotUpdate/Native/f4711a6a-5be5-4467-81e8-60000cd2de70/f4711a6a-5be5-4467-81e8-60000cd2de70.b9f9a.png,90739,00946f731d9ec70319211daf3c99da11d2a5f2bff4bbb4786a6aa4462d13db24
06_UnityFramework/Assets/Art/HotUpdate/Native/f4711a6a-5be5-4467-81e8-60000cd2de70/f4711a6a-5be5-4467-81e8-60000cd2de70.b9f9a.png.meta,1153,8255e873909bfc5effa0ab8752ea91edb73f55f894d7eb399612a714fae5a46b
06_UnityFramework/Assets/Art/HotUpdate/Native/f5042cbd-72ca-4ce0-9778-43a63e3fa8f7/f5042cbd-72ca-4ce0-9778-43a63e3fa8f7.d80da.png,6270,93a3e4d54e28bbc0c0dc3dbc62b93eddd094f9607e4ea2ae6e2ddc45012538ad
06_UnityFramework/Assets/Art/HotUpdate/Native/f5042cbd-72ca-4ce0-9778-43a63e3fa8f7/f5042cbd-72ca-4ce0-9778-43a63e3fa8f7.d80da.png.meta,1153,1c54621b6a9c2cf430449a9a1f2c15c28c58d3415d75bddf4bdbd2a2978bdec8
06_UnityFramework/Assets/Art/HotUpdate/Native/f5a7b3c2-1ccd-4bda-bf46-df7e7b4078f7/f5a7b3c2-1ccd-4bda-bf46-df7e7b4078f7.9ba83.png,5517,9310d0f51e70af3908b6f031cc0116d8350f8336b965cd97d98dc204913bde00
06_UnityFramework/Assets/Art/HotUpdate/Native/f5a7b3c2-1ccd-4bda-bf46-df7e7b4078f7/f5a7b3c2-1ccd-4bda-bf46-df7e7b4078f7.9ba83.png.meta,1153,69011e242d1495bba6a0cd4fc03ea7b61e4f1e5262ff1da1bc0c86fa89b0bedc
06_UnityFramework/Assets/Art/HotUpdate/Native/f81ef140-0c6d-420a-978d-6a2e1b3a6de3/f81ef140-0c6d-420a-978d-6a2e1b3a6de3.06504.png,8369,9271aa5993a454c5937d3fb2d3d7ad0851cd6c0cafc4575b887df97e27fbe7e8
06_UnityFramework/Assets/Art/HotUpdate/Native/f81ef140-0c6d-420a-978d-6a2e1b3a6de3/f81ef140-0c6d-420a-978d-6a2e1b3a6de3.06504.png.meta,1153,207c263743235df4a2618733d07a61be034d360b7aa3674836b5afee2641431e
06_UnityFramework/Assets/Art/HotUpdate/Native/f8b65a39-2d3f-406b-8bb1-e5afc70ea9bd/f8b65a39-2d3f-406b-8bb1-e5afc70ea9bd.b3f51.mp3,36029,e2507798e2c3f2a343b671b2299047c9c56910663e4b7fa8efd874b54693a8ca
06_UnityFramework/Assets/Art/HotUpdate/Native/f8b65a39-2d3f-406b-8bb1-e5afc70ea9bd/f8b65a39-2d3f-406b-8bb1-e5afc70ea9bd.b3f51.mp3.meta,162,fd4039b6be2cb270dcb0cad89c8a6aa9a06e3aee24d4a4c5529eb1b220b20bac
06_UnityFramework/Assets/Art/HotUpdate/Native/f968b4fb-d672-42f2-88d8-965f261edfb9/f968b4fb-d672-42f2-88d8-965f261edfb9.704ee.png,175532,68b0d37e721b3e3c6b8e935f65250b43fb536de9942d052d2965d24ee5bd9ba5
06_UnityFramework/Assets/Art/HotUpdate/Native/f968b4fb-d672-42f2-88d8-965f261edfb9/f968b4fb-d672-42f2-88d8-965f261edfb9.704ee.png.meta,1153,cb0011f55281872ad7726a0311c6aa485d99a79fb2cf827710a9d3e5eee3dbcb
06_UnityFramework/Assets/Art/HotUpdate/Native/f97816d7-a831-4a3f-be47-c0b187931f1a/f97816d7-a831-4a3f-be47-c0b187931f1a.84e38.png,2376,a26cbcd6a680768581521ef6a0835a165d29872e1b699dab8f385e5e1959bf61
06_UnityFramework/Assets/Art/HotUpdate/Native/f97816d7-a831-4a3f-be47-c0b187931f1a/f97816d7-a831-4a3f-be47-c0b187931f1a.84e38.png.meta,1153,508a1135307cd3b920c397e39493215b8d8788410d0aaf99de70dd6a86775744
06_UnityFramework/Assets/Art/HotUpdate/Native/fc08f2b3-c1fa-413d-81da-ef3e85dcb0cc/fc08f2b3-c1fa-413d-81da-ef3e85dcb0cc.0348f.png,11579,6b0b58000e95600fba07dc7ee35fd483aac0eae11b4b90fc299bdebfb9527918
06_UnityFramework/Assets/Art/HotUpdate/Native/fc08f2b3-c1fa-413d-81da-ef3e85dcb0cc/fc08f2b3-c1fa-413d-81da-ef3e85dcb0cc.0348f.png.meta,1153,9c07efa1479954a02704c3a354bfce78e8cf630c922a6450f1ab393d014c37f5
06_UnityFramework/Assets/Art/HotUpdate/Native/fd42070b-837d-475c-8d06-bbe1f6140759/fd42070b-837d-475c-8d06-bbe1f6140759.1cb9b.png,7563,8885273c34c96d0b5322d09033dbe075247f5c5e54ad27b205a9fd7f041f3432
06_UnityFramework/Assets/Art/HotUpdate/Native/fd42070b-837d-475c-8d06-bbe1f6140759/fd42070b-837d-475c-8d06-bbe1f6140759.1cb9b.png.meta,1153,5bf3bb5482d6bb8bdaa3612dd0c120675f10f975a6f17ae0337f59177b0eb95d
06_UnityFramework/Assets/Art/HotUpdate/Native/fd5bc93e-8595-4186-ac90-f719abee7ceb/fd5bc93e-8595-4186-ac90-f719abee7ceb.76b44.png,6514,08fdfbabdde41b50ddbb8ac84c242ce6c8d416814c51730fbc704ececc4c0b2f
06_UnityFramework/Assets/Art/HotUpdate/Native/fd5bc93e-8595-4186-ac90-f719abee7ceb/fd5bc93e-8595-4186-ac90-f719abee7ceb.76b44.png.meta,1153,e84c26cecf6df35d3cd5f9aa1fdc7c474fa32984c871657593b17bc83cb47066
06_UnityFramework/Assets/Art/HotUpdate/Native/fd5e8749-9676-4675-832a-1dd4e202022c/fd5e8749-9676-4675-832a-1dd4e202022c.99ea0.png,4789,ea9d810031cf2d5332c4dae2d72c4ef12b18c8ea9257a548b6d1c354a6f9adf1
06_UnityFramework/Assets/Art/HotUpdate/Native/fd5e8749-9676-4675-832a-1dd4e202022c/fd5e8749-9676-4675-832a-1dd4e202022c.99ea0.png.meta,1153,7f62fec40cf1bd1def8f10d3468b3653fa62f50bb5a1881004823ebd1d91b12f
06_UnityFramework/Assets/Art/HotUpdate/Native/fe7bd42f-2560-4ac9-8f32-ef94bc72d5a1/fe7bd42f-2560-4ac9-8f32-ef94bc72d5a1.5c172.png,9562,15a290fd7e65e9e10c739d9a33369f1f9c8f2105192cd52a9b17feb312615f63
06_UnityFramework/Assets/Art/HotUpdate/Native/fe7bd42f-2560-4ac9-8f32-ef94bc72d5a1/fe7bd42f-2560-4ac9-8f32-ef94bc72d5a1.5c172.png.meta,1153,6b4c7268cc269881f0226c7677c256c3f68daa98e322de05f30e4318ec0660ab
06_UnityFramework/Assets/Art/HotUpdate/Native/ff6f4d2c-eded-4e17-86ec-2a58bef81239/ff6f4d2c-eded-4e17-86ec-2a58bef81239.65868.png,14548,433f89d5a7266814e04ae686475b98b4e45649595009b8b6a9b984ce27b1b173
06_UnityFramework/Assets/Art/HotUpdate/Native/ff6f4d2c-eded-4e17-86ec-2a58bef81239/ff6f4d2c-eded-4e17-86ec-2a58bef81239.65868.png.meta,1153,9fa567461cd86bc6225ca2d3085bcf17d7014bdcb1391a7a3a8643bbec03254b
06_UnityFramework/Assets/Art/HotUpdate/skeletal_inventory.json,3465,054a8535ec7a205b705619fbe2e18a5f232181391bda266f1e4905cb78cd7152
06_UnityFramework/Assets/Art/HotUpdate/skeletal_inventory.json.meta,162,2a15ff58bd29ae3cf8ef885ebc31a64a83a60c939e272bb3eaa0247f4fce2639
06_UnityFramework/Assets/Art/HotUpdate/SkeletalReusable/AnNiu_TX/AnNiu_TX.png,92005,f37c312759f0c42c611722447c18d3b31220028786bfa603575afb83f1747259
06_UnityFramework/Assets/Art/HotUpdate/SkeletalReusable/AnNiu_TX/AnNiu_TX.png.meta,1153,d90b1627c802ae9a7da6205733f64f546cf2c0ced36e33c89e9e9e0a91321c20
06_UnityFramework/Assets/Art/HotUpdate/SkeletalReusable/AnNiu_TX/Regions/an_00.png,7959,68b3b8e704e9d68572bb25c48e6892585d282ea55ee6356bca97c4ee247b18f8
06_UnityFramework/Assets/Art/HotUpdate/SkeletalReusable/AnNiu_TX/Regions/an_00.png.meta,1153,0ea4d2557ae14c12b85765dcb99225b1e0315bda2ed8e95498c3385ab6a124fe
06_UnityFramework/Assets/Art/HotUpdate/SkeletalReusable/AnNiu_TX/Regions/an_01.png,16321,5dbfce393e8bec4d6d6e3b8073b4e88d70699a988ef66f98030b84f06c7808cb
06_UnityFramework/Assets/Art/HotUpdate/SkeletalReusable/AnNiu_TX/Regions/an_01.png.meta,1153,72be33a2b6c2c375fc955feecb035c05491a4e71d6217672e936c9e6c296bc88
06_UnityFramework/Assets/Art/HotUpdate/SkeletalReusable/AnNiu_TX/Regions/an_02.png,16559,da4c0caec401fdd1f3cd3823f912e312a30be6056b9fe89b362427d37adc4a62
06_UnityFramework/Assets/Art/HotUpdate/SkeletalReusable/AnNiu_TX/Regions/an_02.png.meta,1153,2715e2a69e29da3a6f2c72463f7d38323c9b47b36f29ecd46e36648b5e26961b
06_UnityFramework/Assets/Art/HotUpdate/SkeletalReusable/AnNiu_TX/Regions/an_03.png,3624,e6728e7dbd903dbb5d4abbbb8f2a4944b8b223cd340bc7e1ed990623d68cbe9f
06_UnityFramework/Assets/Art/HotUpdate/SkeletalReusable/AnNiu_TX/Regions/an_03.png.meta,1153,13e13914b4a8f7f8c0f58d16f737b048d2501426c431f31a39afcead1108814d
06_UnityFramework/Assets/Art/HotUpdate/SkeletalReusable/AnNiu_TX/Regions/qian/qian0001.png,8976,d7868ea06b1ff778e2d7274ddd9c00ec676bed11e5bd7c1cadb3b283f07d1821
06_UnityFramework/Assets/Art/HotUpdate/SkeletalReusable/AnNiu_TX/Regions/qian/qian0001.png.meta,1153,3ee88df9870497715b07eed6df5dea08af92421b56ff0575cbc79d87d7ff75f1
06_UnityFramework/Assets/Art/HotUpdate/SkeletalReusable/AnNiu_TX/Regions/qian/qian0002.png,9527,fd8bc1575b61de8bc028becab536d79debb771b2cb77390b7b498309738148bd
06_UnityFramework/Assets/Art/HotUpdate/SkeletalReusable/AnNiu_TX/Regions/qian/qian0002.png.meta,1153,56098f302ea86a335583a3abf663d15c28eaf0f12128e038f32d977fe491e083
06_UnityFramework/Assets/Art/HotUpdate/SkeletalReusable/AnNiu_TX/Regions/qian/qian0003.png,8335,8cc345e2b067b4a08b8fd0d477faf1bfd5a6ab0afc3fefa4acf016ee795f022c
06_UnityFramework/Assets/Art/HotUpdate/SkeletalReusable/AnNiu_TX/Regions/qian/qian0003.png.meta,1153,56069acd85e8063f481b8161d3585e04a020644e0e8f54e06c867724e7adb95c
06_UnityFramework/Assets/Art/HotUpdate/SkeletalReusable/AnNiu_TX/Regions/qian/qian0004.png,7395,d3103f95d85d5622727246b4b67c9da128d02f02988694de1bdf0a04dd0e5271
06_UnityFramework/Assets/Art/HotUpdate/SkeletalReusable/AnNiu_TX/Regions/qian/qian0004.png.meta,1153,e2947ab1793b0beffdd46b3cda7a3f710e7186722348596fc7ed29b2b7622361
06_UnityFramework/Assets/Art/HotUpdate/SkeletalReusable/AnNiu_TX/Regions/qian/qian0005.png,6952,ca9f5dc9c232b282f0ef202f79d2a34a6c926f7672e386e208b4a1c9e634b3de
06_UnityFramework/Assets/Art/HotUpdate/SkeletalReusable/AnNiu_TX/Regions/qian/qian0005.png.meta,1153,27b446d2d5c4e4d3a72f72376b32dc5f68aec86d00fd7ab7ef8ba954060dc528
06_UnityFramework/Assets/Art/HotUpdate/SkeletalReusable/AnNiu_TX/Regions/qian/qian0006.png,7295,0f84294b8c547c50fb744b02ef63f04de2956b35d580fe99758fc95c11e8d0d1
06_UnityFramework/Assets/Art/HotUpdate/SkeletalReusable/AnNiu_TX/Regions/qian/qian0006.png.meta,1153,dee3879567db8ecd1ca160a36fd2886c5db04edd76ac9a83da703d4246965f5b
06_UnityFramework/Assets/Art/HotUpdate/SkeletalReusable/AnNiu_TX/regions.json,2430,330549c974979b16bb8ec9aba93f639e3e42d72c2e737eb8fb1596832547606e
06_UnityFramework/Assets/Art/HotUpdate/SkeletalReusable/AnNiu_TX/regions.json.meta,162,2b71981604aedfea1a6aad5f6ba308b3d3d4a2eab3696b19b7a257f4e7d0ccbb
06_UnityFramework/Assets/Art/HotUpdate/SkeletalReusable/AnNiu_TX/skeleton.atlas,1165,eb189392bcd5624e4cb84fdc3c7199dbd4c52d7a41bb1206ff9dafc73ea8df6e
06_UnityFramework/Assets/Art/HotUpdate/SkeletalReusable/AnNiu_TX/skeleton.atlas.meta,162,99e269b069757c939e73f35c29829c790e123aec7481ac2ecc4ae300fa6ab3fe
06_UnityFramework/Assets/Art/HotUpdate/SkeletalReusable/AnNiu_TX/skeleton.json,434026,efb39d8b7fa1644da3a7fe72d93ae812219c123eaef560c6593cd3174d25cd35
06_UnityFramework/Assets/Art/HotUpdate/SkeletalReusable/AnNiu_TX/skeleton.json.meta,162,c7fbc42251edabb6c54f2b6159cf9fe2024e1d15580c54e9a9d84aa38ef3c434
06_UnityFramework/Assets/Art/HotUpdate/SkeletalReusable/AnNiu_TX/Timelines/chaopiao.json,86392,6ea281cc0e9ab11fe0001770a16cc79910ae3fd454a8d78cd7fe9682bca4ae7d
06_UnityFramework/Assets/Art/HotUpdate/SkeletalReusable/AnNiu_TX/Timelines/chaopiao.json.meta,162,56d03a938b9b280468e818c0ef869d771418ae32813c6bf91ba4aacd0a54fe14
06_UnityFramework/Assets/Art/HotUpdate/SkeletalReusable/AnNiu_TX/Timelines/idle.json,89862,29a84c08effdecc3e9ea5f379fa2b583d47b3d2b99624c411dce295393d952a6
06_UnityFramework/Assets/Art/HotUpdate/SkeletalReusable/AnNiu_TX/Timelines/idle.json.meta,162,715e21b93ef45889777686011aa1fff39fcf44d173a7acdfe2dbbda4d65ac6b9
06_UnityFramework/Assets/Art/HotUpdate/SkeletalReusable/CaiDai_TX/CaiDai_TX.png,23046,8c12f4bf84ccf0c423f2543964a25799e30a329e034d8341eb4941287006292b
06_UnityFramework/Assets/Art/HotUpdate/SkeletalReusable/CaiDai_TX/CaiDai_TX.png.meta,1153,c4d98446a0de9eedcbeb0bfb0dedc367f9c403d0683eeedebda2c9472652caee
06_UnityFramework/Assets/Art/HotUpdate/SkeletalReusable/CaiDai_TX/Regions/CC_00.png,2681,28a99fa05525d35a50c368689c66a3a1aa0e3293e82dde0960caddff078610b7
06_UnityFramework/Assets/Art/HotUpdate/SkeletalReusable/CaiDai_TX/Regions/CC_00.png.meta,1153,6e5e77a5086d008ba132c405f92c5bf2baf82f825bb8c2572f981a292d618aba
06_UnityFramework/Assets/Art/HotUpdate/SkeletalReusable/CaiDai_TX/Regions/CC_01.png,726,9266371001bf03833ac73bdb997e698b65ae98c2f1b752062274cda76aa807c6
06_UnityFramework/Assets/Art/HotUpdate/SkeletalReusable/CaiDai_TX/Regions/CC_01.png.meta,1153,330feb7c32456b7386088d737894e7b3663b994eb1063b933326bfe99f9a26cb
06_UnityFramework/Assets/Art/HotUpdate/SkeletalReusable/CaiDai_TX/Regions/CC_02.png,1941,a2b16a0a2351317fc8b507e8c06fecccf7d8b33086e780e818801740bd4006ce
06_UnityFramework/Assets/Art/HotUpdate/SkeletalReusable/CaiDai_TX/Regions/CC_02.png.meta,1153,0af1525a520c9f3088fe4c2210acb2136bc0503c8ece5f063b5ca9246332f15d
06_UnityFramework/Assets/Art/HotUpdate/SkeletalReusable/CaiDai_TX/Regions/CC_03.png,1127,f1b138e8e236e849c014788debb5fe5b9eb3ae489ec1c242ce6568ae2918f41c
06_UnityFramework/Assets/Art/HotUpdate/SkeletalReusable/CaiDai_TX/Regions/CC_03.png.meta,1153,1c2175b5c1d1c34f60d87022a6bca766d7f1c44061aafb9c75bd56b274b6c2ab
06_UnityFramework/Assets/Art/HotUpdate/SkeletalReusable/CaiDai_TX/Regions/CC_04.png,919,5d6f65f3fca9fc3f5e95c2a0e227dd6f6422314bf4ffe7a5b03cf4e9d70a85dd
06_UnityFramework/Assets/Art/HotUpdate/SkeletalReusable/CaiDai_TX/Regions/CC_04.png.meta,1153,ad3e3ccfa9f372e391ea919e6d5066323277abef0bf1b0ec74831bd374fd8b41
06_UnityFramework/Assets/Art/HotUpdate/SkeletalReusable/CaiDai_TX/Regions/CC_05.png,703,4027d7b5c84940fca3ef5760306341d30e701ebc79fc6c913ea488d7a873a5c1
06_UnityFramework/Assets/Art/HotUpdate/SkeletalReusable/CaiDai_TX/Regions/CC_05.png.meta,1153,5bd9c1b9be433a7356a008b26bf3d599cbd079326249e24c145d217c0728e500
06_UnityFramework/Assets/Art/HotUpdate/SkeletalReusable/CaiDai_TX/Regions/CC_06.png,574,006047ef1bae69f23a51e440a9e94448adb86d73bc3504664fb7c0fb4f8e6f16
06_UnityFramework/Assets/Art/HotUpdate/SkeletalReusable/CaiDai_TX/Regions/CC_06.png.meta,1153,8b5f5bde8f2ccf83d696f6d2f16cf0f066e66df00ded66994426694da1d5ce29
06_UnityFramework/Assets/Art/HotUpdate/SkeletalReusable/CaiDai_TX/Regions/CC_07.png,674,c598880cefebef85b5c9b970000d98c62f249d7508a647ac917b18258c140241
06_UnityFramework/Assets/Art/HotUpdate/SkeletalReusable/CaiDai_TX/Regions/CC_07.png.meta,1153,3535824b477b81498ccf7e91a6a65975ca26bb0aa66f6451a6502468089a7780
06_UnityFramework/Assets/Art/HotUpdate/SkeletalReusable/CaiDai_TX/Regions/CC_08.png,924,c7181d7a97e778a35c4108af0e4d32045a86fee64be2ffc4bdc47d143e017213
06_UnityFramework/Assets/Art/HotUpdate/SkeletalReusable/CaiDai_TX/Regions/CC_08.png.meta,1153,e96e4941b8bdf48ccfc53923f90b33c29abd243d433f0579586f47dd4b74ca35
06_UnityFramework/Assets/Art/HotUpdate/SkeletalReusable/CaiDai_TX/Regions/CC_09.png,716,4f79b47236b11807740b4091d8512ed1991f50fda04c88ceb77e1738854371b3
06_UnityFramework/Assets/Art/HotUpdate/SkeletalReusable/CaiDai_TX/Regions/CC_09.png.meta,1153,073d2892fd81a8c7c9af27744674951424b80d8f62aaea5820268f2e518f2541
06_UnityFramework/Assets/Art/HotUpdate/SkeletalReusable/CaiDai_TX/Regions/CC_10.png,1065,e2695fb9f858b4d4d4fb586aa763064e99ffa908ecdb9bc9520fa4c05e814304
06_UnityFramework/Assets/Art/HotUpdate/SkeletalReusable/CaiDai_TX/Regions/CC_10.png.meta,1153,72d9144f08bc1fcc712443fd6c61d6192052d0355cbd9f4d3ba22e6ee28311eb
06_UnityFramework/Assets/Art/HotUpdate/SkeletalReusable/CaiDai_TX/Regions/CC_11.png,764,fce4ca6d15aa167289a559bd72e1882661fade26844a4af5a05bd03513991f3e
06_UnityFramework/Assets/Art/HotUpdate/SkeletalReusable/CaiDai_TX/Regions/CC_11.png.meta,1153,d8bc5be3c8fa0c7d14476408aa2c9927036057f9ecec97fe5dca8001c65c04f1
06_UnityFramework/Assets/Art/HotUpdate/SkeletalReusable/CaiDai_TX/Regions/CC_12.png,920,d9e845d7fa2e758d206d7342f1412f5c0daf76731fde1b2ecd62b84fe2877cb5
06_UnityFramework/Assets/Art/HotUpdate/SkeletalReusable/CaiDai_TX/Regions/CC_12.png.meta,1153,6b22c9356b2b8449a4826db87f7dca3233887ff8963c535cdccf382711ea3a02
06_UnityFramework/Assets/Art/HotUpdate/SkeletalReusable/CaiDai_TX/Regions/CC_13.png,671,e1be3d9817eab0fa254501dc570d4677179bf48b58a28f947a8172d76bd354cc
06_UnityFramework/Assets/Art/HotUpdate/SkeletalReusable/CaiDai_TX/Regions/CC_13.png.meta,1153,d884ba0c5b8ffa329fefda0de0c6897ce0595ed47b0f5dd4eb2796985afde7fc
06_UnityFramework/Assets/Art/HotUpdate/SkeletalReusable/CaiDai_TX/Regions/CC_14.png,674,8b4e9587524adec33db9e202e9087d1df1f3291bde46b654caa5a206c935ac30
06_UnityFramework/Assets/Art/HotUpdate/SkeletalReusable/CaiDai_TX/Regions/CC_14.png.meta,1153,7982715fbd4026b0d99b29f910b2eb8affe82b6dfbd82c4fdbe2f1873fe37be7
06_UnityFramework/Assets/Art/HotUpdate/SkeletalReusable/CaiDai_TX/Regions/CC_15.png,752,9e3aa7941ab223fca891fd98c46d387b22ff5deacaa44bf21aea9f7440ba1213
06_UnityFramework/Assets/Art/HotUpdate/SkeletalReusable/CaiDai_TX/Regions/CC_15.png.meta,1153,862cb5a84843e02662ce1cc8747732edb428f1b98fed8334838874d310202362
06_UnityFramework/Assets/Art/HotUpdate/SkeletalReusable/CaiDai_TX/Regions/CC_16.png,658,af2dc1067ab3512ce5bf80eb14da410feedc5656270820a4365a970956ce0c02
06_UnityFramework/Assets/Art/HotUpdate/SkeletalReusable/CaiDai_TX/Regions/CC_16.png.meta,1153,e05ddfc72b3c25510ba93c4c706c4a96a781fd2c5f5a23d9543b398b17a5f20c
06_UnityFramework/Assets/Art/HotUpdate/SkeletalReusable/CaiDai_TX/Regions/CC_17.png,1030,a2c7eabd9260f505672989e74fbb74e1c73c1e1764a896e87993f23d82c9e619
06_UnityFramework/Assets/Art/HotUpdate/SkeletalReusable/CaiDai_TX/Regions/CC_17.png.meta,1153,7cb0bafcbf7fb5a0b19daa2bb695f730e5cbcc1c511903294d138460beefc9e7
06_UnityFramework/Assets/Art/HotUpdate/SkeletalReusable/CaiDai_TX/Regions/CC_18.png,816,289745c01550a0bda647ab0ee1c4ceff240857f477f3fa892676a98fa2d275c3
06_UnityFramework/Assets/Art/HotUpdate/SkeletalReusable/CaiDai_TX/Regions/CC_18.png.meta,1153,f6c270cd0257bf2fee717bfeeb6791f5b31e22a838dfd60152349e1dda1572ad
06_UnityFramework/Assets/Art/HotUpdate/SkeletalReusable/CaiDai_TX/Regions/CC_19.png,730,e4f992d7baaadbb9c16c4621f817a62ddac9caeda7dff4985044537452e0db22
06_UnityFramework/Assets/Art/HotUpdate/SkeletalReusable/CaiDai_TX/Regions/CC_19.png.meta,1153,120d85abe5409020bc0366837495af7bcc845e5f8ad95c8977f28744b7f2236f
06_UnityFramework/Assets/Art/HotUpdate/SkeletalReusable/CaiDai_TX/Regions/CC_20.png,819,86fce3932ec44287db798e68237860082d71d9804fe84bd80b49c76e96b67ecb
06_UnityFramework/Assets/Art/HotUpdate/SkeletalReusable/CaiDai_TX/Regions/CC_20.png.meta,1153,f97ab5b704cecb4ac8f51d296ad7b65d7025be054243bdcde6568be8a3533a60
06_UnityFramework/Assets/Art/HotUpdate/SkeletalReusable/CaiDai_TX/Regions/CC_21.png,986,c6825747311009558a9d3148a65690a02b395bfd49fb56a71b1bde0bdf01b78d
06_UnityFramework/Assets/Art/HotUpdate/SkeletalReusable/CaiDai_TX/Regions/CC_21.png.meta,1153,65784fc5fc7b2031dda8d26201b7e8cd786f1cf9b37752ce593f7db6fc75109c
06_UnityFramework/Assets/Art/HotUpdate/SkeletalReusable/CaiDai_TX/Regions/CC_22.png,654,5c2888f690581be7087d944e0c9096eb3ad5e3e5666cc3774903990fbeab5163
06_UnityFramework/Assets/Art/HotUpdate/SkeletalReusable/CaiDai_TX/Regions/CC_22.png.meta,1153,ad1cf30ea0c780a68fd20c3308392743606c8ca95de6450eb83b2c602b755e00
06_UnityFramework/Assets/Art/HotUpdate/SkeletalReusable/CaiDai_TX/Regions/CC_23.png,582,334c583acb06e24ba69a71a94264a6cae622fc28f8c7d8701709a72b41e2fb68
06_UnityFramework/Assets/Art/HotUpdate/SkeletalReusable/CaiDai_TX/Regions/CC_23.png.meta,1153,8bf69c71d1700d3780a4b39b14854c6b65ebb4b7f8d189ecaf718afad946510e
06_UnityFramework/Assets/Art/HotUpdate/SkeletalReusable/CaiDai_TX/Regions/CC_24.png,941,306f4909074a5a017c7138d147e56cebd954801c9e3a6db478f537136ff8a482
06_UnityFramework/Assets/Art/HotUpdate/SkeletalReusable/CaiDai_TX/Regions/CC_24.png.meta,1153,6486bee01745435e41600ed715b8d88b335f43849e8713856e05b59e17cfadd5
06_UnityFramework/Assets/Art/HotUpdate/SkeletalReusable/CaiDai_TX/Regions/CC_25.png,995,9ff223a940f9cab47ab05cc5b12c6bbe386b97bf7eaf5982946cd8e628b9d0fc
06_UnityFramework/Assets/Art/HotUpdate/SkeletalReusable/CaiDai_TX/Regions/CC_25.png.meta,1153,089805025fa9216646f3c80165f76dc38385a9b36919a3e70d57a2d0ddd37a80
06_UnityFramework/Assets/Art/HotUpdate/SkeletalReusable/CaiDai_TX/Regions/CC_26.png,1227,cb9bc41ca09cd69b3f50ec96ee405fff0606f760a301879939e4a2412de1e653
06_UnityFramework/Assets/Art/HotUpdate/SkeletalReusable/CaiDai_TX/Regions/CC_26.png.meta,1153,2d3ec78ece4c7a619a9492a15ab354325ca864efa7aacbf380592bf1ae27dd32
06_UnityFramework/Assets/Art/HotUpdate/SkeletalReusable/CaiDai_TX/regions.json,6211,eb519efbf9d19a9645edc3bac314738bc1ccc5fb0554ecfe491306bb1f99b0f8
06_UnityFramework/Assets/Art/HotUpdate/SkeletalReusable/CaiDai_TX/regions.json.meta,162,1522d9a7f23ac63e22a0579a881a03de713511d2f18f8f9377052625be16ff2f
06_UnityFramework/Assets/Art/HotUpdate/SkeletalReusable/CaiDai_TX/skeleton.atlas,2757,d6d6d20172ec432a989e3e87d2f00ad98e8460ee2cb091b1ba5fac3d2168acb7
06_UnityFramework/Assets/Art/HotUpdate/SkeletalReusable/CaiDai_TX/skeleton.atlas.meta,162,a601c2f6d701a2ba12f753130e721c551dac5a40840e82e7a33afb621d993645
06_UnityFramework/Assets/Art/HotUpdate/SkeletalReusable/CaiDai_TX/skeleton.json,251279,1ef9ff51fc574627c87bbe5577f163cac3e8120c67c50de544ac80bd84d38fae
06_UnityFramework/Assets/Art/HotUpdate/SkeletalReusable/CaiDai_TX/skeleton.json.meta,162,d5de4e1f562be99f9c113574cfc53a77263877fb9da9b4a56dcce84f6884b968
06_UnityFramework/Assets/Art/HotUpdate/SkeletalReusable/CaiDai_TX/Timelines/idle1.json,170002,102709836386a99f1fa37b3ac7ed8917dba66263b7e3f48c0d41db703bf01119
06_UnityFramework/Assets/Art/HotUpdate/SkeletalReusable/CaiDai_TX/Timelines/idle1.json.meta,162,ab1182bf843e89b5064bd41a6516e608806e28d97e0d677df3ed269ab465bec9
06_UnityFramework/Assets/Art/HotUpdate/SkeletalReusable/DJB_TX/DJB_TX.png,169988,634ea40589f28abdfabd356f5e554bb20253950c386f5c1c9fcbf48a5c476928
06_UnityFramework/Assets/Art/HotUpdate/SkeletalReusable/DJB_TX/DJB_TX.png.meta,1153,fd33d2693075a5edb8e6ec0beb59401e824f0c10a8b28eee7e73922b42c5e96d
06_UnityFramework/Assets/Art/HotUpdate/SkeletalReusable/DJB_TX/Regions/caidai/caidai11.png,4478,b504e4a2930bc12ee5bf561ef1113fede07d77cce500db59c9afbe00bb3f5205
06_UnityFramework/Assets/Art/HotUpdate/SkeletalReusable/DJB_TX/Regions/caidai/caidai11.png.meta,1153,61ffd83d1995e3480da74eba1debf23e1a6e60c7dd8c574adec536c271de3074
06_UnityFramework/Assets/Art/HotUpdate/SkeletalReusable/DJB_TX/Regions/caidai/caidai12.png,4688,32dc29e8afed94a420629832208c5398f112aae13bf1ce9f2800670a81583f82
06_UnityFramework/Assets/Art/HotUpdate/SkeletalReusable/DJB_TX/Regions/caidai/caidai12.png.meta,1153,ec066252fb895271993d83136cdc89e1acd24c494c0071da637d9293938d578b
06_UnityFramework/Assets/Art/HotUpdate/SkeletalReusable/DJB_TX/Regions/caidai/caidai13.png,5279,ab7d60d9fecb9069691ea6022ec95db668d30a2de1042fdab00b8a38bb29c44d
06_UnityFramework/Assets/Art/HotUpdate/SkeletalReusable/DJB_TX/Regions/caidai/caidai13.png.meta,1153,bd6577b307c2659930d450f7f550c8addcee7d100e36ea8aa277028d50311b79
06_UnityFramework/Assets/Art/HotUpdate/SkeletalReusable/DJB_TX/Regions/caidai/caidai14.png,5452,bb8f4cfc4c1ea73698707a67ed26a4af254a067a6f6a5ee6f7a62fd65e99e3d8
06_UnityFramework/Assets/Art/HotUpdate/SkeletalReusable/DJB_TX/Regions/caidai/caidai14.png.meta,1153,ecfa40eb7602af46a661d0bd0300a6fb416a64e03d723699469de778bb42d5c6
06_UnityFramework/Assets/Art/HotUpdate/SkeletalReusable/DJB_TX/Regions/caidai/caidai15.png,5809,59373b96ec66dc0d682b9a869467c84b3133fae2d1bd81d9408ae299de7cc1eb
06_UnityFramework/Assets/Art/HotUpdate/SkeletalReusable/DJB_TX/Regions/caidai/caidai15.png.meta,1153,20a02ee4bf4292fa7a0d48273b53504d7d8b1c915b4d978f12aa45e96ea34101
06_UnityFramework/Assets/Art/HotUpdate/SkeletalReusable/DJB_TX/Regions/caidai/caidai16.png,5971,fbe2e80776a48e2a07377fa601b92d8c75567fba1a7c31c59673bfdce8487817
06_UnityFramework/Assets/Art/HotUpdate/SkeletalReusable/DJB_TX/Regions/caidai/caidai16.png.meta,1153,98da2eda48b86990fb00840ca5103c3b0176889649e137f61b4d80470b6adb24
06_UnityFramework/Assets/Art/HotUpdate/SkeletalReusable/DJB_TX/Regions/caidai/caidai17.png,5622,8d434518e68c0f60ec7c830dc837b82c44517a4013df390d526666560a8e8314
06_UnityFramework/Assets/Art/HotUpdate/SkeletalReusable/DJB_TX/Regions/caidai/caidai17.png.meta,1153,b1cea9b18a05ac7548d6ae3e279f34b132a756eb58816357634cdf0b12a9e6bc
06_UnityFramework/Assets/Art/HotUpdate/SkeletalReusable/DJB_TX/Regions/caidai/caidai18.png,4784,bcb9ef3407de7115895923896f16b2e0e32578007366a2bf7830b6860f7bf87e
06_UnityFramework/Assets/Art/HotUpdate/SkeletalReusable/DJB_TX/Regions/caidai/caidai18.png.meta,1153,5e367f3547b797add47935e436f472a0c2c5e168a107b66f6752043c09d32ce4
06_UnityFramework/Assets/Art/HotUpdate/SkeletalReusable/DJB_TX/Regions/caidai/caidai19.png,4209,b21396c41943d483e2959d476f142d02068a5da00847e4ec5b7292ccb8b3e997
06_UnityFramework/Assets/Art/HotUpdate/SkeletalReusable/DJB_TX/Regions/caidai/caidai19.png.meta,1153,e5760ac7dacd1cf318e73dbee50341733ee4308e20a1530866ad4d932a8d534d
06_UnityFramework/Assets/Art/HotUpdate/SkeletalReusable/DJB_TX/Regions/caidai/caidai20.png,3652,53f0526950716ce801cf744ee316150e6d385f616b0748e0502f5c67e0f9d016
06_UnityFramework/Assets/Art/HotUpdate/SkeletalReusable/DJB_TX/Regions/caidai/caidai20.png.meta,1153,dc13cb5e0846062c6ef79d2a7ebdb9f8dce886f2f56edf13152f953b8570199a
06_UnityFramework/Assets/Art/HotUpdate/SkeletalReusable/DJB_TX/Regions/caidai/caidai21.png,3255,cbe74c5f7abecfbbfb076846a337bcd0a844f9a4c3732e2678ec29b8925d2553
06_UnityFramework/Assets/Art/HotUpdate/SkeletalReusable/DJB_TX/Regions/caidai/caidai21.png.meta,1153,282900db4b5bc0295e795c712b044fea7b197e4e5573a228e51329183d5ebace
06_UnityFramework/Assets/Art/HotUpdate/SkeletalReusable/DJB_TX/Regions/caidai/caidai22.png,2839,31e66cf11e2d0e91ca4c2853c83bcfedba6fa77c97dee2b354945ef3eacec555
06_UnityFramework/Assets/Art/HotUpdate/SkeletalReusable/DJB_TX/Regions/caidai/caidai22.png.meta,1153,3fb0594fee3b26ec9b6b2fe949176f597a7656935933c9e0109da47ab003e50d
06_UnityFramework/Assets/Art/HotUpdate/SkeletalReusable/DJB_TX/Regions/caidai/caidai23.png,2468,8c979785ca3ef9f4d2c12ee8b7125ec7cbfb2aac4fe6e56841908c1b1700cb23
06_UnityFramework/Assets/Art/HotUpdate/SkeletalReusable/DJB_TX/Regions/caidai/caidai23.png.meta,1153,e86ebbb0bca5e01b3d52f3378f9dd6e06212c52c9528ce4e95f0d04af036b668
06_UnityFramework/Assets/Art/HotUpdate/SkeletalReusable/DJB_TX/Regions/caidai/caidai24.png,2458,157774cb27fe5112368ca19ee5e13896368e471b29ca99f82afd235653b4b761
06_UnityFramework/Assets/Art/HotUpdate/SkeletalReusable/DJB_TX/Regions/caidai/caidai24.png.meta,1153,ec795564774567389175dea1f7c77a6873fb3b61e594b14e32ac037b967b1a73
06_UnityFramework/Assets/Art/HotUpdate/SkeletalReusable/DJB_TX/Regions/caidai/caidai25.png,2423,b6486028324f07520e6d6bc8db1d6ce595cd3c30fb84051b3046eac31deb8ca6
06_UnityFramework/Assets/Art/HotUpdate/SkeletalReusable/DJB_TX/Regions/caidai/caidai25.png.meta,1153,73c17e9b4ba3a94e07a33535c16b5e59281a25d702df04892739623d475dd32b
06_UnityFramework/Assets/Art/HotUpdate/SkeletalReusable/DJB_TX/Regions/caidai/caidai26.png,2347,e46d30524597a5a3f5d99ad688b178e5515db7c804f15bc0512907131d1b3f3f
06_UnityFramework/Assets/Art/HotUpdate/SkeletalReusable/DJB_TX/Regions/caidai/caidai26.png.meta,1153,7100c7919b4fa58f74cd322c975b3899c8e34165bb363b8e479b61b441bd5133
06_UnityFramework/Assets/Art/HotUpdate/SkeletalReusable/DJB_TX/Regions/caidai/caidai27.png,2269,f671a2bf5afbc74641d2c27119f7381511f291af0e4ed94d785e09a0036fbbec
06_UnityFramework/Assets/Art/HotUpdate/SkeletalReusable/DJB_TX/Regions/caidai/caidai27.png.meta,1153,cba387dd91972a9582a751f8366a3922db5a208246f3e58044f046891ee5d9ad
06_UnityFramework/Assets/Art/HotUpdate/SkeletalReusable/DJB_TX/Regions/caidai/caidai28.png,2236,5485ea9b590d71a6d976e2a34debb0943cf908e946a49a463f609f140ce68319
06_UnityFramework/Assets/Art/HotUpdate/SkeletalReusable/DJB_TX/Regions/caidai/caidai28.png.meta,1153,ae43357193dd1aa89d0b9283dfbb00c409f580039215558f86ba54b7ca426832
06_UnityFramework/Assets/Art/HotUpdate/SkeletalReusable/DJB_TX/Regions/caidai/caidai29.png,2246,3a2254b9330b6633218fb1bd564403529798dd928b101fb5e0a02d172b837c41
06_UnityFramework/Assets/Art/HotUpdate/SkeletalReusable/DJB_TX/Regions/caidai/caidai29.png.meta,1153,c409d2ab695d08502c0e94f52fc3cfb39379fb8ce7b0cdccdd9f1acd20a59a08
06_UnityFramework/Assets/Art/HotUpdate/SkeletalReusable/DJB_TX/Regions/caidai/caidai30.png,2190,ef42dc98ff25fbd9a139dbf39861849cd73f9d6790ae3ca133e221ebbfe66dae
06_UnityFramework/Assets/Art/HotUpdate/SkeletalReusable/DJB_TX/Regions/caidai/caidai30.png.meta,1153,6aa82d4d632c6d02b99b2a88b152237c02443ea3a1887007451bf4487d4deef3
06_UnityFramework/Assets/Art/HotUpdate/SkeletalReusable/DJB_TX/Regions/JB_00.png,27314,25e2669662d48cfec408fbcfa3123f7f05eb1eda0dd44e79bb3a044ed093517c
06_UnityFramework/Assets/Art/HotUpdate/SkeletalReusable/DJB_TX/Regions/JB_00.png.meta,1153,b55d75d9a555482b5805089d95f35e874e421ab955f1527c47a3828a1e70ee34
06_UnityFramework/Assets/Art/HotUpdate/SkeletalReusable/DJB_TX/Regions/JB_01.png,28799,fdb4b7b7c7e0c12e5c1c59448c56e4a33020312f48d9e01b1c5c104b37f503c2
06_UnityFramework/Assets/Art/HotUpdate/SkeletalReusable/DJB_TX/Regions/JB_01.png.meta,1153,fbea4c8698281a9feb6f268468b9abc475d052d4bf83db968860b2fd741e8605
06_UnityFramework/Assets/Art/HotUpdate/SkeletalReusable/DJB_TX/Regions/JB_02.png,13772,198045b7156f9da86f959f3aa4638af4076946af41ace4e85e9ba4d193b2892b
06_UnityFramework/Assets/Art/HotUpdate/SkeletalReusable/DJB_TX/Regions/JB_02.png.meta,1153,52bef6b71794c6406cb43e2269a6cea9d5452c2645d75658dca92f928a9f6aa8
06_UnityFramework/Assets/Art/HotUpdate/SkeletalReusable/DJB_TX/Regions/JB_03.png,13772,198045b7156f9da86f959f3aa4638af4076946af41ace4e85e9ba4d193b2892b
06_UnityFramework/Assets/Art/HotUpdate/SkeletalReusable/DJB_TX/Regions/JB_03.png.meta,1153,a2aac3523ec5db41cf77d3c625e6631511fc4a8008cbe7238b2df3f92b1d679a
06_UnityFramework/Assets/Art/HotUpdate/SkeletalReusable/DJB_TX/Regions/JB_04.png,8681,3f8e1e75ebddffe15a3dde4b492dbcaf79a8088723ca7886380dc25a3b237e9e
06_UnityFramework/Assets/Art/HotUpdate/SkeletalReusable/DJB_TX/Regions/JB_04.png.meta,1153,7983a3ad6662436a3249c4af74eb5ef47a858ad80b6e460f4e9a77a0d31ee2a7
06_UnityFramework/Assets/Art/HotUpdate/SkeletalReusable/DJB_TX/Regions/JB_05.png,8681,3f8e1e75ebddffe15a3dde4b492dbcaf79a8088723ca7886380dc25a3b237e9e
06_UnityFramework/Assets/Art/HotUpdate/SkeletalReusable/DJB_TX/Regions/JB_05.png.meta,1153,224bf648388c1b8c3041b726cd8955267bed3b02b773c31bcaf73b2172258615
06_UnityFramework/Assets/Art/HotUpdate/SkeletalReusable/DJB_TX/Regions/JB_06.png,5717,c6eda7469cdf23db00f145a7c47c014e5d688dc044e1d0ddc3eeed595d3e7be7
06_UnityFramework/Assets/Art/HotUpdate/SkeletalReusable/DJB_TX/Regions/JB_06.png.meta,1153,73935c724074853f164d79b7390461e04b2950a8e547bcaa3b3ba9ac58d47c43
06_UnityFramework/Assets/Art/HotUpdate/SkeletalReusable/DJB_TX/Regions/JB_07.png,5717,c6eda7469cdf23db00f145a7c47c014e5d688dc044e1d0ddc3eeed595d3e7be7
06_UnityFramework/Assets/Art/HotUpdate/SkeletalReusable/DJB_TX/Regions/JB_07.png.meta,1153,02da981b27c4cdb393ab1d4a452187a92b43923a016d47514ecba4e822337026
06_UnityFramework/Assets/Art/HotUpdate/SkeletalReusable/DJB_TX/regions.json,6904,5304a516ca73584ca1e28768e20b5433427125a76539495fcdb95dff584208b2
06_UnityFramework/Assets/Art/HotUpdate/SkeletalReusable/DJB_TX/regions.json.meta,162,da76acbfb8b44ccb0105af5c7018d49de923e08c9691d10b27c85a28817b2341
06_UnityFramework/Assets/Art/HotUpdate/SkeletalReusable/DJB_TX/skeleton.atlas,3202,242d9195338598e66736f3539ef530f125a022dbd05b1f593c9c346650a770b9
06_UnityFramework/Assets/Art/HotUpdate/SkeletalReusable/DJB_TX/skeleton.atlas.meta,162,a7a4ee7772c675d446cd825cea500a0c6e0c03a4f8f570c2cf98f0e6b9de1969
06_UnityFramework/Assets/Art/HotUpdate/SkeletalReusable/DJB_TX/skeleton.json,63155,921bc2c2bb7a8c0afe43bfafdb04d89f09a554038f545c405fc6d0bfe07b47d0
06_UnityFramework/Assets/Art/HotUpdate/SkeletalReusable/DJB_TX/skeleton.json.meta,162,f07d6a3f561a1eeb822c846532ac843a645784db09f541d89b7f82079eae8c43
06_UnityFramework/Assets/Art/HotUpdate/SkeletalReusable/DJB_TX/Timelines/animation.json,12639,3bd4c104cc57a9930f032dcef0f604a6b703bd32da3ecf66b68c942030d11aef
06_UnityFramework/Assets/Art/HotUpdate/SkeletalReusable/DJB_TX/Timelines/animation.json.meta,162,8ebe64b913d7da43000d03cee14dfb4e39abdd2b99dd1dec05186bded814846d
06_UnityFramework/Assets/Art/HotUpdate/SkeletalReusable/GuangH_TX/GuangH_TX.png,652454,d18ead10956397286fc402349b8f4d0e7368bf573e8c6b7fc3c1f086169aa7f3
06_UnityFramework/Assets/Art/HotUpdate/SkeletalReusable/GuangH_TX/GuangH_TX.png.meta,1153,ec3b9def591e49f2a1e13413c940cd79d6cd891c9d8c85d05ea0645c70a19d99
06_UnityFramework/Assets/Art/HotUpdate/SkeletalReusable/GuangH_TX/Regions/1_35.png,1413,277e62577d56f140ad8014fb17515e2f6d55c9868aca4e9e87e5fa07fdc29f9f
06_UnityFramework/Assets/Art/HotUpdate/SkeletalReusable/GuangH_TX/Regions/1_35.png.meta,1153,7f5ce4c6949e1cab9466d25e7ccb0c14596f4d91619f25a22b5b9a40a60040a7
06_UnityFramework/Assets/Art/HotUpdate/SkeletalReusable/GuangH_TX/Regions/C1.png,113224,b0db316c95710aad702f79df7a8e529f21b7efde028a66206652b2428074bb27
06_UnityFramework/Assets/Art/HotUpdate/SkeletalReusable/GuangH_TX/Regions/C1.png.meta,1153,5c4ae80f92789685064cceccc7dd05c5c5b62c20568704aa56e3b60f7fa7a7bb
06_UnityFramework/Assets/Art/HotUpdate/SkeletalReusable/GuangH_TX/Regions/Q_00.png,139646,9a214c4dbefc0d3d569d09e8be82926d9b23d1d6eb44f1a53e62c9f9068b540a
06_UnityFramework/Assets/Art/HotUpdate/SkeletalReusable/GuangH_TX/Regions/Q_00.png.meta,1153,af7167eba01b42ccc963c59aae55ee4e4cc803ee6cd2ab2dd9b09348d28245b9
06_UnityFramework/Assets/Art/HotUpdate/SkeletalReusable/GuangH_TX/Regions/Q_01.png,140933,5bb1421c717c39a1684bb00de2cbaf0587f5f103a97f3032e207cc7d83f218ac
06_UnityFramework/Assets/Art/HotUpdate/SkeletalReusable/GuangH_TX/Regions/Q_01.png.meta,1153,3debbc91b097f97fc652735b7850ed31b2561f65a7a833636cf1726d9837b423
06_UnityFramework/Assets/Art/HotUpdate/SkeletalReusable/GuangH_TX/Regions/Q_02.png,94069,850d28706acdb131bc1e12bc30eeda9f60e7a88d57e2c4da788c7120c7a87aa0
06_UnityFramework/Assets/Art/HotUpdate/SkeletalReusable/GuangH_TX/Regions/Q_02.png.meta,1153,085b15c2759586b5da0a7e98c08a44df9166b7abfe784987e5a9bd59ac95e816
06_UnityFramework/Assets/Art/HotUpdate/SkeletalReusable/GuangH_TX/Regions/Q_03.png,52233,517ab928d2ff38939211cc6308b92f054c05f7e867b53ace4d161e4b109587cd
06_UnityFramework/Assets/Art/HotUpdate/SkeletalReusable/GuangH_TX/Regions/Q_03.png.meta,1153,b09f24836e05200c5c93161dd118ec45c9304947af9ef2fd9380ecbab210515f
06_UnityFramework/Assets/Art/HotUpdate/SkeletalReusable/GuangH_TX/Regions/Q_04.png,36239,366a859a5005ee9920d78a8690261297f59a6093b5ed483f97e1fb162721d761
06_UnityFramework/Assets/Art/HotUpdate/SkeletalReusable/GuangH_TX/Regions/Q_04.png.meta,1153,d0e699d01a2d3fd2f7110ead1128756570f65bf5253f5f6b519ceb645b87c9b1
06_UnityFramework/Assets/Art/HotUpdate/SkeletalReusable/GuangH_TX/regions.json,1627,e3e223a24d96a8614d77e9c570d4b5efc30776bf421f1830cdc9bf7af0c41daf
06_UnityFramework/Assets/Art/HotUpdate/SkeletalReusable/GuangH_TX/regions.json.meta,162,746db1c90dddb685777357e31439f0e0ca5d9bcc69778166f4e10e1707014060
06_UnityFramework/Assets/Art/HotUpdate/SkeletalReusable/GuangH_TX/skeleton.atlas,804,dfc1e590742aaece417ddf21f2cd2dec4644bf8d5a9d55baef2ba7a459003e97
06_UnityFramework/Assets/Art/HotUpdate/SkeletalReusable/GuangH_TX/skeleton.atlas.meta,162,f20d372ad3083bcbf351a0b50c6f8377abb8e56951a704cf58671a5f3ef39c8e
06_UnityFramework/Assets/Art/HotUpdate/SkeletalReusable/GuangH_TX/skeleton.json,128922,6f135c6dc79343d3554c1a8b8c512cb62d5ddb12e9de537df24f9e179a835c03
06_UnityFramework/Assets/Art/HotUpdate/SkeletalReusable/GuangH_TX/skeleton.json.meta,162,5acd40f7a6ca5d7135b1a6f7f41564224a4d4549b6a430c3f9d22db577e5a162
06_UnityFramework/Assets/Art/HotUpdate/SkeletalReusable/GuangH_TX/Timelines/idle1.json,76568,1b1f47205d1562f187a1cd57a0679a0cd5a62cbe5abaa10f2df0e9fba76bf2ac
06_UnityFramework/Assets/Art/HotUpdate/SkeletalReusable/GuangH_TX/Timelines/idle1.json.meta,162,2d74105be174afe825d84aa991eafd52232e2988e30620790dc15c038c50c584
06_UnityFramework/Assets/Art/HotUpdate/SkeletalReusable/HeChengSM_TX/HeChengSM_TX.png,164196,8d25f283bdaf79278122f48eb516675b5098a85e599be3ebf7b09ee302d9885a
06_UnityFramework/Assets/Art/HotUpdate/SkeletalReusable/HeChengSM_TX/HeChengSM_TX.png.meta,1153,70eff97061fea79d1ef7ee0013e311004d05f026f7f9f1bd7fde8731d583255c
06_UnityFramework/Assets/Art/HotUpdate/SkeletalReusable/HeChengSM_TX/Regions/11_00.png,13353,0331455b8b9c0abeb387f4b245f2d3ccaf9442933424636a319be209d63a33ea
06_UnityFramework/Assets/Art/HotUpdate/SkeletalReusable/HeChengSM_TX/Regions/11_00.png.meta,1153,f9d1cb4843de38e8bd5aa536f3ef92c9f7ef68f7c78f41bf1ff6e5ffaa7cb579
06_UnityFramework/Assets/Art/HotUpdate/SkeletalReusable/HeChengSM_TX/Regions/11_01.png,11292,d35aa9378ef166b247dc6751ce73da2ddca66bf4513e61b360ed09f64b7b1d13
06_UnityFramework/Assets/Art/HotUpdate/SkeletalReusable/HeChengSM_TX/Regions/11_01.png.meta,1153,0479373c08fdb85d2040f0f0668a49afb000619e4e60fd9c78500ff51f777ffa
06_UnityFramework/Assets/Art/HotUpdate/SkeletalReusable/HeChengSM_TX/Regions/11_02.png,10123,6ea872914861294862c18449e41a7f0b6ed6bd012da09740535fb0a8f46efe81
06_UnityFramework/Assets/Art/HotUpdate/SkeletalReusable/HeChengSM_TX/Regions/11_02.png.meta,1153,c138587206cfe2c688ee749d4093b69aaa3130d1c4361bcdeb2b7f58d2ef9a44
06_UnityFramework/Assets/Art/HotUpdate/SkeletalReusable/HeChengSM_TX/Regions/11_03.png,11582,d1b4c50ce351c0484335578ea7245a93fd57a8a59f1adb0b8d3b877ae8efe367
06_UnityFramework/Assets/Art/HotUpdate/SkeletalReusable/HeChengSM_TX/Regions/11_03.png.meta,1153,7dcbd006f41dd9612bf70bef5ebb4531444f4644b1bcd36533436514806928cf
06_UnityFramework/Assets/Art/HotUpdate/SkeletalReusable/HeChengSM_TX/Regions/11_04.png,11789,176a2a55982edae89de71873f9cc93e1f12e70c01cd828685e2f393d576ffd9a
06_UnityFramework/Assets/Art/HotUpdate/SkeletalReusable/HeChengSM_TX/Regions/11_04.png.meta,1153,1200dec3ecba290960da6fe87916a4f24d6742dd95d7317e4851491b79d78795
06_UnityFramework/Assets/Art/HotUpdate/SkeletalReusable/HeChengSM_TX/Regions/11_05.png,11875,51fac3fb61cc8d42f8feecec25ac99f945ca495fd91cb0e287458ead6a7fd7d1
06_UnityFramework/Assets/Art/HotUpdate/SkeletalReusable/HeChengSM_TX/Regions/11_05.png.meta,1153,90e92c03b89ee238636e2b3025e9bd7d072e13c73881983c46e6feba7c8f1e27
06_UnityFramework/Assets/Art/HotUpdate/SkeletalReusable/HeChengSM_TX/Regions/11_06.png,11127,d214f9ccadd96393333b011bfd1f36096c7a58c91828676a43560ac2a752a8cb
06_UnityFramework/Assets/Art/HotUpdate/SkeletalReusable/HeChengSM_TX/Regions/11_06.png.meta,1153,0622aa6b97bb609287838373b052e56c0dfa9369f1f0c9ec1e9e63f25535dcf2
06_UnityFramework/Assets/Art/HotUpdate/SkeletalReusable/HeChengSM_TX/Regions/11_07.png,10963,b3b9ce5b443338686676299841c010c099db2549edec656f948fd366329bde0b
06_UnityFramework/Assets/Art/HotUpdate/SkeletalReusable/HeChengSM_TX/Regions/11_07.png.meta,1153,f65fd9037cedae7e216a1bcaff46c7f76489f9b43dbf3e3fe70aa2c2973a1dda
06_UnityFramework/Assets/Art/HotUpdate/SkeletalReusable/HeChengSM_TX/Regions/11_08.png,11567,9b4737a3274fbcbb9d915de8fa7f1ed1f3e680cbfd7c6e98060d58a325c8d5db
06_UnityFramework/Assets/Art/HotUpdate/SkeletalReusable/HeChengSM_TX/Regions/11_08.png.meta,1153,3607feb2df3c90ef38f6201b7c5b1418ea6d3d3b12412aa32e59f40efde23613
06_UnityFramework/Assets/Art/HotUpdate/SkeletalReusable/HeChengSM_TX/Regions/11_09.png,11001,2b9fe60cd2081df5a9f22aa1b7472a90596329c7b73376214deefc2e6db80815
06_UnityFramework/Assets/Art/HotUpdate/SkeletalReusable/HeChengSM_TX/Regions/11_09.png.meta,1153,1a7b2b21daf6c8da5f3d4af882767733a8c0a590c08adefa3d11fcc832118cde
06_UnityFramework/Assets/Art/HotUpdate/SkeletalReusable/HeChengSM_TX/Regions/11_10.png,9328,574fa8b988e06d2f7cdf11b1bef64c1a8fa5876c9ea6d040cb03064ecac0c666
06_UnityFramework/Assets/Art/HotUpdate/SkeletalReusable/HeChengSM_TX/Regions/11_10.png.meta,1153,e17674614a734ca87a72a05b430b42fa6887e0c3cd1b7eed16f7afc2ee1821be
06_UnityFramework/Assets/Art/HotUpdate/SkeletalReusable/HeChengSM_TX/Regions/11_11.png,32571,2e10fccca4ef6ef4f4bf0b353ffbab5394eebc9ccfa7657b1be79d10603eaeae
06_UnityFramework/Assets/Art/HotUpdate/SkeletalReusable/HeChengSM_TX/Regions/11_11.png.meta,1153,0cd5440b18f5e59ea5e029a30cc34372746a55f0e26de63998fc772e7b13604d
06_UnityFramework/Assets/Art/HotUpdate/SkeletalReusable/HeChengSM_TX/regions.json,2808,4bc5e32bcfb945e19444fef81211a17a46e1de2475627bcc6a54a01221ead481
06_UnityFramework/Assets/Art/HotUpdate/SkeletalReusable/HeChengSM_TX/regions.json.meta,162,9befd402ee2ff498c9f391b2ccbb93d95539b158c231e03584cfae2e6380b8a4
06_UnityFramework/Assets/Art/HotUpdate/SkeletalReusable/HeChengSM_TX/skeleton.atlas,1287,a8ea839cdb39a4d35ecc19b836eab478031aab03d5d4ffb3eb0885e00f3f2dd2
06_UnityFramework/Assets/Art/HotUpdate/SkeletalReusable/HeChengSM_TX/skeleton.atlas.meta,162,f7f7b9deb960b54d47376d6f286c277608d066ae9ec8889a97279215414b35c5
06_UnityFramework/Assets/Art/HotUpdate/SkeletalReusable/HeChengSM_TX/skeleton.json,56758,0b4236ac7a2727d965de0aa059c8d0237e822f43993e5d46b158f9f6c1654a29
06_UnityFramework/Assets/Art/HotUpdate/SkeletalReusable/HeChengSM_TX/skeleton.json.meta,162,0d615278853a37e67c08250250e5b23402603653baa4926aef271153f0655a1d
06_UnityFramework/Assets/Art/HotUpdate/SkeletalReusable/HeChengSM_TX/Timelines/animation.json,35070,54f23f432579d89ec393326ae92d0a7c4219bff4827cbd7e538f44f4dbcab3bc
06_UnityFramework/Assets/Art/HotUpdate/SkeletalReusable/HeChengSM_TX/Timelines/animation.json.meta,162,89ffc60f31975a7622e456793779f38139d206b2bd74673aa83b45e015700f68
06_UnityFramework/Assets/Art/HotUpdate/SkeletalReusable/inventory.json,5133,38c427cae24d668f727632d2b6b14b379e2b1dc9fc016869a2c2df9c832d8d24
06_UnityFramework/Assets/Art/HotUpdate/SkeletalReusable/inventory.json.meta,162,32a95f6f34007e75cc09d1e7c974c26fa9babb3e65a7732942ded0575b6a620f
06_UnityFramework/Assets/Art/HotUpdate/SkeletalReusable/LaoHuJ_TX/LaoHuJ_TX.png,256267,4fa8fe16337b11de76f262a3b6d1add801e266e8c2e1081cdf1026800aeca7e0
06_UnityFramework/Assets/Art/HotUpdate/SkeletalReusable/LaoHuJ_TX/LaoHuJ_TX.png.meta,1153,8d20a93413de3b5308b8270d0fae31a191384546084e6cbb81246d3836f087a6
06_UnityFramework/Assets/Art/HotUpdate/SkeletalReusable/LaoHuJ_TX/Regions/ND_00.png,7575,e934b9ae3f478501397b3a39bc8c4ee86c0b19e4a5be43add77db92b16141359
06_UnityFramework/Assets/Art/HotUpdate/SkeletalReusable/LaoHuJ_TX/Regions/ND_00.png.meta,1153,938a590957029e57b43eb6a3bd6a6f4f19d8d8e78198f0fbf792def26df5957f
06_UnityFramework/Assets/Art/HotUpdate/SkeletalReusable/LaoHuJ_TX/Regions/ND_01.png,4011,628d8bbcc1e6349d5bfcb3f45aa713f478bb6fecd9c0e5fb391db3917a28b142
06_UnityFramework/Assets/Art/HotUpdate/SkeletalReusable/LaoHuJ_TX/Regions/ND_01.png.meta,1153,911c8025db357c5bd1c2c0158a7216dab636b4cfa53a911566ee85fdc64a3fa1
06_UnityFramework/Assets/Art/HotUpdate/SkeletalReusable/LaoHuJ_TX/Regions/ND_02.png,4473,8ff54358cd858b35f12e0a0b5d76598fbf1c1a21fe0f63c51c2c0ee931028579
06_UnityFramework/Assets/Art/HotUpdate/SkeletalReusable/LaoHuJ_TX/Regions/ND_02.png.meta,1153,5613dc14a9d4d7d45d772ebb51e46679fc79a2b85e3d5e773da437a825025fde
06_UnityFramework/Assets/Art/HotUpdate/SkeletalReusable/LaoHuJ_TX/Regions/ND_03.png,4201,a5687b5959db3756bf257cf77eb46af2b537efe191d930ef7451d4eb0a4e91eb
06_UnityFramework/Assets/Art/HotUpdate/SkeletalReusable/LaoHuJ_TX/Regions/ND_03.png.meta,1153,ce5a1abe6e8cdcafd471541b62f92c19a791534115fdf8109f92691d1df3d653
06_UnityFramework/Assets/Art/HotUpdate/SkeletalReusable/LaoHuJ_TX/Regions/ND_04.png,229342,321a7731534ba43ec455f802034167d8818defb654e0c5ce6c5f48d88006cd31
06_UnityFramework/Assets/Art/HotUpdate/SkeletalReusable/LaoHuJ_TX/Regions/ND_04.png.meta,1153,171bfddf0360a05deb0d6370bdea65fdf245e729d99a8fe0a1b0a7d41a09da5c
06_UnityFramework/Assets/Art/HotUpdate/SkeletalReusable/LaoHuJ_TX/regions.json,1166,d530169ab3aa08262893d5e81bc873246c3853946d30dbf9325f869263586d4a
06_UnityFramework/Assets/Art/HotUpdate/SkeletalReusable/LaoHuJ_TX/regions.json.meta,162,795f1784b30083ba3b1719af115417270e6b4bd9096d1e075e015c65ba0c345e
06_UnityFramework/Assets/Art/HotUpdate/SkeletalReusable/LaoHuJ_TX/skeleton.atlas,595,a6ddaa6efc45e5678d0cb6d7beb996d5bc1eb4f96f26f40ae5aa1cabf3bd859f
06_UnityFramework/Assets/Art/HotUpdate/SkeletalReusable/LaoHuJ_TX/skeleton.atlas.meta,162,0ded387a11170488af20b326a117cc158582978400624506a49884b929e8dbe2
06_UnityFramework/Assets/Art/HotUpdate/SkeletalReusable/LaoHuJ_TX/skeleton.json,10318,49b47fe21f938117344845d4c700b8e85efc5721d1c3d30171f70bef1f444a71
06_UnityFramework/Assets/Art/HotUpdate/SkeletalReusable/LaoHuJ_TX/skeleton.json.meta,162,eedafdf6edb1f81330050b702052ff6bc539d7309c5d9c2b29720af10ffa1036
06_UnityFramework/Assets/Art/HotUpdate/SkeletalReusable/LaoHuJ_TX/Timelines/idle.json,4035,9523b8731b9fc50260540610ea623806d5792b8e3380113e5ff05b63acbdb1b7
06_UnityFramework/Assets/Art/HotUpdate/SkeletalReusable/LaoHuJ_TX/Timelines/idle.json.meta,162,04a41589d69ab5fdaee75ebedfc3411fa09e1bb1c1c8c89e0e9b5b91ebd9cac2
06_UnityFramework/Assets/Art/HotUpdate/SkeletalReusable/loading_4/loading_4.png,4283,da4f7e13d9d63e30bec7afe45351a3de78ee5fe2905a01f199fa158af8696949
06_UnityFramework/Assets/Art/HotUpdate/SkeletalReusable/loading_4/loading_4.png.meta,1153,7f517263b13d10724cbe24093775ea56175650be9ea723e1be940ce823f1e5f2
06_UnityFramework/Assets/Art/HotUpdate/SkeletalReusable/loading_4/Regions/gray.png,1432,91331a9debbd111bde7d74ea364bf5d39c098b1aef347c28f1622151882d828f
06_UnityFramework/Assets/Art/HotUpdate/SkeletalReusable/loading_4/Regions/gray.png.meta,1153,a9cef136c2b3b8acb9698207e0690a7b8bf45d29928b268de98136501b4071d4
06_UnityFramework/Assets/Art/HotUpdate/SkeletalReusable/loading_4/Regions/green.png,1271,05778d5a1bf454da2dbd0dfaa6ce77ae3e4060cc2e1a348dac7985786862e4ae
06_UnityFramework/Assets/Art/HotUpdate/SkeletalReusable/loading_4/Regions/green.png.meta,1153,662c64befb399ddff1a1304a0a2e98c8de85c6341cb999af0158795f43e0c602
06_UnityFramework/Assets/Art/HotUpdate/SkeletalReusable/loading_4/Regions/line.png,91,7133b4c70e8cee39005581681f9f64768488c4829c6cb1d3b752fde69c826eab
06_UnityFramework/Assets/Art/HotUpdate/SkeletalReusable/loading_4/Regions/line.png.meta,1153,f31b334ee48ace2f38a7a5c33a48fa6cc75ddd44c428007c1ddcf67ad98c6478
06_UnityFramework/Assets/Art/HotUpdate/SkeletalReusable/loading_4/Regions/orange.png,1463,79169e6f04007217719417a4acfe20b4e8dea6aece58657be55ac978c22d83ad
06_UnityFramework/Assets/Art/HotUpdate/SkeletalReusable/loading_4/Regions/orange.png.meta,1153,81061cf2b6d809d7d2f38ffc9cd0b67263fd0c1a295610fc351beac378334689
06_UnityFramework/Assets/Art/HotUpdate/SkeletalReusable/loading_4/regions.json,912,b88b4740501b2a576caa944fb32c6ad457ad58dc4d38623ef7cfb33870f92dcb
06_UnityFramework/Assets/Art/HotUpdate/SkeletalReusable/loading_4/regions.json.meta,162,c8825c3119bf798fc52885d55a16d399cc7ee66343ab8874f518bcb2cbf049c4
06_UnityFramework/Assets/Art/HotUpdate/SkeletalReusable/loading_4/skeleton.atlas,473,2553ceb7c2820e4ef95a1b4b140149edeaaf6cfc39669db77d06caaf7b962d89
06_UnityFramework/Assets/Art/HotUpdate/SkeletalReusable/loading_4/skeleton.atlas.meta,162,ce9fad745970f9d1cd1d754538c05252ef994dbd1ce4fd794c9ad684c58c6b41
06_UnityFramework/Assets/Art/HotUpdate/SkeletalReusable/loading_4/skeleton.json,19044,fc645becad7ec39879990ce5c379e8f183f006058a856d7e9496938a4a669da4
06_UnityFramework/Assets/Art/HotUpdate/SkeletalReusable/loading_4/skeleton.json.meta,162,f84301384011eadf3fdb38a78c9d43741fc13c5eee8c1e724cdec631e4127e02
06_UnityFramework/Assets/Art/HotUpdate/SkeletalReusable/loading_4/Timelines/1.json,5701,7a2da2d845a96c65603acf3203a8f59b9430aae90631ffc5149e81699590c2b0
06_UnityFramework/Assets/Art/HotUpdate/SkeletalReusable/loading_4/Timelines/1.json.meta,162,ea22767ac1189dbba6226ee81d6c6bacb91163702e798d6c177e2e92e1678e76
06_UnityFramework/Assets/Art/HotUpdate/SkeletalReusable/loading_4/Timelines/2.json,4830,7d1c4dfc9ae3045db4b7f16868fcfe99669f92ab2094ad1addcfabffdca7a301
06_UnityFramework/Assets/Art/HotUpdate/SkeletalReusable/loading_4/Timelines/2.json.meta,162,ce35d1d733490dbc2f7c0b4618e5b0669e0c61856501c9dd29cfdbb622ab9e4f
06_UnityFramework/Assets/Art/HotUpdate/SkeletalReusable/loading_4/Timelines/3.json,1982,73afca3607023f1aac2403a727c608447da5a8fa7006c1b0b171e791fa47dc16
06_UnityFramework/Assets/Art/HotUpdate/SkeletalReusable/loading_4/Timelines/3.json.meta,162,7836feb2e5731e37f9e4d6917b375bb9515f5690f3116e3ef1877cfe2ba48f23
06_UnityFramework/Assets/Art/HotUpdate/SkeletalReusable/PiaoDai_TX/PiaoDai_TX.png,20407,1b7dda12158089e285a345b77508d01592dadf928125bd6a0bc165d592ae4679
06_UnityFramework/Assets/Art/HotUpdate/SkeletalReusable/PiaoDai_TX/PiaoDai_TX.png.meta,1153,f295380ad1f3a5b7d84fcf52173a55f7e999c62322ad7f6fc954fc63c73b5da3
06_UnityFramework/Assets/Art/HotUpdate/SkeletalReusable/PiaoDai_TX/Regions/TT_00.png,588,eddac583fa29ba3b8dfc04f2b9925610172c071b5b84433fca80dadf73fa2f25
06_UnityFramework/Assets/Art/HotUpdate/SkeletalReusable/PiaoDai_TX/Regions/TT_00.png.meta,1153,fa2f4f1c86274af1e40d3890bdb7e02c49d2a6d3b97912ba529fb8b8631456de
06_UnityFramework/Assets/Art/HotUpdate/SkeletalReusable/PiaoDai_TX/Regions/TT_01.png,2409,51a7fd7329f6b3a26ef2bb79d4ba9db2c986df882ff430532f41e4a7c078b5a4
06_UnityFramework/Assets/Art/HotUpdate/SkeletalReusable/PiaoDai_TX/Regions/TT_01.png.meta,1153,5419975fa86b73ffa6a2ebee9fc7d05a6134ac7c9bd31e95da374a864bdc8711
06_UnityFramework/Assets/Art/HotUpdate/SkeletalReusable/PiaoDai_TX/Regions/TT_02.png,648,1d6d5699b1fc5f00a3d806ec7319d6d530934fe55205a536fa9d2e88d784ceb1
06_UnityFramework/Assets/Art/HotUpdate/SkeletalReusable/PiaoDai_TX/Regions/TT_02.png.meta,1153,10704a7bfeba403bca294d964cb3a8371ca898d65066bf3ddda07b3b906802f9
06_UnityFramework/Assets/Art/HotUpdate/SkeletalReusable/PiaoDai_TX/Regions/TT_03.png,250,99cc49693cbe079203b8f38c1c6bca7abbdca511517a9d26c5d596b7818fcc1f
06_UnityFramework/Assets/Art/HotUpdate/SkeletalReusable/PiaoDai_TX/Regions/TT_03.png.meta,1153,38e2161a84d893adddb991f38bd3e9b0ae343e7b9794a3f4c0612399871332af
06_UnityFramework/Assets/Art/HotUpdate/SkeletalReusable/PiaoDai_TX/Regions/TT_04.png,643,2f6277f39209eb9c212537b0578123794c4ea81ab1a840fe2174a56f9f222355
06_UnityFramework/Assets/Art/HotUpdate/SkeletalReusable/PiaoDai_TX/Regions/TT_04.png.meta,1153,337646bac465bcd1d9cf95880815a73dc472f5eae2d1e54acf3a655c8f10b482
06_UnityFramework/Assets/Art/HotUpdate/SkeletalReusable/PiaoDai_TX/Regions/TT_05.png,341,325de68ae135b0bf9d6f5183dc77fe49653eb867971bf4a09ec5a4fce28b14b0
06_UnityFramework/Assets/Art/HotUpdate/SkeletalReusable/PiaoDai_TX/Regions/TT_05.png.meta,1153,6ba62aeb5fe864037126e5ec100b848291a56671008872a39068c4e59a510bf7
06_UnityFramework/Assets/Art/HotUpdate/SkeletalReusable/PiaoDai_TX/Regions/TT_06.png,802,b65e8440d84edf3ac2ccca0aa34010316911c31510e1d49398619159dce0fb65
06_UnityFramework/Assets/Art/HotUpdate/SkeletalReusable/PiaoDai_TX/Regions/TT_06.png.meta,1153,c1066bc836de2a46664de9e18b4ea4624b9f9501f3b32b6bcdaad941e004a769
06_UnityFramework/Assets/Art/HotUpdate/SkeletalReusable/PiaoDai_TX/Regions/TT_07.png,138,9a9c28f0b5d1cdf23b863425f2072d0c844b80e26691e05e799ec96e7915d3ef
06_UnityFramework/Assets/Art/HotUpdate/SkeletalReusable/PiaoDai_TX/Regions/TT_07.png.meta,1153,f139de55898b284684cc06d28b466cb3cbc3c130b78e4eb584ca698d5a3e073a
06_UnityFramework/Assets/Art/HotUpdate/SkeletalReusable/PiaoDai_TX/Regions/TT_08.png,436,c90bf03726110ab563cde56bd10a34a05f153c339e58a7bb80b53f6cc30a2b16
06_UnityFramework/Assets/Art/HotUpdate/SkeletalReusable/PiaoDai_TX/Regions/TT_08.png.meta,1153,a625c52f3f71599e7b95923381357a0d1e99fba272a5438932021efc15c27f4f
06_UnityFramework/Assets/Art/HotUpdate/SkeletalReusable/PiaoDai_TX/Regions/TT_09.png,304,cf54e0dea7ecedb95165190369ceb0edbc7f3534c50327f9572d33559f02f5b2
06_UnityFramework/Assets/Art/HotUpdate/SkeletalReusable/PiaoDai_TX/Regions/TT_09.png.meta,1153,1402505436721e951e7f3187d7c8801a8c5d16304112c9358eb271ee46ce14ec
06_UnityFramework/Assets/Art/HotUpdate/SkeletalReusable/PiaoDai_TX/Regions/TT_10.png,1437,7a048517d19465e8db01061dea66cef54ac7182afc048b8049cb4dca7ae994af
06_UnityFramework/Assets/Art/HotUpdate/SkeletalReusable/PiaoDai_TX/Regions/TT_10.png.meta,1153,01a3269e8925b9a4f9303b6cfae7c838a9644de250d26a043eabba72b486c43c
06_UnityFramework/Assets/Art/HotUpdate/SkeletalReusable/PiaoDai_TX/Regions/TT_11.png,429,0e4a8233530cd53ffaa734d6004ad0b62088c05af715fef2ce2d1f12f82d4d96
06_UnityFramework/Assets/Art/HotUpdate/SkeletalReusable/PiaoDai_TX/Regions/TT_11.png.meta,1153,b4c21f880d28ace12cc070ee5cdddd6599dd0295928750409c85e2a66bb4fe54
06_UnityFramework/Assets/Art/HotUpdate/SkeletalReusable/PiaoDai_TX/Regions/TT_12.png,151,088c9e5b64d2629fd17c9a39d9aa24109e7aef99d6b53715c54756427b06ed42
06_UnityFramework/Assets/Art/HotUpdate/SkeletalReusable/PiaoDai_TX/Regions/TT_12.png.meta,1153,44cafa83111ae2255c8cc471d8a145a401466a7d817e1b40660b9c837540c3da
06_UnityFramework/Assets/Art/HotUpdate/SkeletalReusable/PiaoDai_TX/Regions/TT_13.png,147,a21c0386bf4738a0fc68e23d0991bbd77520c23fddba44e0b1c1039a678a3190
06_UnityFramework/Assets/Art/HotUpdate/SkeletalReusable/PiaoDai_TX/Regions/TT_13.png.meta,1153,83f02ec1e9bdbf171a6d0ae29caa262d6d4b064bba79c274d7ee1e7c47eae024
06_UnityFramework/Assets/Art/HotUpdate/SkeletalReusable/PiaoDai_TX/Regions/TT_14.png,159,b2de2038be9767f5d799c352c2bb20f1c343d5464f6e6b9532285e304b0f299f
06_UnityFramework/Assets/Art/HotUpdate/SkeletalReusable/PiaoDai_TX/Regions/TT_14.png.meta,1153,b06eb8c8f9e881b7644336bc2f13a8f944c241c683d7bd37e366e71387fef50b
06_UnityFramework/Assets/Art/HotUpdate/SkeletalReusable/PiaoDai_TX/Regions/TT_15.png,185,1bee585e2acc3b5f69b8d1539ca34902b1ec1e5f7ddee38dbf25e7002dc8be74
06_UnityFramework/Assets/Art/HotUpdate/SkeletalReusable/PiaoDai_TX/Regions/TT_15.png.meta,1153,0f8d70c81ed6a1ff905147e1063b4527fbabd382eb276a259b40c5690934be15
06_UnityFramework/Assets/Art/HotUpdate/SkeletalReusable/PiaoDai_TX/Regions/TT_16.png,675,5ad27dbdf96080e9081e668c563110b97589bee704ea4c4ccf8228756b302168
06_UnityFramework/Assets/Art/HotUpdate/SkeletalReusable/PiaoDai_TX/Regions/TT_16.png.meta,1153,e5451ea7788767a5b7cd34abc573f148b4823d4d67468b31ab84c52ab43f895f
06_UnityFramework/Assets/Art/HotUpdate/SkeletalReusable/PiaoDai_TX/Regions/TT_17.png,129,405ffcde6a179c1205a11ddda05f652b8bb035fba00e1d82194632aea073cee6
06_UnityFramework/Assets/Art/HotUpdate/SkeletalReusable/PiaoDai_TX/Regions/TT_17.png.meta,1153,bdc2e88d5e59b12e32b437851883fe6f1e2dfe748cc8d566e6d3a34ad1099a0d
06_UnityFramework/Assets/Art/HotUpdate/SkeletalReusable/PiaoDai_TX/Regions/TT_18.png,168,3b307d2a57c9d8fc409cad12770ccd76ef25a6150e2f4cad5b41289bcdff8448
06_UnityFramework/Assets/Art/HotUpdate/SkeletalReusable/PiaoDai_TX/Regions/TT_18.png.meta,1153,556bae9c7439fa64d720dbf032d0e547c7734cb84fef37fdbada9385012b8e1a
06_UnityFramework/Assets/Art/HotUpdate/SkeletalReusable/PiaoDai_TX/Regions/TT_19.png,600,705fe88cda00ef42ae7c412fdf1b00d050ea462e1465bd1fc8b71255e80184f9
06_UnityFramework/Assets/Art/HotUpdate/SkeletalReusable/PiaoDai_TX/Regions/TT_19.png.meta,1153,74d70f000d19e3cfd39a4fd89e5c8f1111e061f769ddb1a86e89fc61fbf960c5
06_UnityFramework/Assets/Art/HotUpdate/SkeletalReusable/PiaoDai_TX/Regions/TT_20.png,126,1d1cb9f0e77175ab16728cb6782b6fad6bcfd2ae5b55e3641bc2f7ac62e571e5
06_UnityFramework/Assets/Art/HotUpdate/SkeletalReusable/PiaoDai_TX/Regions/TT_20.png.meta,1153,d36f12ef8f23f898016bbfbb19de7eabbbc0e5ef8424fe3ba3a718e8a0f6b518
06_UnityFramework/Assets/Art/HotUpdate/SkeletalReusable/PiaoDai_TX/Regions/TT_21.png,393,3e68db85df07c1b99716b4025d438b6110cb8d211cfa9aa010e97e4b3b9dab11
06_UnityFramework/Assets/Art/HotUpdate/SkeletalReusable/PiaoDai_TX/Regions/TT_21.png.meta,1153,132d7f21defabdec4c137b07ee233bc802612fb58b29a2727aa2808a466218e3
06_UnityFramework/Assets/Art/HotUpdate/SkeletalReusable/PiaoDai_TX/Regions/TT_22.png,374,c9067184402410ae7361ff9aedad457ffd2a7f5f33782f87b8115ec2b7bfb943
06_UnityFramework/Assets/Art/HotUpdate/SkeletalReusable/PiaoDai_TX/Regions/TT_22.png.meta,1153,f3fe4d59e534b3124b6afc002d1e9a7577d0052656fab029cd5f5f253494fcf6
06_UnityFramework/Assets/Art/HotUpdate/SkeletalReusable/PiaoDai_TX/Regions/TT_23.png,489,0f40f3711f436515aa54d2eed430179a9e06efa4556289f18aa51ba2ffadac36
06_UnityFramework/Assets/Art/HotUpdate/SkeletalReusable/PiaoDai_TX/Regions/TT_23.png.meta,1153,930aef47255093930ceaba5b8f3384a906dd470f06498bbeb0fe616a04b2b2e9
06_UnityFramework/Assets/Art/HotUpdate/SkeletalReusable/PiaoDai_TX/Regions/TT_24.png,327,19d41c17d9c712454dce2e1fff7372d1692feaf19387433b90f725afd7422115
06_UnityFramework/Assets/Art/HotUpdate/SkeletalReusable/PiaoDai_TX/Regions/TT_24.png.meta,1153,668dc37822cc520f5f134b7787b04f3049273457e031fad8ce6a8fc28f2fe55e
06_UnityFramework/Assets/Art/HotUpdate/SkeletalReusable/PiaoDai_TX/Regions/TT_25.png,500,1edcea56e1d7f3fc926e49802aa91c4a3a2d0aa4b9594f98b4234400c6470a6a
06_UnityFramework/Assets/Art/HotUpdate/SkeletalReusable/PiaoDai_TX/Regions/TT_25.png.meta,1153,cb8d1f7cff3c204cc8abc8d9d131d1e930dec67cfa5555d5877b241c38f5420f
06_UnityFramework/Assets/Art/HotUpdate/SkeletalReusable/PiaoDai_TX/Regions/TT_26.png,411,d836467b1629fd0c5399f4888a2bfd016a9895644001c0a461bf15ae298b3a3b
06_UnityFramework/Assets/Art/HotUpdate/SkeletalReusable/PiaoDai_TX/Regions/TT_26.png.meta,1153,73ca5e895e516cb2547425c2827ed1943cbb6c13cbb8cf72568c6dba8d6d68bb
06_UnityFramework/Assets/Art/HotUpdate/SkeletalReusable/PiaoDai_TX/Regions/TT_27.png,2118,6b40970f8d933ea40f067db6e7ada477c10a0eefd223431f283f326242c00f98
06_UnityFramework/Assets/Art/HotUpdate/SkeletalReusable/PiaoDai_TX/Regions/TT_27.png.meta,1153,b9941f025d1cb0de021ba5705b20c1616e16863ea13314dc4007bb9dc03f8475
06_UnityFramework/Assets/Art/HotUpdate/SkeletalReusable/PiaoDai_TX/Regions/TT_28.png,2757,15252684b7f84887a30b8af49068d361b38c8474b0e0b586994f727714d09054
06_UnityFramework/Assets/Art/HotUpdate/SkeletalReusable/PiaoDai_TX/Regions/TT_28.png.meta,1153,5aeb0fddede8995fd0305726cf2ecaf9647588fc8473cd8eebfc63b7c9bc113c
06_UnityFramework/Assets/Art/HotUpdate/SkeletalReusable/PiaoDai_TX/Regions/TT_29.png,816,e1095fb4e41d0d1485f78a6d6d27adbebb61905d1999a6d2dcf902111a106dc3
06_UnityFramework/Assets/Art/HotUpdate/SkeletalReusable/PiaoDai_TX/Regions/TT_29.png.meta,1153,c322659f0fa2df585ce8747eba0ae7de7a9c9bee81e251270cdb24b41aebe765
06_UnityFramework/Assets/Art/HotUpdate/SkeletalReusable/PiaoDai_TX/Regions/TT_30.png,405,59de1099a8c131ba982fd772ad612f40f7217d27dcbeb9554842249bad4fb980
06_UnityFramework/Assets/Art/HotUpdate/SkeletalReusable/PiaoDai_TX/Regions/TT_30.png.meta,1153,b253c82f972243093ad7529aaf8848f1d8ad774dcfd819d6f682f7f53063a5a9
06_UnityFramework/Assets/Art/HotUpdate/SkeletalReusable/PiaoDai_TX/Regions/TT_31.png,138,8bcac202b75bf0eb1d65b09233d1ac8914bc5afcaf2aa8e5c84fe1c3a33aac5a
06_UnityFramework/Assets/Art/HotUpdate/SkeletalReusable/PiaoDai_TX/Regions/TT_31.png.meta,1153,c1e9b81d8f93d99421e19ebf2d33baf475ffca1819bcb453be31c0f5b7f32625
06_UnityFramework/Assets/Art/HotUpdate/SkeletalReusable/PiaoDai_TX/Regions/TT_32.png,758,3578a7524ac6ed1a948ce5a058fddb9fabeda998710b568fdbd0486b91169bab
06_UnityFramework/Assets/Art/HotUpdate/SkeletalReusable/PiaoDai_TX/Regions/TT_32.png.meta,1153,a905d98817694af0f22753b14276ee9c6edebb48bf5ac91ab74f02921d47af05
06_UnityFramework/Assets/Art/HotUpdate/SkeletalReusable/PiaoDai_TX/Regions/TT_33.png,447,2d8a4f762755199477f85ee996efda6c1a4d6e832d6f726d38e3b77758f53acf
06_UnityFramework/Assets/Art/HotUpdate/SkeletalReusable/PiaoDai_TX/Regions/TT_33.png.meta,1153,3cbadce538a57e2060b6c536d6c2d0095ed9de1c3d741ecf00a208e3a78395c4
06_UnityFramework/Assets/Art/HotUpdate/SkeletalReusable/PiaoDai_TX/Regions/TT_34.png,463,7e2477a2f1ad55452d8967a090015afbd1ecdd2243477108d6cb0a0d82ae1643
06_UnityFramework/Assets/Art/HotUpdate/SkeletalReusable/PiaoDai_TX/Regions/TT_34.png.meta,1153,81475ea1ed2f4db3cd7b52aae63e612dd3cdd09502bf0e39f59e444f94ea0b86
06_UnityFramework/Assets/Art/HotUpdate/SkeletalReusable/PiaoDai_TX/Regions/TT_35.png,1802,7bf9e625895e6b571cea740a8152131d94b66d6efaad7dd721da2f879fa12318
06_UnityFramework/Assets/Art/HotUpdate/SkeletalReusable/PiaoDai_TX/Regions/TT_35.png.meta,1153,57067072da7d3d20ae8c509b4f0be77623ff3bce49a1e08a2454eaf2516f23d1
06_UnityFramework/Assets/Art/HotUpdate/SkeletalReusable/PiaoDai_TX/regions.json,8269,6a19fe0b70cc9ca9d7651dd59be3fdcb458bae0ff486a25d04ff5b610471f214
06_UnityFramework/Assets/Art/HotUpdate/SkeletalReusable/PiaoDai_TX/regions.json.meta,162,de6d5ac990bd2df429cd64ddc485c08822348e577acc962c223a8c86b2f625c4
06_UnityFramework/Assets/Art/HotUpdate/SkeletalReusable/PiaoDai_TX/skeleton.atlas,3601,3f1fadbaa43f8572a3dee41ed39aaad3a0aa332dc204d0acb6639ed5bcec69db
06_UnityFramework/Assets/Art/HotUpdate/SkeletalReusable/PiaoDai_TX/skeleton.atlas.meta,162,68d26ccc9a93611ba5533775db5665fa1297a21e75bb6deff7a3969f9fb08a5f
06_UnityFramework/Assets/Art/HotUpdate/SkeletalReusable/PiaoDai_TX/skeleton.json,278483,eff413c6061336b97b031b5c7bb545701998d326493f58acf87d9339ef2c23d3
06_UnityFramework/Assets/Art/HotUpdate/SkeletalReusable/PiaoDai_TX/skeleton.json.meta,162,58c994530f870bbbbae76c54ec002eb7587bdfec82f1d48f4406b76dcff2f0bc
06_UnityFramework/Assets/Art/HotUpdate/SkeletalReusable/PiaoDai_TX/Timelines/idle.json,180694,bb5f240a64d7020344e3d5fbc33f18fbdfa24fe5b55fe59b0d5929f796a4e188
06_UnityFramework/Assets/Art/HotUpdate/SkeletalReusable/PiaoDai_TX/Timelines/idle.json.meta,162,7687fe99f5a34a23cb0c292591111d9acb70c1e49d227789d49f80b5d49ec927
06_UnityFramework/Assets/Art/HotUpdate/SkeletalReusable/PZ_TX/PZ_TX.png,9217,7debdea19be4e70b4282e447a269a56aa3281b88b42348b553384fffe7d45517
06_UnityFramework/Assets/Art/HotUpdate/SkeletalReusable/PZ_TX/PZ_TX.png.meta,1153,7da85c0c8ffb4be8f53d6536c10d81f2d5f74e9abdcf42147c2058e5a16ab61e
06_UnityFramework/Assets/Art/HotUpdate/SkeletalReusable/PZ_TX/Regions/PZ/PZ_00001.png,216,94bb3199483a4436f71032e7e1b23e60e17013818d122fb346242924b2041320
06_UnityFramework/Assets/Art/HotUpdate/SkeletalReusable/PZ_TX/Regions/PZ/PZ_00001.png.meta,1153,58058df69473d5caf7ddfae2db8c568d67864df0bf35f4c16666300b75a6688d
06_UnityFramework/Assets/Art/HotUpdate/SkeletalReusable/PZ_TX/Regions/PZ/PZ_00002.png,269,88b2ad72c111d600946aa51a2c583a264b5fb36ca5f75899c40ceb388ec79cc1
06_UnityFramework/Assets/Art/HotUpdate/SkeletalReusable/PZ_TX/Regions/PZ/PZ_00002.png.meta,1153,c70cec237872e62ed2cf2bf2b0498afdea49a838d9cfe184d0234a764e20a42c
06_UnityFramework/Assets/Art/HotUpdate/SkeletalReusable/PZ_TX/Regions/PZ/PZ_00003.png,332,1403e309fa48c3e33e3eeaf1b2d914fdceb289ca4675acd477c8a923229f4c2f
06_UnityFramework/Assets/Art/HotUpdate/SkeletalReusable/PZ_TX/Regions/PZ/PZ_00003.png.meta,1153,fc01204ab69b9499e44774351ee8f5a4cf62878ffe32d6dc884d45704782c7a2
06_UnityFramework/Assets/Art/HotUpdate/SkeletalReusable/PZ_TX/Regions/PZ/PZ_00004.png,410,f4aed500d2c590e9e0f9a26959c6746784bdb6e4308a26338c84365f3e00c6f2
06_UnityFramework/Assets/Art/HotUpdate/SkeletalReusable/PZ_TX/Regions/PZ/PZ_00004.png.meta,1153,608e47057a5a414e328596834082346d2396252ddffc05141515cacf7621e7d9
06_UnityFramework/Assets/Art/HotUpdate/SkeletalReusable/PZ_TX/Regions/PZ/PZ_00005.png,469,0ea3cf0fa74538b141a2ac404aceaad85f136afffabde963e5c29cb58e1ce4e7
06_UnityFramework/Assets/Art/HotUpdate/SkeletalReusable/PZ_TX/Regions/PZ/PZ_00005.png.meta,1153,d56a8465646a198ee8f5f85e339171f9228794a88359593526bd155cfc83efb5
06_UnityFramework/Assets/Art/HotUpdate/SkeletalReusable/PZ_TX/Regions/PZ/PZ_00006.png,534,a38224bfdcec0d7b766b0b5dab7066110625a4359c5188617354a2d6caa8c41c
06_UnityFramework/Assets/Art/HotUpdate/SkeletalReusable/PZ_TX/Regions/PZ/PZ_00006.png.meta,1153,7d20b97853f1882ab734a3316bb98e72565d788cd401544ee1b4275398cc7c31
06_UnityFramework/Assets/Art/HotUpdate/SkeletalReusable/PZ_TX/Regions/PZ/PZ_00007.png,637,878d4046982ecd7df1d07fa61dac9a427f340fa95e4c8e92de83bac5bb38910f
06_UnityFramework/Assets/Art/HotUpdate/SkeletalReusable/PZ_TX/Regions/PZ/PZ_00007.png.meta,1153,861d45b8c1b095f83a2d9cbd6265bebc5b1ab3c707775a153ee161a43a935242
06_UnityFramework/Assets/Art/HotUpdate/SkeletalReusable/PZ_TX/Regions/PZ/PZ_00008.png,686,c9cdb660afb5b3dbdb5f7ddb460c5a5de2ffd9eefb6e65bd6113955e274795cb
06_UnityFramework/Assets/Art/HotUpdate/SkeletalReusable/PZ_TX/Regions/PZ/PZ_00008.png.meta,1153,9174e75a56fdee25cbd2401f66748bade836904a0cc74fc188b86dc4ca9a37e9
06_UnityFramework/Assets/Art/HotUpdate/SkeletalReusable/PZ_TX/Regions/PZ/PZ_00009.png,723,cdd40be85e78b2479fcc145104ab3a328f7af9e399a310f09490bec065d47805
06_UnityFramework/Assets/Art/HotUpdate/SkeletalReusable/PZ_TX/Regions/PZ/PZ_00009.png.meta,1153,6c4439c8bddbd5fa9280307f9af9d920278cba890fbc134266307a7615660654
06_UnityFramework/Assets/Art/HotUpdate/SkeletalReusable/PZ_TX/Regions/PZ/PZ_00010.png,842,dc4f8d24c7b7a81642ea3c2696ccf431512cfc74f1f21771d639059df4d86d21
06_UnityFramework/Assets/Art/HotUpdate/SkeletalReusable/PZ_TX/Regions/PZ/PZ_00010.png.meta,1153,b36687f9697f70c227f8e9fbbf740b63d3ab50faa59e23aee2451248e0a8b1ad
06_UnityFramework/Assets/Art/HotUpdate/SkeletalReusable/PZ_TX/Regions/PZ/PZ_00011.png,1000,8d8a33372ab1ba5b2c17ab539e0821465b2ef70cbae1a361693c9863619315a8
06_UnityFramework/Assets/Art/HotUpdate/SkeletalReusable/PZ_TX/Regions/PZ/PZ_00011.png.meta,1153,750954256284fcff78037379769ab99a080bd940158baaa1b8bae0e437af5a92
06_UnityFramework/Assets/Art/HotUpdate/SkeletalReusable/PZ_TX/Regions/PZ/PZ_00012.png,1055,f0208d1e1a2602073ce44f94a060f424ecae3e452ab13dd189e4ef4b47c6f9b7
06_UnityFramework/Assets/Art/HotUpdate/SkeletalReusable/PZ_TX/Regions/PZ/PZ_00012.png.meta,1153,503c9883ee64456e6e41919e7b60d3c68111f62aa2ba7883581d09e9a7804651
06_UnityFramework/Assets/Art/HotUpdate/SkeletalReusable/PZ_TX/Regions/PZ/PZ_00013.png,1070,2f0b6c6881581fd76acd79be7f9f5fb6be9af5b3a465725ab47ff5071267d3f4
06_UnityFramework/Assets/Art/HotUpdate/SkeletalReusable/PZ_TX/Regions/PZ/PZ_00013.png.meta,1153,02e3002ddcefda2f12fa911d7f5d7862676db1e427cc7c7cdffdc83ae711ccbc
06_UnityFramework/Assets/Art/HotUpdate/SkeletalReusable/PZ_TX/Regions/PZ/PZ_00014.png,1240,4201358f336b446bcad50584b6ac5a0cf0707e0e831d26edc1c2421818a479fa
06_UnityFramework/Assets/Art/HotUpdate/SkeletalReusable/PZ_TX/Regions/PZ/PZ_00014.png.meta,1153,0dfd576308b6931329587a2abd68328f82ba17a071214c95356dd7780590121b
06_UnityFramework/Assets/Art/HotUpdate/SkeletalReusable/PZ_TX/Regions/PZ/PZ_00015.png,1197,e37b93a7411fe02f56c2409917371a3b93e872d8c9092046a9de54a333fd1ebd
06_UnityFramework/Assets/Art/HotUpdate/SkeletalReusable/PZ_TX/Regions/PZ/PZ_00015.png.meta,1153,49b7ccbc4931d0ddd18a67f8523d9c98327686525ba0b0c17de66d8b4ee9b418
06_UnityFramework/Assets/Art/HotUpdate/SkeletalReusable/PZ_TX/Regions/PZ/PZ_00016.png,1020,8430961feca1d74c91b54af6a5b4d3d91d69ef8bebf07a65f415e0400eb1c27f
06_UnityFramework/Assets/Art/HotUpdate/SkeletalReusable/PZ_TX/Regions/PZ/PZ_00016.png.meta,1153,757de21541d25c1b3466f1ba0df3bf5658187cb862932389cacdf6f384eb8622
06_UnityFramework/Assets/Art/HotUpdate/SkeletalReusable/PZ_TX/Regions/PZ/PZ_00017.png,917,b283e4965af5e795a861f948798dba03ae9ca81d3a39850c866d188e4a27da31
06_UnityFramework/Assets/Art/HotUpdate/SkeletalReusable/PZ_TX/Regions/PZ/PZ_00017.png.meta,1153,3426dfab63d1ba4fe607176a12dbd8e841e6707dedef392e6efe2a93119221f2
06_UnityFramework/Assets/Art/HotUpdate/SkeletalReusable/PZ_TX/Regions/PZ/PZ_00018.png,671,5f2bca0fcdd92aaa41cb95abd901104d2d0a6ee37eb7ebdfe631e8c9def86451
06_UnityFramework/Assets/Art/HotUpdate/SkeletalReusable/PZ_TX/Regions/PZ/PZ_00018.png.meta,1153,83fd790a1f35add1fc80271e760ba8d2bff7d5efa58f677f2dc48fc8054ee7ea
06_UnityFramework/Assets/Art/HotUpdate/SkeletalReusable/PZ_TX/Regions/PZ/PZ_00019.png,614,607b823f7901e401b72e4d1750c0dc36ee776880699529f0e9499b53d133e6c5
06_UnityFramework/Assets/Art/HotUpdate/SkeletalReusable/PZ_TX/Regions/PZ/PZ_00019.png.meta,1153,cb59d090abe0d1ba2ae779f84c3ecc8d68ae2485eb7aebe04f91a66191734953
06_UnityFramework/Assets/Art/HotUpdate/SkeletalReusable/PZ_TX/Regions/PZ/PZ_00020.png,485,375f74fe654aa0959b62f53d6922a8717e0e0c13f9aa40e37a28b09aa503737b
06_UnityFramework/Assets/Art/HotUpdate/SkeletalReusable/PZ_TX/Regions/PZ/PZ_00020.png.meta,1153,df1dac4c0560eb4f6c6f70b1f11ddf400e116c444445966428c7f14c1c8b3c5f
06_UnityFramework/Assets/Art/HotUpdate/SkeletalReusable/PZ_TX/Regions/PZ/PZ_00021.png,355,4e0a160fe93ec9abdc6b53ba06762a281f3b3f530f0a91a8ea936fa1f64d02df
06_UnityFramework/Assets/Art/HotUpdate/SkeletalReusable/PZ_TX/Regions/PZ/PZ_00021.png.meta,1153,0822b4e022e54c146ba61d52f6ef44c9259e54e519cc6e1acbb62ff73ff4513c
06_UnityFramework/Assets/Art/HotUpdate/SkeletalReusable/PZ_TX/Regions/PZ/PZ_00022.png,269,8e76572cc47daad780f8c93b8fdca08543dda13bf65556eddb581255134a5b98
06_UnityFramework/Assets/Art/HotUpdate/SkeletalReusable/PZ_TX/Regions/PZ/PZ_00022.png.meta,1153,ee3798ceec022367b50ca0a4c220721a3bdf80a0f13851220f48a0784c071429
06_UnityFramework/Assets/Art/HotUpdate/SkeletalReusable/PZ_TX/regions.json,5321,ecdae4adefd4a803ca1c06ead6859fdcdfecf3762e14442b4ac4454ab80fc974
06_UnityFramework/Assets/Art/HotUpdate/SkeletalReusable/PZ_TX/regions.json.meta,162,f97bb552bd4390d2495060f4f3019dccfadd4e8a74e78f4463efa6e3ad268189
06_UnityFramework/Assets/Art/HotUpdate/SkeletalReusable/PZ_TX/skeleton.atlas,2475,c26f2cb2a7e253e21e4dfae2f31bd797591263c92ab0f785e99627cdd37d9ce5
06_UnityFramework/Assets/Art/HotUpdate/SkeletalReusable/PZ_TX/skeleton.atlas.meta,162,216b0af33ba198383c7deb1610b5520f427930808669af62955cecd75f646afe
06_UnityFramework/Assets/Art/HotUpdate/SkeletalReusable/PZ_TX/skeleton.json,10000,14cf8d869b523cc083a38174462c6e17951d6b73aae3c338243ead415f777aa5
06_UnityFramework/Assets/Art/HotUpdate/SkeletalReusable/PZ_TX/skeleton.json.meta,162,0d053ed842cde5affd556dd8b8125173d1bf285a8effe518b8d1ee45d546dd44
06_UnityFramework/Assets/Art/HotUpdate/SkeletalReusable/PZ_TX/Timelines/idle.json,4221,679ca3267807afad10186837cc2655abf46a81c5795ea4d9949081c0ac861109
06_UnityFramework/Assets/Art/HotUpdate/SkeletalReusable/PZ_TX/Timelines/idle.json.meta,162,2f589616431a6bd932d1dc43cfb47d37def5c9bb4de76e4f3bef67981b0b660b
06_UnityFramework/Assets/Art/HotUpdate/SkeletalReusable/XX_TX/Regions/Q.png,24744,10859765643c274f2ac6ba05084a99f69be1634d09f8ac61d0afcd4c7d7d0097
06_UnityFramework/Assets/Art/HotUpdate/SkeletalReusable/XX_TX/Regions/Q.png.meta,1153,6add0c64b9c905393ddc8299a958f0c0d24d5081c8940dec342931f85406fb3c
06_UnityFramework/Assets/Art/HotUpdate/SkeletalReusable/XX_TX/Regions/Q1.png,16643,6a2d6c6ac6de780fa55096c792578042425bb28010bc707b57580f559e508388
06_UnityFramework/Assets/Art/HotUpdate/SkeletalReusable/XX_TX/Regions/Q1.png.meta,1153,7eb4e0c30228942616809071aced0d5454ecee0a55517610466e1d8281d8a367
06_UnityFramework/Assets/Art/HotUpdate/SkeletalReusable/XX_TX/Regions/XX/XX_00001.png,3271,f917918992c4495b5ba93228aab68204cea5dee17490b4e0d0412914cd242ed1
06_UnityFramework/Assets/Art/HotUpdate/SkeletalReusable/XX_TX/Regions/XX/XX_00001.png.meta,1153,f8c7beafc8d1982e415c21c265e0cd9b584d33551de380996c31adaf5de6368f
06_UnityFramework/Assets/Art/HotUpdate/SkeletalReusable/XX_TX/Regions/XX/XX_00002.png,4191,4322fd3ce1cbd9752878d4af756529690278722adaba332c9e8e494f0c32eb43
06_UnityFramework/Assets/Art/HotUpdate/SkeletalReusable/XX_TX/Regions/XX/XX_00002.png.meta,1153,70d9bc0b79f4b58ef7cb3af870b59d916eab6c68546b5a90df757c72f5ef6f71
06_UnityFramework/Assets/Art/HotUpdate/SkeletalReusable/XX_TX/Regions/XX/XX_00003.png,5630,df2feb261ff6032e88a2dd47a9325953bacaf93069e48383f01d80a91d174ecb
06_UnityFramework/Assets/Art/HotUpdate/SkeletalReusable/XX_TX/Regions/XX/XX_00003.png.meta,1153,664d981cc1693ecacf79789918192a8258ffd68d8cc5de4b399829fea2437cec
06_UnityFramework/Assets/Art/HotUpdate/SkeletalReusable/XX_TX/Regions/XX/XX_00004.png,7022,e14d6b9e19945282e491ecabcf50798a915829cb51ff01350e5097a1c3c90b22
06_UnityFramework/Assets/Art/HotUpdate/SkeletalReusable/XX_TX/Regions/XX/XX_00004.png.meta,1153,cca5eeb80000ef1bc6e0274d1e57c0d5a57522ea726c216e20fca68510a18891
06_UnityFramework/Assets/Art/HotUpdate/SkeletalReusable/XX_TX/Regions/XX/XX_00005.png,8715,d6b39a662cb95bcf9b03d58df15fe629ad9d6025e90ecacfc6f791392b57a8d7
06_UnityFramework/Assets/Art/HotUpdate/SkeletalReusable/XX_TX/Regions/XX/XX_00005.png.meta,1153,af59096da27cd9136b6af91de4a0ddda0fd90965deb4885936de43f1cc6ada50
06_UnityFramework/Assets/Art/HotUpdate/SkeletalReusable/XX_TX/Regions/XX/XX_00006.png,10861,6b4ed4dd7e84c204cdddc81a2eb160153fffd9a49572a11529fa7e6c8d1408c3
06_UnityFramework/Assets/Art/HotUpdate/SkeletalReusable/XX_TX/Regions/XX/XX_00006.png.meta,1153,49fe372ba8a9e0e1e8ae571280cf9cdc19aa0f1831c8856ec9ad61cbc8dea6ae
06_UnityFramework/Assets/Art/HotUpdate/SkeletalReusable/XX_TX/Regions/XX/XX_00007.png,13124,6fb0ea73ff236b2d8c32326c8a98064f450c482c7bd8d6e496ebe51c8c7f66da
06_UnityFramework/Assets/Art/HotUpdate/SkeletalReusable/XX_TX/Regions/XX/XX_00007.png.meta,1153,9351a79f6ac65ba53974f9be721905a27777d7508c4f4c28bc6ebfb9ef89b299
06_UnityFramework/Assets/Art/HotUpdate/SkeletalReusable/XX_TX/Regions/XX/XX_00008.png,15215,b8a6ae0f41d87efd595fa4666879897653ffaa2cc7c5a36421cb6d529018f205
06_UnityFramework/Assets/Art/HotUpdate/SkeletalReusable/XX_TX/Regions/XX/XX_00008.png.meta,1153,6addc99558977589909217014727e46ea3fe3dbd1f2735cca737ca42ff23624a
06_UnityFramework/Assets/Art/HotUpdate/SkeletalReusable/XX_TX/Regions/XX/XX_00009.png,17316,7807c3086729b6492bcede4457e97a34c12aeaaac136d427a78f13da6c5711c1
06_UnityFramework/Assets/Art/HotUpdate/SkeletalReusable/XX_TX/Regions/XX/XX_00009.png.meta,1153,1c112328bd4095ade4a6ec901269aad501d898151776a447cf8c79acb259897a
06_UnityFramework/Assets/Art/HotUpdate/SkeletalReusable/XX_TX/Regions/XX/XX_00010.png,19590,3f31f016e0cd7a88e91cfbcc630fd0c705240a854af65d0f8ad68aab9b82d345
06_UnityFramework/Assets/Art/HotUpdate/SkeletalReusable/XX_TX/Regions/XX/XX_00010.png.meta,1153,be213fab76295dc85492e69bdc73fe37d8c3bd9fb7658f1a8f26904b1d4ade1a
06_UnityFramework/Assets/Art/HotUpdate/SkeletalReusable/XX_TX/Regions/XX/XX_00011.png,21869,91e7f905c132f20bd27e077cbec5487a8f9b160f1a85b4c1bfe9313e51330513
06_UnityFramework/Assets/Art/HotUpdate/SkeletalReusable/XX_TX/Regions/XX/XX_00011.png.meta,1153,d54ed2ad7a0637ef700f03fba3b7aed6d42ea6ab27486956e1f77bd104cde87d
06_UnityFramework/Assets/Art/HotUpdate/SkeletalReusable/XX_TX/Regions/XX/XX_00012.png,24067,550353ed1eb5b0bde551943cd8284999eb396221cfc30e5de5ae7dec6dad0932
06_UnityFramework/Assets/Art/HotUpdate/SkeletalReusable/XX_TX/Regions/XX/XX_00012.png.meta,1153,7eaa3164be56a34ae56669cf36e19406ecd11e0a0d6d6f4aed52c99f73f2a8cd
06_UnityFramework/Assets/Art/HotUpdate/SkeletalReusable/XX_TX/Regions/XX/XX_00013.png,25954,1b7a8a92f5ae840eb7ecda7da0b9e8ab340e26de033f8b9178d1d7c3685448a3
06_UnityFramework/Assets/Art/HotUpdate/SkeletalReusable/XX_TX/Regions/XX/XX_00013.png.meta,1153,816f3fcfe60fc1ad9b4a04bd36909f002eb56399d4c66318cc2af6a32a0a3384
06_UnityFramework/Assets/Art/HotUpdate/SkeletalReusable/XX_TX/Regions/XX/XX_00014.png,27177,e0af6fc4bac677a55cc607f29082bd44fb43696dbb7b4ee76d55e02bdfd07d7a
06_UnityFramework/Assets/Art/HotUpdate/SkeletalReusable/XX_TX/Regions/XX/XX_00014.png.meta,1153,5292d5d7774f21c61e64c66b569fbeac30e98dd3a58d39cacf295e72f30cf73e
06_UnityFramework/Assets/Art/HotUpdate/SkeletalReusable/XX_TX/Regions/XX/XX_00015.png,28105,8d8723f4754edcb3b1c2ff740221d2c43c6c9ec1aa0efa2043a5903342fbbdc5
06_UnityFramework/Assets/Art/HotUpdate/SkeletalReusable/XX_TX/Regions/XX/XX_00015.png.meta,1153,7a19e8768a8ba3f914eb682eed9cd77735540f635a5bbf8dba768f70a21a993e
06_UnityFramework/Assets/Art/HotUpdate/SkeletalReusable/XX_TX/Regions/XX/XX_00016.png,28671,92194ad84a6115efd8ec375c2e172638940a79f1c1934ae82cacafda859ab025
06_UnityFramework/Assets/Art/HotUpdate/SkeletalReusable/XX_TX/Regions/XX/XX_00016.png.meta,1153,5ed00a039fac6833564cf88f1d7811d18f6194e6558a9d86b4e4d60d872f45e2
06_UnityFramework/Assets/Art/HotUpdate/SkeletalReusable/XX_TX/Regions/XX/XX_00017.png,29207,b735c7183d3df543021f30aba97d139ef26daa91569b2d2395157e0ecc877296
06_UnityFramework/Assets/Art/HotUpdate/SkeletalReusable/XX_TX/Regions/XX/XX_00017.png.meta,1153,20c5340b1f54a5208c4a083b9e4aaf1e3ca09f70f47dec6bdafd881544f5846b
06_UnityFramework/Assets/Art/HotUpdate/SkeletalReusable/XX_TX/Regions/XX/XX_00018.png,29793,9515ce0949fadc858fcbdedad3f2f5f17304a61f2150cf703964f41fc8a5bc8a
06_UnityFramework/Assets/Art/HotUpdate/SkeletalReusable/XX_TX/Regions/XX/XX_00018.png.meta,1153,9bb686edd55c45aa07d80e8d063f77dac557ddcfb5fe1ed60c8f82af661bcf5f
06_UnityFramework/Assets/Art/HotUpdate/SkeletalReusable/XX_TX/Regions/XX/XX_00019.png,28794,eb4710979f3dc1f504808fdd67d19323096907e26316b48b9b1d0c6508b0adaf
06_UnityFramework/Assets/Art/HotUpdate/SkeletalReusable/XX_TX/Regions/XX/XX_00019.png.meta,1153,4135862b2861e95132ba909c76ddd47992d4d807942636e99ed1942cc8119463
06_UnityFramework/Assets/Art/HotUpdate/SkeletalReusable/XX_TX/Regions/XX/XX_00020.png,29050,21cce2a49168f3bcf51bc8fc6309fb92548598b2fce4f3e617a087c34762dd23
06_UnityFramework/Assets/Art/HotUpdate/SkeletalReusable/XX_TX/Regions/XX/XX_00020.png.meta,1153,2f7aeea04947403b8876e76d3b2a0ce51b34535ea0b92fa4e27e6fabb3756230
06_UnityFramework/Assets/Art/HotUpdate/SkeletalReusable/XX_TX/Regions/XX/XX_00021.png,23218,8816268782cc52aebd3267bbbe72582893ad8887295d72d178d3b95c5ebecfd9
06_UnityFramework/Assets/Art/HotUpdate/SkeletalReusable/XX_TX/Regions/XX/XX_00021.png.meta,1153,d12fd132ae50ad4ad1efa3522d226ef2b1532ddff6e320e1bbb063a2553dad7f
06_UnityFramework/Assets/Art/HotUpdate/SkeletalReusable/XX_TX/Regions/XX/XX_00022.png,18959,a695f4e9febdd6a12178eb1499c9c0ff82c5ed5b175d6669e0412fb0fe07c8e9
06_UnityFramework/Assets/Art/HotUpdate/SkeletalReusable/XX_TX/Regions/XX/XX_00022.png.meta,1153,fdb52a9f6ef9d9767b1218febd49ef0953d24a7536f4840f54aaf311cec08353
06_UnityFramework/Assets/Art/HotUpdate/SkeletalReusable/XX_TX/Regions/XX/XX_00023.png,17826,6e86d364c45048fd198aeab974f298beae1da4d811639c1f8c995bfd33229b9f
06_UnityFramework/Assets/Art/HotUpdate/SkeletalReusable/XX_TX/Regions/XX/XX_00023.png.meta,1153,4d0d47d2d20626ac7fd3784273501efff4e3e5e4a5bd7311f0800805eac2dc0f
06_UnityFramework/Assets/Art/HotUpdate/SkeletalReusable/XX_TX/Regions/XX/XX_00024.png,17642,5e4f5359efeacccaf619eb9676f3eed222b863ab1178b433b20af7e59b36204a
06_UnityFramework/Assets/Art/HotUpdate/SkeletalReusable/XX_TX/Regions/XX/XX_00024.png.meta,1153,b95fdd3d2a8aeecf701f12262dbcb69931e1fdf2407a2e0a3b469d0053a75123
06_UnityFramework/Assets/Art/HotUpdate/SkeletalReusable/XX_TX/Regions/XX/XX_00025.png,17449,37accdcf9059b06ae40a8603380836acfdf738924a35ba2c91bf53026ae6ae0d
06_UnityFramework/Assets/Art/HotUpdate/SkeletalReusable/XX_TX/Regions/XX/XX_00025.png.meta,1153,205701ddb4425851623e8b52e63275c8b34d3109a7ff5219f76d2daa7989abe8
06_UnityFramework/Assets/Art/HotUpdate/SkeletalReusable/XX_TX/Regions/XX/XX_00026.png,17532,eebcf6303799a06956611a272ce063d5bd2cdafca4b6eee056d4252978a59b81
06_UnityFramework/Assets/Art/HotUpdate/SkeletalReusable/XX_TX/Regions/XX/XX_00026.png.meta,1153,f45b98bc1c2c3d447ca3e73adb781917338dc67646bf01c1d80fc56abdda2de5
06_UnityFramework/Assets/Art/HotUpdate/SkeletalReusable/XX_TX/Regions/XX/XX_00027.png,17941,51eccacbf3a51420ca2fdde6e93c92753f7cf42d4690ba8df40f463a996d471e
06_UnityFramework/Assets/Art/HotUpdate/SkeletalReusable/XX_TX/Regions/XX/XX_00027.png.meta,1153,9a11fbb799e424a61f373ca26327fccaa00f6b47519f3c36d03ac408279adfd8
06_UnityFramework/Assets/Art/HotUpdate/SkeletalReusable/XX_TX/Regions/XX/XX_00028.png,16432,38d8927b162c91560969f77ccc86fca0d9af2410d20b1b0db195355b1fd5ca08
06_UnityFramework/Assets/Art/HotUpdate/SkeletalReusable/XX_TX/Regions/XX/XX_00028.png.meta,1153,ce77d13bc7a9269eee8e199d4e317d42c8874a5aeee99bf74c91bf49131b6e29
06_UnityFramework/Assets/Art/HotUpdate/SkeletalReusable/XX_TX/Regions/XX/XX_00029.png,14376,aa2145188e25952c63c5d4a71e98e4d63cb77e4ab132066d4b9d37861ae8b1d8
06_UnityFramework/Assets/Art/HotUpdate/SkeletalReusable/XX_TX/Regions/XX/XX_00029.png.meta,1153,f80d63a1d3843bc93a3de5f2c9dab61d58054deda8b098cb72ca0d412078fb2c
06_UnityFramework/Assets/Art/HotUpdate/SkeletalReusable/XX_TX/regions.json,7566,dbb7744797b3c4bfebe8c9c63d1763b7ed526bad7e25cc7bdbd00b3a48274b03
06_UnityFramework/Assets/Art/HotUpdate/SkeletalReusable/XX_TX/regions.json.meta,162,e56dbfc1bccc713f5bb96762c4f8aef47daf933b1c0c37ccf9dd66bd2dea3f1a
06_UnityFramework/Assets/Art/HotUpdate/SkeletalReusable/XX_TX/skeleton.atlas,3544,003b7ace72ec82e19b7249bc23f2c8ab3deebc5004cafde576450287d25a1aa2
06_UnityFramework/Assets/Art/HotUpdate/SkeletalReusable/XX_TX/skeleton.atlas.meta,162,9b3f60bd88d7cafd32ff86591575274dc968f4070670beba3513d982cab03511
06_UnityFramework/Assets/Art/HotUpdate/SkeletalReusable/XX_TX/skeleton.json,379656,31865652a267bf70e1ede5428e11d50dc97ec5c10e03ddee2beffcbb872cd251
06_UnityFramework/Assets/Art/HotUpdate/SkeletalReusable/XX_TX/skeleton.json.meta,162,6f3e675c6f22c695b1992fabb1156878a064b0a5b8d0324d3930c6a092b83cd3
06_UnityFramework/Assets/Art/HotUpdate/SkeletalReusable/XX_TX/Timelines/idle.json,8134,241e6d9e8fa015e58324570fb9fb81cc9149ad463ed5533d1a4353f1d47dc4e5
06_UnityFramework/Assets/Art/HotUpdate/SkeletalReusable/XX_TX/Timelines/idle.json.meta,162,c3cce5e62f17fb2d9aac6fdd5344be4b5949a09fd5da936e0cd3763f359dfbbe
06_UnityFramework/Assets/Art/HotUpdate/SkeletalReusable/XX_TX/Timelines/idle1.json,6983,e983955e7e360936ef8dc20d6eec8af31a517a7a9dfea3a2b2c75d1b280b148a
06_UnityFramework/Assets/Art/HotUpdate/SkeletalReusable/XX_TX/Timelines/idle1.json.meta,162,e72401d137caa7b78f6710ec254976b906d2ce329b2a64625e9ac52b62f8db23
06_UnityFramework/Assets/Art/HotUpdate/SkeletalReusable/XX_TX/XX_TX.png,555588,764e1747d0f6a2b58530dc09f9cefb077f9d9634f3702ec7c927f3eb5538cfe8
06_UnityFramework/Assets/Art/HotUpdate/SkeletalReusable/XX_TX/XX_TX.png.meta,1153,d73ad5c19a1aef7d29314573af5cbe04fb9ba49da549d37e8885afdfc8b670d0
06_UnityFramework/Assets/Art/HotUpdate/SkeletalSource/002f010e-15b8-48fb-9bce-7b7d2e44a5a2.json,277554,f6841f7608826596b43a808fffbfa67955b180fd0df6cdbff5be8c731f201228
06_UnityFramework/Assets/Art/HotUpdate/SkeletalSource/002f010e-15b8-48fb-9bce-7b7d2e44a5a2.json.meta,162,2938a4233d9edbba96c06c0a6bee56768021fd4b40059dc34c25f1ca4d898b00
06_UnityFramework/Assets/Art/HotUpdate/SkeletalSource/1059e560-1ac0-4260-80ef-2291746bdd38.json,13601,18fe7fe4c8352687ff8885b959ffdbc445da56e78298cb6c796c7501b19cfcb7
06_UnityFramework/Assets/Art/HotUpdate/SkeletalSource/1059e560-1ac0-4260-80ef-2291746bdd38.json.meta,162,fe5a9cba8ce7b48abd29db83d98df1f9c01ae03415b82f90d4726027fe65a8bc
06_UnityFramework/Assets/Art/HotUpdate/SkeletalSource/4d444ff6-4050-4e1a-ab5e-94952fe47143.json,141564,8b88b4955f06f9d9251e30bc2c8318377a23d91a77c02dca434c0385589f488e
06_UnityFramework/Assets/Art/HotUpdate/SkeletalSource/4d444ff6-4050-4e1a-ab5e-94952fe47143.json.meta,162,1e2303eb5249f8a18897b763dcf0b27a5e1c69889487193ca63ca36c3affb4c2
06_UnityFramework/Assets/Art/HotUpdate/SkeletalSource/7e61e8de-670f-495e-9549-fce8234ec73b.json,308190,1ad8ebf244dc04260ca84b21e2fa593fe35b8d23fd070b807792f582a62053c2
06_UnityFramework/Assets/Art/HotUpdate/SkeletalSource/7e61e8de-670f-495e-9549-fce8234ec73b.json.meta,162,778040c6e77e788111cffc3ac2bec211e9fd7b11cf8905076baa450fa938fd6e
06_UnityFramework/Assets/Art/HotUpdate/SkeletalSource/9844b415-ef0f-479e-9481-4bde1229b4de.json,63115,882e79f1d8e23bcbedfa6ba4eadfe4060a6038633b6293c0f333bd8ea70922a4
06_UnityFramework/Assets/Art/HotUpdate/SkeletalSource/9844b415-ef0f-479e-9481-4bde1229b4de.json.meta,162,6d2f499c0c151beca8e2bb43f682876d83a51ddf8682932669072cc454ae40d4
06_UnityFramework/Assets/Art/HotUpdate/SkeletalSource/ad1af1ca-c838-4eb6-8ed6-0928063481fb.json,21631,c82897e0979de6810636fd59bb061e0afacf2e4383f51f363c67aed6a55def67
06_UnityFramework/Assets/Art/HotUpdate/SkeletalSource/ad1af1ca-c838-4eb6-8ed6-0928063481fb.json.meta,162,c0f5a06179c8c661a2fb079c7d4b3e0bd69f1f3b566bdf5271521eb9cb9e2754
06_UnityFramework/Assets/Art/HotUpdate/SkeletalSource/c80b42c1-1e4d-4ece-a55c-7c6a5616b57c.json,419916,f2af076e27df3b8f969d76ce8860960ef47e36914004418f5871d9f6a81d2281
06_UnityFramework/Assets/Art/HotUpdate/SkeletalSource/c80b42c1-1e4d-4ece-a55c-7c6a5616b57c.json.meta,162,2b3984830a5fa3f4503398a4d5d9243ef7403d392f80bee7e334ccd005c7daeb
06_UnityFramework/Assets/Art/HotUpdate/SkeletalSource/e0434db8-76ce-4c32-a6f4-4088a1267d05.json,12161,ff8aec6722ce5fbcd70758e0d943f61391bb9caae5028c6859669748d986f125
06_UnityFramework/Assets/Art/HotUpdate/SkeletalSource/e0434db8-76ce-4c32-a6f4-4088a1267d05.json.meta,162,726249e9717751aa9b2450131b0a83dfa98c4215523959fb6218176f5a58cc83
06_UnityFramework/Assets/Art/HotUpdate/SkeletalSource/e1d94d6b-8e6b-4267-a4ed-3e0fd6375c1c.json,473987,64ebf18cd024e48c7b2efba96382f8788d2e5737fd6e21e048b3f3182d36e413
06_UnityFramework/Assets/Art/HotUpdate/SkeletalSource/e1d94d6b-8e6b-4267-a4ed-3e0fd6375c1c.json.meta,162,37a2e946357340a6ab897f032acda62c2c774d5fffcfcd7ff4c5326f12a50cd5
06_UnityFramework/Assets/Art/HotUpdate/SkeletalSource/f903332c-f1d8-4f7f-ba26-c989d332c852.json,72547,03abb4ae8e79cd33df1b19bbbd3658f32bd7201f7b59245ac8a2fd2d41d0e62f
06_UnityFramework/Assets/Art/HotUpdate/SkeletalSource/f903332c-f1d8-4f7f-ba26-c989d332c852.json.meta,162,d1b513e4ed95e3e00bf9cadea5443b91bdeb036b850eb7bbb718885986646cc0
06_UnityFramework/Assets/Art/HotUpdate/Sprites/1000__b1f93e32.png,125724,65a017f5e13ec409447102a28c24c12ec0888485a8f1b02e3aec17742fa77d98
06_UnityFramework/Assets/Art/HotUpdate/Sprites/1000__b1f93e32.png.meta,1153,3d2740351cc2a4014fe2b1a3970e732ec4870906dff76047890e373fb8a0d08f
06_UnityFramework/Assets/Art/HotUpdate/Sprites/100__206815fd.png,80620,6d77246c63f63064fd5ffbf7c9bd5464fc6b9316f502d787617b2239d61179ca
06_UnityFramework/Assets/Art/HotUpdate/Sprites/100__206815fd.png.meta,1153,915e3711a65473c06ce68d33b6a5ed2e391d7d075e22d0556090496100a69e71
06_UnityFramework/Assets/Art/HotUpdate/Sprites/10__29f87d66.png,25235,8a0bf67c6858d66933ad8737dccd6dc117b96f59e40608e85733771ea253fbca
06_UnityFramework/Assets/Art/HotUpdate/Sprites/10__29f87d66.png.meta,1153,34d0eae0e181969287d7febf40989cdfb9120a57d5d42744e62672c0be662f1c
06_UnityFramework/Assets/Art/HotUpdate/Sprites/1__3ff9510d.png,2008,89ee5845787b3ccdf92b07199f7a03812fa100aa514d4cb5f57f428aaa14a1f3
06_UnityFramework/Assets/Art/HotUpdate/Sprites/1__3ff9510d.png.meta,1155,78dd9fd817865dfb85640d4b9ab4c0055d150fe5d6566d822b95d129db0553b7
06_UnityFramework/Assets/Art/HotUpdate/Sprites/1__45cc6803.png,5877,74acb77a8f3880790b855fd2bed0a79fed8708a81d1d3d34b2eeebd8a22bad82
06_UnityFramework/Assets/Art/HotUpdate/Sprites/1__45cc6803.png.meta,1153,2b643e1bda73256a9c6c1c5c81583a0c8dd3cb23680879c13a9c1752305d89db
06_UnityFramework/Assets/Art/HotUpdate/Sprites/2000__2fc65a1d.png,192831,27866770f0836e80075fed62664f602079437215f1e1f6f9bc2e7d953ee99fe5
06_UnityFramework/Assets/Art/HotUpdate/Sprites/2000__2fc65a1d.png.meta,1153,3ef1730da561dd967e422352fe2f56ffdb91b910fc94d640855d904af2e5e1f0
06_UnityFramework/Assets/Art/HotUpdate/Sprites/200__cfdf5754.png,101423,dab606066000a0e46b4f9d1381da5fce90a99629e99189887904c2f4e225b1db
06_UnityFramework/Assets/Art/HotUpdate/Sprites/200__cfdf5754.png.meta,1153,895e9182216c0c6299e69e02e56e2ce3a66459ef9482eab54c8f28c66292678c
06_UnityFramework/Assets/Art/HotUpdate/Sprites/20__77b099a0.png,39096,869218b3863138bb1362a191835e6776924d8f1679e04453ed7b79e8d9db2296
06_UnityFramework/Assets/Art/HotUpdate/Sprites/20__77b099a0.png.meta,1153,92b62e19594958bb9d5c0367727f4d05f4ad64b3d7084aaeb92cad3de28e973b
06_UnityFramework/Assets/Art/HotUpdate/Sprites/2__bb5cd37e.png,9290,5a0d01c0999491d99c320d32d30ffc7edd8038f87534d98959e0212849aabfd1
06_UnityFramework/Assets/Art/HotUpdate/Sprites/2__bb5cd37e.png.meta,1153,fdaf466ea9ac8e54e10001255f3778517de68df81c2a2f73af25e05059b25e08
06_UnityFramework/Assets/Art/HotUpdate/Sprites/2__d6a40cfc.png,8458,f26f6276e3ef2a5a543d8d7d1212dd27325739545f2debec6a7c3a874d6f969c
06_UnityFramework/Assets/Art/HotUpdate/Sprites/2__d6a40cfc.png.meta,1153,c934a8f129ab7d04fd65df635bbee6d0dca33048414a0689132f2028bf2387be
06_UnityFramework/Assets/Art/HotUpdate/Sprites/3__90981f7d.png,8976,b46881abdeedb4e67bf97d7396814618fdbd2f096123b0a134c1e040dc4cec28
06_UnityFramework/Assets/Art/HotUpdate/Sprites/3__90981f7d.png.meta,1153,42e9d82c78702dcdabca42ea45a5bc339089a1229a9caaf962ac608db0192a1c
06_UnityFramework/Assets/Art/HotUpdate/Sprites/4__887b5021.png,8608,59a018ea1e5412db63977c59a6fb32ffac43329ca9ff67a5d087d59993bea88f
06_UnityFramework/Assets/Art/HotUpdate/Sprites/4__887b5021.png.meta,1153,2a2c7ab12d4056ba41d0db0ff7735a4b01aaabce3932998d2df6b34d17719043
06_UnityFramework/Assets/Art/HotUpdate/Sprites/500__026e5d46.png,82973,4f7be9af31c3e835e43986763b9dc0af02d3234541f18d22087bf5884291b1ec
06_UnityFramework/Assets/Art/HotUpdate/Sprites/500__026e5d46.png.meta,1153,7d8c4f52d1d9ccac6f8bf08f2b38a7b8e98c1693da51d0020c86a750bff69d41
06_UnityFramework/Assets/Art/HotUpdate/Sprites/50__252e9df5.png,58301,ae303f73c99123510522f592aacbd95ac28d79b69a1c7504cb88143924a6e572
06_UnityFramework/Assets/Art/HotUpdate/Sprites/50__252e9df5.png.meta,1153,00b636486104dce853c1ac7397e74ae477c3a457f94ebd4a997f2062e45da1c6
06_UnityFramework/Assets/Art/HotUpdate/Sprites/5__0c5eb910.png,8023,382017d262ca5ebc2096804ac17754e3502afbc1f59cf274f58bb8d1a8bc318b
06_UnityFramework/Assets/Art/HotUpdate/Sprites/5__0c5eb910.png.meta,1153,8651166c7f9a71fd449f6760a1fe245a1acf7a3182b66cd2d1d0375ab956b4bc
06_UnityFramework/Assets/Art/HotUpdate/Sprites/5__9fea0c34.png,25773,dee6be1ea33c3d609cd02f0420744b3cb1e4f2544e7f86737f52ce12f6a06edb
06_UnityFramework/Assets/Art/HotUpdate/Sprites/5__9fea0c34.png.meta,1153,d4f1c97ed66d749a80889b4b5fd7fc66bd38546dd7ff83ad8579c1d7e1966ccd
06_UnityFramework/Assets/Art/HotUpdate/Sprites/6__29c058d8.png,8274,b78a0213ba1ffc37c095bb2f5c19a4000405af7862fdd4d379c3a520092c9700
06_UnityFramework/Assets/Art/HotUpdate/Sprites/6__29c058d8.png.meta,1153,b10a3da3bfe4c92a968b224b8b8b15deac1c3b5473a2b092ab20b8bf4c0ca8f7
06_UnityFramework/Assets/Art/HotUpdate/Sprites/7__950087b5.png,7900,1cd028437d2b80463c0fe08e18085ee6eaa2daa5f3481fbca6190cea6d9a9188
06_UnityFramework/Assets/Art/HotUpdate/Sprites/7__950087b5.png.meta,1153,b59c29eeac0b3a8552c1f74572c2726116bef2eecb62b1fb5bb6c5c6befba6af
06_UnityFramework/Assets/Art/HotUpdate/Sprites/8__27199576.png,8625,0c50e3de54df99f0aea3348dbe9b76d845feb4df88c8b828d667ec7108efd42f
06_UnityFramework/Assets/Art/HotUpdate/Sprites/8__27199576.png.meta,1153,367ab5a26daf37ed0220956ca50b7d691bdbf4f8024a2647ca2b46081493ace0
06_UnityFramework/Assets/Art/HotUpdate/Sprites/Amazing__ca407816.png,33868,5904c20e2dc46ff8728561e2ccfff38976d3dd0cd5a9153fe83fc632b4037249
06_UnityFramework/Assets/Art/HotUpdate/Sprites/Amazing__ca407816.png.meta,1153,5c3f28ac67670a00484950e164c7601be97fe05797231f5401e5c056a40505f0
06_UnityFramework/Assets/Art/HotUpdate/Sprites/bg1__d7add077.png,1017,101b09e47945f4e0b7abf5057fc7ed5097c47510edc61c154310d66d1e48404e
06_UnityFramework/Assets/Art/HotUpdate/Sprites/bg1__d7add077.png.meta,1153,dcaa5dfba53bfacf07fb428ef99671b06b38ba57474334472b9a804f6c575dc3
06_UnityFramework/Assets/Art/HotUpdate/Sprites/bg3__0b53cb8c.png,4721,e86172444206bc89889b7b697c174596b4a17a3cebe49a85bb226ea0e22637af
06_UnityFramework/Assets/Art/HotUpdate/Sprites/bg3__0b53cb8c.png.meta,1153,78d4626b3fdfe3daa547b6dd28813e3bd9fd0e9e51f56eea7e32372efc5739a7
06_UnityFramework/Assets/Art/HotUpdate/Sprites/bg__eb47e646.png,156162,1f5bc2cd917cf22ee5e75f494748200239af98573912fc420687dce2677e5b3e
06_UnityFramework/Assets/Art/HotUpdate/Sprites/bg__eb47e646.png.meta,1153,39d2e506a1d45344d398c2ed7ea04fb547b2f83bd4662ee815a4e1783a190a5b
06_UnityFramework/Assets/Art/HotUpdate/Sprites/btn1__b2fcf2df.png,27755,4f4850753d8f7cfa79c20e05354c19bafe5ecb21f64e1db4c23dd8b09b155c89
06_UnityFramework/Assets/Art/HotUpdate/Sprites/btn1__b2fcf2df.png.meta,1153,25df5e7e6e41ca9ddab51328988561a450d771b191a81548edf84dc95d8d0067
06_UnityFramework/Assets/Art/HotUpdate/Sprites/btn2__247e2b16.png,15414,fc396a2e8543856d4efdb4e66a7269b7b1c16dbe658c7e6add0c4a867cfd948d
06_UnityFramework/Assets/Art/HotUpdate/Sprites/btn2__247e2b16.png.meta,1153,b9b4126598f61378ec0057261b6b2fb02261de66419e076552666180552ed024
06_UnityFramework/Assets/Art/HotUpdate/Sprites/btn3__f6455ee9.png,11839,75ee1789eb7faca031abc8b0b3ed486bfc0f9e82244755b34bb9306b9f2914e9
06_UnityFramework/Assets/Art/HotUpdate/Sprites/btn3__f6455ee9.png.meta,1153,b9dd740f94464ec6bbe65611380892e6875894b06e25f7020881e9c2978bd23b
06_UnityFramework/Assets/Art/HotUpdate/Sprites/btn4__cf37e82c.png,6010,fd3cda617f4cfb7ce99627abd73457489f1e096cebb50d64977a9f6c44729580
06_UnityFramework/Assets/Art/HotUpdate/Sprites/btn4__cf37e82c.png.meta,1153,f9512cab38b64bc0e3b2d4ec8f7915217910792e9d836720c52817bccb02d616
06_UnityFramework/Assets/Art/HotUpdate/Sprites/btn5__096204b8.png,4966,9b1b3f660adcb522ffdd8fbe4901ecdd364d87e6a46c61da666c442c167fe3f6
06_UnityFramework/Assets/Art/HotUpdate/Sprites/btn5__096204b8.png.meta,1153,474320d400bb3c3acd50566487598138710bfd55c2ccf920184be8a3f6ac1731
06_UnityFramework/Assets/Art/HotUpdate/Sprites/btn_bg__b8612d37.png,1528,af18746e659194f8117e59134627aafe58e76490d77e4c29591659b15dee0429
06_UnityFramework/Assets/Art/HotUpdate/Sprites/btn_bg__b8612d37.png.meta,1153,ef8544cc61f2be9343b2b5dc928f27c39dce488e36897cbfd8c42d698587db5c
06_UnityFramework/Assets/Art/HotUpdate/Sprites/bubble__16579a07.png,1395,b17de3bbbc22ca18f1f5e2f368980e8064cba155e34904028b0d062a65c3f318
06_UnityFramework/Assets/Art/HotUpdate/Sprites/bubble__16579a07.png.meta,1153,a456344a166014167c95a88dfefd973cd535f2bc84690b6a788fb57d6a28df96
06_UnityFramework/Assets/Art/HotUpdate/Sprites/combo__114eb6ba.png,16991,8df1d8d1a806cb09219b2213f6933a0fd75c74654563c3a4c4c02e460ac9b0f3
06_UnityFramework/Assets/Art/HotUpdate/Sprites/combo__114eb6ba.png.meta,1153,dfcebe3fc7db764f833fd8bdf3424e6abe3e7c798b55c363d6b37fccfe16f3be
06_UnityFramework/Assets/Art/HotUpdate/Sprites/default_btn_disabled__29158224.png,220,81e9d54c6f796ee611a41764d7bf4612229366e8cf39bca590977e6a57e9cedb
06_UnityFramework/Assets/Art/HotUpdate/Sprites/default_btn_disabled__29158224.png.meta,1157,d1a758a0fcbb9481e95b4d556e382ceb4f5d10b1b992fb3228a016ce29b6444b
06_UnityFramework/Assets/Art/HotUpdate/Sprites/default_btn_normal__f0048c10.png,252,e39bbebe0bae87e0f61265d3f2f9f31826a46947c81d35809a89c25c98a11941
06_UnityFramework/Assets/Art/HotUpdate/Sprites/default_btn_normal__f0048c10.png.meta,1157,4031610a1050c565226ae4ba17e18356cae5b416989fb7a245699d0db0bbc78b
06_UnityFramework/Assets/Art/HotUpdate/Sprites/default_btn_pressed__e9ec654c.png,297,607ce137b597c5c9721b9e11ca733ae66919762f11ae489cfa2fc6e65a56a1e5
06_UnityFramework/Assets/Art/HotUpdate/Sprites/default_btn_pressed__e9ec654c.png.meta,1157,e9ec62a3ca679610a444b0c43529537d7a9b95bc6b214ee4b8778a235137f224
06_UnityFramework/Assets/Art/HotUpdate/Sprites/default_sprite_splash__a23235d1.png,78,803f3b73e9e4960c1b25d25b1dcb493de6cb51a001fbcc7f604e4dfe62c8c26e
06_UnityFramework/Assets/Art/HotUpdate/Sprites/default_sprite_splash__a23235d1.png.meta,1153,33c5a2d7d1e486d41c44a7c83953721ca92d90efdce5ab0dccbd0080b831277b
06_UnityFramework/Assets/Art/HotUpdate/Sprites/GameDialog/common/2000__565c9f09.png,128786,6c58ef856aa29e81a4feaf08ba8ccc15cf53ff74bb10df2d0852443697b96df2
06_UnityFramework/Assets/Art/HotUpdate/Sprites/GameDialog/common/2000__565c9f09.png.meta,1153,71ee0a622382167dd91fb215e69ccb73c699afcc803989f722d1388f4253d18e
06_UnityFramework/Assets/Art/HotUpdate/Sprites/GameDialog/common/ad__8eeaa62b.png,6279,f9a47c43b473d53e0fd2940fc01cff8dc73c2f183075e2c862aaeb5b9efd9f4c
06_UnityFramework/Assets/Art/HotUpdate/Sprites/GameDialog/common/ad__8eeaa62b.png.meta,1153,42eb5b46d19dd848a246370dad9536350beb3c1ac25ae4b0c57f5861c832cbeb
06_UnityFramework/Assets/Art/HotUpdate/Sprites/GameDialog/common/backBtn__087de8d2.png,7452,4f3f4c11c4429c65bbaa2a756efde5bd0efb90764eaa3cbd360d6ffd8adf0257
06_UnityFramework/Assets/Art/HotUpdate/Sprites/GameDialog/common/backBtn__087de8d2.png.meta,1153,319656440febfa6b78cd49bb1792665f0bdb859c69b03e98892139a75944fc66
06_UnityFramework/Assets/Art/HotUpdate/Sprites/GameDialog/common/btn1__cd716fcd.png,24584,d1ef23a872a95a072842b945ad5ab43f1c0e59edfee5306ff34d67eb51f79d0e
06_UnityFramework/Assets/Art/HotUpdate/Sprites/GameDialog/common/btn1__cd716fcd.png.meta,1153,fb723c8fca50219c6dfabddab8641305c1c34e0bc50f60777aa0b8887c22251d
06_UnityFramework/Assets/Art/HotUpdate/Sprites/GameDialog/common/btn2__e1be55d2.png,23736,3e3c8317c8679da5b095bf9f7e78be9feef30bbbf2308905a1784b7eb115d1fc
06_UnityFramework/Assets/Art/HotUpdate/Sprites/GameDialog/common/btn2__e1be55d2.png.meta,1153,a0897ee35788b7bd54ece822b7f1333dba134d00c2c114362cc0a17d66fe1242
06_UnityFramework/Assets/Art/HotUpdate/Sprites/GameDialog/common/btn_close_gray__b59982f8.png,751,097cc413ea27e53dad3b6796b763fa0e8ab69791df5481a5f97a6edeb05428d9
06_UnityFramework/Assets/Art/HotUpdate/Sprites/GameDialog/common/btn_close_gray__b59982f8.png.meta,1153,4d05605ddbe65c1887a96d4276f9e153378a7ddef79f1ec7d953677281b1a547
06_UnityFramework/Assets/Art/HotUpdate/Sprites/GameDialog/common/btn_gary__fb19ae04.png,22493,c895d1cdf611b9c486a0e53224c6d1eef75716896452a207e891caa7cd087f76
06_UnityFramework/Assets/Art/HotUpdate/Sprites/GameDialog/common/btn_gary__fb19ae04.png.meta,1153,5f5a2055e3f3d2512462c1d0936a5256e3e7f2529b1efa0609612e9e688b44c4
06_UnityFramework/Assets/Art/HotUpdate/Sprites/GameDialog/common/btnClose__e04e2f34.png,761,83d2d6f58e030cba7e22019b44e665b71fead65c94a9589a9a24dc878da69218
06_UnityFramework/Assets/Art/HotUpdate/Sprites/GameDialog/common/btnClose__e04e2f34.png.meta,1153,c3aa0aa31a4c8e1abc5b010892ca63af0e039ff21cc1dade8e2ed07da455efb5
06_UnityFramework/Assets/Art/HotUpdate/Sprites/GameDialog/common/coin__a386dc39.png,6536,f81df6007e4cb41cfa6ce4f9b8035a40f0e3a51a07602b72526df6575b80cef0
06_UnityFramework/Assets/Art/HotUpdate/Sprites/GameDialog/common/coin__a386dc39.png.meta,1153,d550013a822554179cbabd1bb9dcda4e97a993dc988098eedd06166b4307dded
06_UnityFramework/Assets/Art/HotUpdate/Sprites/GameDialog/common/commonCoinTitle__f53455a4.png,130927,79b74009bfcd8a9b49e20ae69fe590a92643f7f76abd582210a35ae5133aeba6
06_UnityFramework/Assets/Art/HotUpdate/Sprites/GameDialog/common/commonCoinTitle__f53455a4.png.meta,1153,61080f9b6635860ead1b3937ba28b967832266476f756b1d67f70319730f96ce
06_UnityFramework/Assets/Art/HotUpdate/Sprites/GameDialog/common/hand1__5d810788.png,28534,0033b84d7ead8edc82ede4b5161f39b802be77e86f1c8b41aee51dc71c625d37
06_UnityFramework/Assets/Art/HotUpdate/Sprites/GameDialog/common/hand1__5d810788.png.meta,1153,12471c317b79d426b3118174de0e26ba72edd485cb5bc422fbf3ec6ac2f2b4f4
06_UnityFramework/Assets/Art/HotUpdate/Sprites/GameDialog/common/htmlbg__1eb2b9f3.png,7490,136739b4c0b665778afbcf434366ad499e675c895d644824ed0d36982163bb38
06_UnityFramework/Assets/Art/HotUpdate/Sprites/GameDialog/common/htmlbg__1eb2b9f3.png.meta,1153,ac49052c126122505fd2a1217a3715e6f7de5e932882a3463ade4c5cde467c60
06_UnityFramework/Assets/Art/HotUpdate/Sprites/GameDialog/common/htred__6de21f42.png,805,2effe1644735d4cb3ef7d76c5215eedef4e40dc8c463906fd38cf5f0bfb19f20
06_UnityFramework/Assets/Art/HotUpdate/Sprites/GameDialog/common/htred__6de21f42.png.meta,1153,eca59c147a139887ff0b96c10a64d1a38698eda1be2467c014a178097b232328
06_UnityFramework/Assets/Art/HotUpdate/Sprites/GameDialog/common/itemh__1755afdd.png,6665,545f06146d898677283769f23e9473cac4e4fb18f25ac89c283b0ccec2d92158
06_UnityFramework/Assets/Art/HotUpdate/Sprites/GameDialog/common/itemh__1755afdd.png.meta,1153,d0f711926076ac87471e5589a534938e6b0057c4b915a1c35169ab5ebc8dc366
06_UnityFramework/Assets/Art/HotUpdate/Sprites/GameDialog/common/manyCoin__69e9cd99.png,132148,3be348d696789289b2ffce06d01621be001a7ebc0f7770438a1acf8fc1e7c84e
06_UnityFramework/Assets/Art/HotUpdate/Sprites/GameDialog/common/manyCoin__69e9cd99.png.meta,1153,4adbf17a176e8cdb9e8978c5eba4a87b9abec3360f99094e14c410416174ca50
06_UnityFramework/Assets/Art/HotUpdate/Sprites/GameDialog/common/mask__fee62731.png,390,ba116c416285cf0f70d82ba8c74a738807318565d65437860436fa698bf67c3e
06_UnityFramework/Assets/Art/HotUpdate/Sprites/GameDialog/common/mask__fee62731.png.meta,1157,73d788d8b323350bed2808386ac39d55afd99c5b97f77e967226115b5d7feb75
06_UnityFramework/Assets/Art/HotUpdate/Sprites/GameDialog/common/progressBar__e2fe8ed7.png,1745,68009c26b2c40154b26b98221b3bdcb1397fea203eb0009881603b6ae64992e3
06_UnityFramework/Assets/Art/HotUpdate/Sprites/GameDialog/common/progressBar__e2fe8ed7.png.meta,1157,b24b742e568f3473fc950e3440df10a11e7f7e75eaf9eaeb9b348e12e4e58278
06_UnityFramework/Assets/Art/HotUpdate/Sprites/GameDialog/common/progressBg__affbf61e.png,2715,832b15986a6af0732ead47d9a18df62e815e5b77ea1c23c0601419134f125dae
06_UnityFramework/Assets/Art/HotUpdate/Sprites/GameDialog/common/progressBg__affbf61e.png.meta,1153,7a017d6e410c4a04aa9a74de44bb7b0d700bd7dffe7ef6fe54249261346a1fef
06_UnityFramework/Assets/Art/HotUpdate/Sprites/GameDialog/common/renwu__72fa078f.png,4918,9c65e9537d2b5f377714617ddd16491c0c715192ae26812c586dde2ca34c9498
06_UnityFramework/Assets/Art/HotUpdate/Sprites/GameDialog/common/renwu__72fa078f.png.meta,1153,935d7e06c6732e0a5f7f8de7928a0c5f28e8dccd2bf36190edfdd8d0b03833e6
06_UnityFramework/Assets/Art/HotUpdate/Sprites/GameDialog/common/select__0e365a00.png,4672,6c9aa29b22b2b3a232e1fdef968b74d20961c8f44cd3ef2cdf48377e3608297f
06_UnityFramework/Assets/Art/HotUpdate/Sprites/GameDialog/common/select__0e365a00.png.meta,1153,a5f93f35595e7d836566e0e825811018497efc905b8b22df4bbe1b65d2e44235
06_UnityFramework/Assets/Art/HotUpdate/Sprites/GameDialog/common/title__5372f8db.png,59552,24754ce4d60dc4cfe4319006a5dddfcc9e71643da6269c062f8d61283fdba4e9
06_UnityFramework/Assets/Art/HotUpdate/Sprites/GameDialog/common/title__5372f8db.png.meta,1153,fe299b123eb09b15521cb98ad6a329044eb80e51af48a7581484610b43a5d133
06_UnityFramework/Assets/Art/HotUpdate/Sprites/GameDialog/common/yellowbg__5f2f19f1.png,8317,a8fe12c6022cd6465704c383cc2f0ae14ef65f920a4e8d6fc35ad031f56430f8
06_UnityFramework/Assets/Art/HotUpdate/Sprites/GameDialog/common/yellowbg__5f2f19f1.png.meta,1161,63e69345ddebcb60953b67fa642d51e10711ed49d43f00eac5adfc5eef2e2070
06_UnityFramework/Assets/Art/HotUpdate/Sprites/GameDialog/common/图层 26__fd86e669.png,106116,5253f24d576c8850ee4799ccd37d5f5fb09f94095a65ca7684fe90fb90fe7e6c
06_UnityFramework/Assets/Art/HotUpdate/Sprites/GameDialog/common/图层 26__fd86e669.png.meta,1153,ba9c4c11a2a7f42636c88b74917aeddc0861588f1444718c1065bd96446d2335
06_UnityFramework/Assets/Art/HotUpdate/Sprites/GameDialog/common/图层 2__73d8351e.png,8602,91cc4d93bd24f82957b21f572c2e85b6ae2fe8b7cd92f7babf975080b5eae2be
06_UnityFramework/Assets/Art/HotUpdate/Sprites/GameDialog/common/图层 2__73d8351e.png.meta,1153,d5e51fdb30c3f49258b4a9aaf9026efa6019b0b03844500dfd6b2184b451dce3
06_UnityFramework/Assets/Art/HotUpdate/Sprites/GameDialog/FailDialog/2000备份 2__27054148.png,4603,ca6a23dd6318b2c88942c95adb7afb2e84852b817c7297dcc4f28a7de61b356f
06_UnityFramework/Assets/Art/HotUpdate/Sprites/GameDialog/FailDialog/2000备份 2__27054148.png.meta,1153,68d61b3f29c6aadd2db886bee79698eb6909610445e5f4184d9ff9747658941e
06_UnityFramework/Assets/Art/HotUpdate/Sprites/GameDialog/FailDialog/bg2__90180b25.png,1649,7249928522c05733c61dbb338b898d20ec0d33bf8381e26537b35042da5b149f
06_UnityFramework/Assets/Art/HotUpdate/Sprites/GameDialog/FailDialog/bg2__90180b25.png.meta,1153,e276bb2deaf68cc2bfa4564a48fd45125330308761d57a1d48f01efc9cfa7c87
06_UnityFramework/Assets/Art/HotUpdate/Sprites/GameDialog/FailDialog/bg__6395fb53.png,8925,0dfb39ad5f84b9509f9b5ae703c894330729ad6c6dcad1c6a0e8eb790924ff70
06_UnityFramework/Assets/Art/HotUpdate/Sprites/GameDialog/FailDialog/bg__6395fb53.png.meta,1153,ce48bde34891005c13c768547f9f5bb849814697475af4b4396c3338880a1a1a
06_UnityFramework/Assets/Art/HotUpdate/Sprites/GameDialog/FailDialog/btn_Close__24139751.png,24584,d1ef23a872a95a072842b945ad5ab43f1c0e59edfee5306ff34d67eb51f79d0e
06_UnityFramework/Assets/Art/HotUpdate/Sprites/GameDialog/FailDialog/btn_Close__24139751.png.meta,1153,31e8553688176c5870ab6a4d09890bd76cb06eeeb9091e1f6ea70b41aa0c5512
06_UnityFramework/Assets/Art/HotUpdate/Sprites/GameDialog/FailDialog/guang2__17455961.png,152128,86ab005e49355cf086d25e0e00b81a6ec856d5060456c0f7ab93a4a844e90354
06_UnityFramework/Assets/Art/HotUpdate/Sprites/GameDialog/FailDialog/guang2__17455961.png.meta,1153,c170165b12953484397aaf22d81b2f244771317fb24709390fc94b02782b77a5
06_UnityFramework/Assets/Art/HotUpdate/Sprites/GameDialog/FailDialog/icon_play__45dd618f.png,2473,b21d3601dd7c7e7388c2e761d8db25d326d3ddf322f2923bd5f5aa46f655d25d
06_UnityFramework/Assets/Art/HotUpdate/Sprites/GameDialog/FailDialog/icon_play__45dd618f.png.meta,1153,7be375c2cb6db5a84347dc3665d3c26a5c640cf8219d010d7e636c649cc5648b
06_UnityFramework/Assets/Art/HotUpdate/Sprites/GameDialog/FailDialog/title__97f83cbc.png,59882,a42978475b81d894c4a4415eb7adae23bffbd0494353d257766a71ee07e43633
06_UnityFramework/Assets/Art/HotUpdate/Sprites/GameDialog/FailDialog/title__97f83cbc.png.meta,1153,75ef6d14f2cbf1cbbae0c663a3bc46300841ce69219eec7cdc82142be20e7fd7
06_UnityFramework/Assets/Art/HotUpdate/Sprites/GameDialog/GameFakeWDDialog/bg__797732f8.png,8418,3f8101c85468053b52be16c9949397f4e344cc7bd955c200fb92d0ae830b941b
06_UnityFramework/Assets/Art/HotUpdate/Sprites/GameDialog/GameFakeWDDialog/bg__797732f8.png.meta,1153,8d3db4bbc2a86b2c5112ca2df24b212e46561cb8e55951f351f44cecbafcb51a
06_UnityFramework/Assets/Art/HotUpdate/Sprites/GameDialog/GameFakeWDDialog/bottomBg__12890502.png,964,853a28cb9b3301f20f2941da57c0c3d016bbf671deeeab37b7fb7eecd60c0e5d
06_UnityFramework/Assets/Art/HotUpdate/Sprites/GameDialog/GameFakeWDDialog/bottomBg__12890502.png.meta,1155,15e7b0fb8d04337b23c97ed273071aedf46dfb3b2c6755e1aa2765f8420a214b
06_UnityFramework/Assets/Art/HotUpdate/Sprites/GameDialog/GameFakeWDDialog/coinIcon__2a21dd9c.png,104169,2a3f56679a6d9e84eab1ce1722ecb508e3f5bc3594ec41d59eef3b59907e4b2f
06_UnityFramework/Assets/Art/HotUpdate/Sprites/GameDialog/GameFakeWDDialog/coinIcon__2a21dd9c.png.meta,1153,d302d02aac71b0826c3036638e6d13e01ef676ec04eb36c9c112179712357339
06_UnityFramework/Assets/Art/HotUpdate/Sprites/GameDialog/GameFakeWDDialog/icon_select__c5831991.png,1190,065c77473e42d16963a16b27790ea94685e4feb8cff3236165404d742aad2848
06_UnityFramework/Assets/Art/HotUpdate/Sprites/GameDialog/GameFakeWDDialog/icon_select__c5831991.png.meta,1153,65ba2b073e1db923683eedc02739584eca4833a309d1f9ead4b1669a7e6a5aa2
06_UnityFramework/Assets/Art/HotUpdate/Sprites/GameDialog/GameFakeWDDialog/selectBg__f3eb0e56.png,7155,a1594b2b41a11a9037f90b23c94b361795efaae8c827331e93b8596291260c0d
06_UnityFramework/Assets/Art/HotUpdate/Sprites/GameDialog/GameFakeWDDialog/selectBg__f3eb0e56.png.meta,1153,31eb8618b171738575ba4585c4fc623872f7677d7ebe2b5b07f22823d94bd8e5
06_UnityFramework/Assets/Art/HotUpdate/Sprites/GameDialog/GameFakeWDDialog/topBg__8f57d355.png,3557,7005c5704fee7c582fe5600839a0593edd597adb9d3ddfb2ea0e0419744c49b7
06_UnityFramework/Assets/Art/HotUpdate/Sprites/GameDialog/GameFakeWDDialog/topBg__8f57d355.png.meta,1155,c6e6d2e604d34f22607b4265fe2d9e5ee7011c7948b4de9f2d947ff5c22e01e8
06_UnityFramework/Assets/Art/HotUpdate/Sprites/GameDialog/GameFakeWDDialog/unselectBg__a2910a3a.png,7208,c48d83a197927b813315d78ad1d757dc8da38d6f42b0a123524523f74a251cd8
06_UnityFramework/Assets/Art/HotUpdate/Sprites/GameDialog/GameFakeWDDialog/unselectBg__a2910a3a.png.meta,1153,06b6b384afe151333ac747a3cbdfb388d9b47cf05fd148e755716b81ea57aeae
06_UnityFramework/Assets/Art/HotUpdate/Sprites/GameDialog/GameRealWDDialog11/bar__2799c570.png,1682,6c4ed1006e1875d488d740afe7596840671dbb9b2a31df3624be71a9a2215a91
06_UnityFramework/Assets/Art/HotUpdate/Sprites/GameDialog/GameRealWDDialog11/bar__2799c570.png.meta,1153,0b9a20727c8eb913267b72f45133d82a7568c6cb8b0bf57d7096afa4389d11d2
06_UnityFramework/Assets/Art/HotUpdate/Sprites/GameDialog/GameRealWDDialog11/bg1__e743ec86.png,8561,0fa249aa2340933b3d8428f0812fd497a570c16c74cdc54c9d32ec9bd6e8180b
06_UnityFramework/Assets/Art/HotUpdate/Sprites/GameDialog/GameRealWDDialog11/bg1__e743ec86.png.meta,1153,ac8e94afd4b6c9f61ca418bd5fabe7314b6a600794a70b166139f7a8ffe760ed
06_UnityFramework/Assets/Art/HotUpdate/Sprites/GameDialog/GameRealWDDialog11/bg2__5c540834.png,40998,7bb78f9ca46d59d99c5a296a61c2ffd1629130e8a8dab4d0f410f10772024cf5
06_UnityFramework/Assets/Art/HotUpdate/Sprites/GameDialog/GameRealWDDialog11/bg2__5c540834.png.meta,1161,94da9b64288b3efbb7395aef30eb705c198d5d5268351dfb4cf1aaa0755abed2
06_UnityFramework/Assets/Art/HotUpdate/Sprites/GameDialog/GameRealWDDialog11/bg33__f794ed6c.png,26378,4bbdbd6f7c81933b28bdbfb23b299254cf83232cde27b76bbbcc06347896fbf4
06_UnityFramework/Assets/Art/HotUpdate/Sprites/GameDialog/GameRealWDDialog11/bg33__f794ed6c.png.meta,1153,0aa4bd53f8379905c90bd514156457beeccbb1d44c9b0c91247aea22a533ebd0
06_UnityFramework/Assets/Art/HotUpdate/Sprites/GameDialog/GameRealWDDialog11/bg4__f2dd18eb.png,8417,b9f6cb3496b3dc3ff04b003eb4db2ee7f09bb06d8a8a99ef709cb278d47eb107
06_UnityFramework/Assets/Art/HotUpdate/Sprites/GameDialog/GameRealWDDialog11/bg4__f2dd18eb.png.meta,1153,f38eb5c4f3fb2c6b0b171fdfdfeac1161d1cee5629a34ebf3acc35d1122d9345
06_UnityFramework/Assets/Art/HotUpdate/Sprites/GameDialog/GameRealWDDialog11/bg__710c7733.png,116794,deef9afe23da491bae11a87411c673c8685a49891b62b4cd3b6ea15d6a183d95
06_UnityFramework/Assets/Art/HotUpdate/Sprites/GameDialog/GameRealWDDialog11/bg__710c7733.png.meta,1153,9be389f8fd5c86aa1bfd96978243e135c2326aa365d329e103effc2b2ac99506
06_UnityFramework/Assets/Art/HotUpdate/Sprites/GameDialog/GameRealWDDialog11/bg_purple_long__dc275cd8.png,42215,54e814a732bc53788897e8d9a94238ea02fd4554c59445d7eb8dd2ec43e836b5
06_UnityFramework/Assets/Art/HotUpdate/Sprites/GameDialog/GameRealWDDialog11/bg_purple_long__dc275cd8.png.meta,1161,09f9acb3a5b07dd0c550bc61eda34e29551347bc7d88f173c5ddc8ef556b441a
06_UnityFramework/Assets/Art/HotUpdate/Sprites/GameDialog/GameRealWDDialog11/bottomBg__fbf7005a.png,965,398339d072dc02ddb51c25b623dfcc2c6007eedccd332811a7efd6b8d3c738cd
06_UnityFramework/Assets/Art/HotUpdate/Sprites/GameDialog/GameRealWDDialog11/bottomBg__fbf7005a.png.meta,1155,6d140a6a5cbeda2ef896f569646a8a85c2070b003d4f2fce5cfbf0649d9ffee7
06_UnityFramework/Assets/Art/HotUpdate/Sprites/GameDialog/GameRealWDDialog11/btnHelp__2e7b1ca4.png,14287,7984fe0ed60c88f5d68bbde2e228a1a8d920792c53e6749d967139e2c5caf69c
06_UnityFramework/Assets/Art/HotUpdate/Sprites/GameDialog/GameRealWDDialog11/btnHelp__2e7b1ca4.png.meta,1153,27b7c5e7bea43bfaf6ac9615fb1264c81b417c4d76cbd616372d729c11b2e1cb
06_UnityFramework/Assets/Art/HotUpdate/Sprites/GameDialog/GameRealWDDialog11/btnRule__36341612.png,13102,bb8fceaf902d867ccc26d182dcf83b78a4005dbd538a27c4392f53c3572eca37
06_UnityFramework/Assets/Art/HotUpdate/Sprites/GameDialog/GameRealWDDialog11/btnRule__36341612.png.meta,1153,a21438bff537bf71fdc864d0e41ab36699f024c99fb9748c4e8daee9206322af
06_UnityFramework/Assets/Art/HotUpdate/Sprites/GameDialog/GameRealWDDialog11/coin__f7680187.png,3354,97c385c7bff8d0215f57786991480da50743a586181334e7f7a1f9a5ca147f40
06_UnityFramework/Assets/Art/HotUpdate/Sprites/GameDialog/GameRealWDDialog11/coin__f7680187.png.meta,1153,670776075b191db5cebc20715c53b44c55b9a321552b11d784bd2152c9370c68
06_UnityFramework/Assets/Art/HotUpdate/Sprites/GameDialog/GameRealWDDialog11/editbox__165ba37b.png,1118,b91414c30f6364fc6547d5588a5b9ee1ef80d95dfc4d1b61200c29a09b52ed3d
06_UnityFramework/Assets/Art/HotUpdate/Sprites/GameDialog/GameRealWDDialog11/editbox__165ba37b.png.meta,1153,35aceae50bfbaf44731413198322dbc863380f264d7c873ce967392b25bdd59a
06_UnityFramework/Assets/Art/HotUpdate/Sprites/GameDialog/GameRealWDDialog11/icon1__c7b5913b.png,4757,971782ec84bb4b2b617bd4dadf03cbc4d796aee09de55cafadd75c0237a18f8a
06_UnityFramework/Assets/Art/HotUpdate/Sprites/GameDialog/GameRealWDDialog11/icon1__c7b5913b.png.meta,1153,0a92ad0c462819789abf9b9f2c0473b2eb662a09bff23b827c63f46efdb020da
06_UnityFramework/Assets/Art/HotUpdate/Sprites/GameDialog/GameRealWDDialog11/icon2__a465308d.png,10525,2456fbed1ea3c04993db30902a76005bc5b8dcb057606b2a613bd231e0f9f940
06_UnityFramework/Assets/Art/HotUpdate/Sprites/GameDialog/GameRealWDDialog11/icon2__a465308d.png.meta,1153,36db7ac95aafae4b4ca66353cdf1b2e961addee49399f46a8ff0c4881e8d4dc2
06_UnityFramework/Assets/Art/HotUpdate/Sprites/GameDialog/GameRealWDDialog11/icon__38c3487f.png,8104,9882cb64d1733485d670a65663b11d8b1ad0141760242c485e7196172806f674
06_UnityFramework/Assets/Art/HotUpdate/Sprites/GameDialog/GameRealWDDialog11/icon__38c3487f.png.meta,1153,fa960def1e6a5f3d63c2b41216f400e894e0b99d2ee331fb94a4fb2987b3b832
06_UnityFramework/Assets/Art/HotUpdate/Sprites/GameDialog/GameRealWDDialog11/jiantou__cad0c95e.png,381,e41f708e73b1fd017ca2797b9c3e892266a8161d37b3a4417f5d4d43138e43e3
06_UnityFramework/Assets/Art/HotUpdate/Sprites/GameDialog/GameRealWDDialog11/jiantou__cad0c95e.png.meta,1153,9a3e83915d433cc542bcf5c62056caa17f6cbe1ed1316c929920dfabd7e4dc86
06_UnityFramework/Assets/Art/HotUpdate/Sprites/GameDialog/GameRealWDDialog11/line__f9e648dc.png,173,072f6e87eba79bdc1cdbf995eb417e152d9bc90114f18ffaecdf0baa1b275155
06_UnityFramework/Assets/Art/HotUpdate/Sprites/GameDialog/GameRealWDDialog11/line__f9e648dc.png.meta,1153,9b9c4ecadd17edf7ce01ce8b890c2703d9654f7e84814167ef267af2df00c9a3
06_UnityFramework/Assets/Art/HotUpdate/Sprites/GameDialog/GameRealWDDialog11/middlebg__1e893d77.png,6368,bf1fa14e8e0d261a7252828182b21cd1c6ff2da0fa87f34d0e9e40aa406c87f1
06_UnityFramework/Assets/Art/HotUpdate/Sprites/GameDialog/GameRealWDDialog11/middlebg__1e893d77.png.meta,1157,2c412fa09f055fea7e25b47401ee239fb0a21c111645ae6a2ce780a1f0a8a7c5
06_UnityFramework/Assets/Art/HotUpdate/Sprites/GameDialog/GameRealWDDialog11/progressBg__d89166c8.png,2184,7bfd1d9daa4df25905f9190b7dd93a39f749b610be05c1a7a7cecf69e80e8db3
06_UnityFramework/Assets/Art/HotUpdate/Sprites/GameDialog/GameRealWDDialog11/progressBg__d89166c8.png.meta,1153,6f55f9a493ca45d26cbd933d7624bbb5f866e74afc232c041e961c6f6dc2d92a
06_UnityFramework/Assets/Art/HotUpdate/Sprites/GameDialog/GameRealWDDialog11/selectBg__5a90af46.png,9611,20d25800c8590d978ab0158d258bd46fe0ef6983a9072e64d392aad91f63317e
06_UnityFramework/Assets/Art/HotUpdate/Sprites/GameDialog/GameRealWDDialog11/selectBg__5a90af46.png.meta,1153,fe5fafa6e06794e34b4697e6350fa1c0b0d7f92860238b2612c65bf2ad3d205b
06_UnityFramework/Assets/Art/HotUpdate/Sprites/GameDialog/GameRealWDDialog11/smallBg__13df6558.png,6896,ed1c088f42b94c97b9c16650f7ba4ec39053244024ad5a35636d7a3e352e5939
06_UnityFramework/Assets/Art/HotUpdate/Sprites/GameDialog/GameRealWDDialog11/smallBg__13df6558.png.meta,1153,4270345c1bfc72c006ba46505a00fac6982abce01246e803c7d96e9ed9462189
06_UnityFramework/Assets/Art/HotUpdate/Sprites/GameDialog/GameRealWDDialog11/smallTitleBg__89bd8b10.png,5836,3d70fde3172df3b1683b89bc4f667228ee351afeef83b227ae511716d0ab2543
06_UnityFramework/Assets/Art/HotUpdate/Sprites/GameDialog/GameRealWDDialog11/smallTitleBg__89bd8b10.png.meta,1153,97a32539e94a202530dfbfa718c6a66983051f9175295b244a9cae903bb5ab59
06_UnityFramework/Assets/Art/HotUpdate/Sprites/GameDialog/GameRealWDDialog11/titleicon__d7bd430a.png,217067,ed900e3f042bb5afef72953d462817a7bd74bc97327c9a63323c68be96c058b0
06_UnityFramework/Assets/Art/HotUpdate/Sprites/GameDialog/GameRealWDDialog11/titleicon__d7bd430a.png.meta,1153,30f6b76cbcd1d05a0b8472eabde186d9d281d14c04701701ff53f269acdea7ef
06_UnityFramework/Assets/Art/HotUpdate/Sprites/GameDialog/GameRealWDDialog11/topBg__190243c6.png,1132,3f8f576606c385e66911c0f11f7c55393f5523b8b7687530d8c40a2c89bb20df
06_UnityFramework/Assets/Art/HotUpdate/Sprites/GameDialog/GameRealWDDialog11/topBg__190243c6.png.meta,1155,be0928d5a48e4003afbeef82244ee031c2b62e5d87408c9ecb812d832e699f78
06_UnityFramework/Assets/Art/HotUpdate/Sprites/GameDialog/GameRealWDDialog11/Unchecked__9eeaf313.png,2130,9d03685aa010e31633a42138d5de230a6a0e1690c9ec9a0277aedf5811452767
06_UnityFramework/Assets/Art/HotUpdate/Sprites/GameDialog/GameRealWDDialog11/Unchecked__9eeaf313.png.meta,1153,f07b500fcb23894dc6b67efd9b42bf089ca48a80872906fbf462158d1dfc72a1
06_UnityFramework/Assets/Art/HotUpdate/Sprites/GameDialog/GameRealWDDialog11/unEnough__4f20b518.png,1661,8631fbee070ef9aab9c66d46e2868f56ccc84e9fd0134ef4a9f904b420282eee
06_UnityFramework/Assets/Art/HotUpdate/Sprites/GameDialog/GameRealWDDialog11/unEnough__4f20b518.png.meta,1153,ae17d3e1740de25b4608f51d1ca75ac11738b360185779ed2b5dd8ffd6ee8da3
06_UnityFramework/Assets/Art/HotUpdate/Sprites/GameDialog/GameRealWDDialog11/编组 15(2)__d8c9b202.png,7035,4f01e36bfe27242583f6e6d92015c167313bba426c17efa97ebdff4ed9a6bf65
06_UnityFramework/Assets/Art/HotUpdate/Sprites/GameDialog/GameRealWDDialog11/编组 15(2)__d8c9b202.png.meta,1153,adc3adadb2dd48c522f73e6b69f1c00501da93304c259e5e396ae321c73b3b53
06_UnityFramework/Assets/Art/HotUpdate/Sprites/GameDialog/GameRealWDHelp/ads__f7c9813c.png,7923,140f84075b6bde889968dbc26aa3812a7042c854c40afd5f8b7d81b6fef74520
06_UnityFramework/Assets/Art/HotUpdate/Sprites/GameDialog/GameRealWDHelp/ads__f7c9813c.png.meta,1153,8eea78e5ab18fb85cba18b2a9db22e0b7fa5b5a25e3fcd970453658e92569381
06_UnityFramework/Assets/Art/HotUpdate/Sprites/GameDialog/GameRealWDHelp/bg__a7648edc.png,12781,44591729fa5e7cf6a06a0365ea8bfb05fa7d867bcdb17ca26fd81343e954123f
06_UnityFramework/Assets/Art/HotUpdate/Sprites/GameDialog/GameRealWDHelp/bg__a7648edc.png.meta,1161,db58dc283b31cbed26d2098b30ccd6037881afb155ed389c6880c5dea85a17bd
06_UnityFramework/Assets/Art/HotUpdate/Sprites/GameDialog/GameRealWDHelp/helpbg__c4fb3d20.png,13043,f3bbce8c4c4175bf33f2e47bc59a9487783fe3bbb0d06d31b471e09e7c45a6cf
06_UnityFramework/Assets/Art/HotUpdate/Sprites/GameDialog/GameRealWDHelp/helpbg__c4fb3d20.png.meta,1153,b794afaa63eccc3d60bd9ace9b30d05ed1eb6110dea893e88686095995dadf2e
06_UnityFramework/Assets/Art/HotUpdate/Sprites/GameDialog/GameRealWDHelp/paypal__6ef3ea99.png,6429,c9525d5bbc77d4be34eacbec2dc794b8c0d9595839f6a0f2dbd0576ea65550f5
06_UnityFramework/Assets/Art/HotUpdate/Sprites/GameDialog/GameRealWDHelp/paypal__6ef3ea99.png.meta,1153,3e9c6740b41f8c2a2efccb087b18a6d2db7dc16946ea93040e576aff1b9ae6fe
06_UnityFramework/Assets/Art/HotUpdate/Sprites/GameDialog/GameRealWDHelp/phone__e38fbbef.png,51691,af5687f35fb4796393dc11e9c0b2dbe55c7cade9a4386d4b1f993007bef1fad5
06_UnityFramework/Assets/Art/HotUpdate/Sprites/GameDialog/GameRealWDHelp/phone__e38fbbef.png.meta,1153,59be08c7e5bd2e0133caad9496a15c328017e8b8c6d32b1213ef3afcc6adb1f9
06_UnityFramework/Assets/Art/HotUpdate/Sprites/GameDialog/GameRealWDHelp/tixianhelp__437b5a29.png,463853,3ad11934a2d239599aefb7b0d7b57bf65273886647cb8840ddd985c174912fb5
06_UnityFramework/Assets/Art/HotUpdate/Sprites/GameDialog/GameRealWDHelp/tixianhelp__437b5a29.png.meta,1153,bdfe001073253785119131df6c901ecd61aa4d35ced92a02df1e089976125a88
06_UnityFramework/Assets/Art/HotUpdate/Sprites/GameDialog/GameRealWDHelp/位图__c0fc7d5e.png,3598,a243e26d89310ca94a0dc5c5513878f4ea788e97ba9baa701853bc27aebe19da
06_UnityFramework/Assets/Art/HotUpdate/Sprites/GameDialog/GameRealWDHelp/位图__c0fc7d5e.png.meta,1153,5394a54e95222ad962ea7921c097210620204a16eba7f332ffbd8648e19159f6
06_UnityFramework/Assets/Art/HotUpdate/Sprites/GameDialog/GameRealWDHelp/矩形 1 拷贝 2__a193e946.png,6862,2a51a528eab7cedb5a7a90b9c05d25ac5a8e05e6b1b080fd0868a326cebb30f6
06_UnityFramework/Assets/Art/HotUpdate/Sprites/GameDialog/GameRealWDHelp/矩形 1 拷贝 2__a193e946.png.meta,1156,1f14b2dd0f8aa3ea9735f4b41f5f62283bd5a5533bd102b524ad7e2bbefe1e5d
06_UnityFramework/Assets/Art/HotUpdate/Sprites/GameDialog/GameRealWDHelp/矩形 2__e9420d35.png,3972,0d451c756bb45550cc0dd9d46112af29f36e705a359e1ee90deb84448f7287b6
06_UnityFramework/Assets/Art/HotUpdate/Sprites/GameDialog/GameRealWDHelp/矩形 2__e9420d35.png.meta,1153,8c6658a596cfc7d0d2efcd9705a6117490ab459d2fb269f0235620947e1a00d8
06_UnityFramework/Assets/Art/HotUpdate/Sprites/GameDialog/GameRealWDHelp/矩形备份1__15fe22b1.png,3857,c3b0a12f816ada4e5d971ff1c11d26adfaee56ca216bc54202134700fa1375f1
06_UnityFramework/Assets/Art/HotUpdate/Sprites/GameDialog/GameRealWDHelp/矩形备份1__15fe22b1.png.meta,1159,90e29c15b9e40e66a54ce0dc521a57c9a2b810559dc93bf2cb4b7c1fa5e0f1ed
06_UnityFramework/Assets/Art/HotUpdate/Sprites/GameDialog/GameRealWDHelp/矩形备份2__46311530.png,2213,a3aa4e74a8633d961e38abb84578684edf325b6f2ac6bf48036e6d7b0d8e6975
06_UnityFramework/Assets/Art/HotUpdate/Sprites/GameDialog/GameRealWDHelp/矩形备份2__46311530.png.meta,1155,945bddefe79500d66f905891f9b04134c43e49549bca29c7a3c6b1b4c80e9969
06_UnityFramework/Assets/Art/HotUpdate/Sprites/GameDialog/GameRealWDHelp/矩形备份__e7073eb9.png,1105,5c33fa354850a7ace46058ea3c3c00d12b4453893565ee5d0edd980d4861ec82
06_UnityFramework/Assets/Art/HotUpdate/Sprites/GameDialog/GameRealWDHelp/矩形备份__e7073eb9.png.meta,1153,7c6db9a02f033857753be2b73d5c382663f8ce2e8a5f292afc0f005808d12cf8
06_UnityFramework/Assets/Art/HotUpdate/Sprites/GameDialog/GameRealWDHelp/编组 3__6da9beb7.png,6174,00a79d09330a8a159982ecdd2a08f9b42cf74fe7b14c0a39d5fe989ecec5aaf9
06_UnityFramework/Assets/Art/HotUpdate/Sprites/GameDialog/GameRealWDHelp/编组 3__6da9beb7.png.meta,1153,c4e9db29934f6a969c72ade40883217c28597f93374b40e7ed8ddf6932c6acf6
06_UnityFramework/Assets/Art/HotUpdate/Sprites/GameDialog/gameView/getMoneyhelp__fb61a051.png,228207,fabbbc1713f19280b2b78920b45285e58b120c1468806ba5ad3f0f1a7828bdd2
06_UnityFramework/Assets/Art/HotUpdate/Sprites/GameDialog/gameView/getMoneyhelp__fb61a051.png.meta,1153,f5f5881d4fa3b87a6af405a44758bbf0a6c5793e8a109c89d440465a1e8358a0
06_UnityFramework/Assets/Art/HotUpdate/Sprites/GameDialog/gameView/Privacy Policy1__34cc23cf.png,252798,4d39cd9530812b365522db583f79b54bca14c172bf453fb3d5bef42c7f2e4951
06_UnityFramework/Assets/Art/HotUpdate/Sprites/GameDialog/gameView/Privacy Policy1__34cc23cf.png.meta,1153,2d6e054307a797b223c68b1df8af7ee570a88db904c747d29167f065cf5abd20
06_UnityFramework/Assets/Art/HotUpdate/Sprites/GameDialog/gameView/Privacy Policy2__7eed0b5f.png,642016,c4a91d631127869ed8a653a99645635eff75e9b77ca7234f13bc24da881348a0
06_UnityFramework/Assets/Art/HotUpdate/Sprites/GameDialog/gameView/Privacy Policy2__7eed0b5f.png.meta,1153,754b7e792b29527f4d363b78d579daab4f0fad448e63eb232cc35d2f6bc065c2
06_UnityFramework/Assets/Art/HotUpdate/Sprites/GameDialog/gameView/Privacy Policy3__de17c877.png,311267,e63c49e6d0d9426531614eea4696637e24696e5dcd8fe1c9f04474ff1acabb49
06_UnityFramework/Assets/Art/HotUpdate/Sprites/GameDialog/gameView/Privacy Policy3__de17c877.png.meta,1153,a0838eabb30f7cbc3cee1773bdefc65e3ebdb114055b66ee05215f9949c541b8
06_UnityFramework/Assets/Art/HotUpdate/Sprites/GameDialog/gameView/Terms of Service1__c02c1608.png,573728,dac294429be21d1d38662c340b153b7cf1432733831d8c59163dcd97b13db5a8
06_UnityFramework/Assets/Art/HotUpdate/Sprites/GameDialog/gameView/Terms of Service1__c02c1608.png.meta,1153,19d47ca4a7497252e45a242ecf9466a38c40e24a50ccccdf3527dc6197a6bbf4
06_UnityFramework/Assets/Art/HotUpdate/Sprites/GameDialog/gameView/Terms of Service2__466dcf19.png,482666,7b65cd3916e67281a89f63ae851a1636f11b6d12c50073a676d59e8c9f732215
06_UnityFramework/Assets/Art/HotUpdate/Sprites/GameDialog/gameView/Terms of Service2__466dcf19.png.meta,1153,9403edafeb347662d621eb5a813c7ae5de27bf132de2b7f61ecd82d06d40f90f
06_UnityFramework/Assets/Art/HotUpdate/Sprites/GameDialog/gameView/Terms of Service3__93a0603e.png,197168,8adf10e99852dcc00d213ba244e6e8c7575178cf9ed5b2d763a8fcb94092e3a4
06_UnityFramework/Assets/Art/HotUpdate/Sprites/GameDialog/gameView/Terms of Service3__93a0603e.png.meta,1153,47d9fbc0778efe8ffad302c745fd099f781725d355bafb5b01604edfebcec1df
06_UnityFramework/Assets/Art/HotUpdate/Sprites/GameDialog/hintDialog/bg__95fe7f58.png,41478,13ffb6afea76ca4119326d657b022a86bdda5e94f20b5edd4d67bd3700673222
06_UnityFramework/Assets/Art/HotUpdate/Sprites/GameDialog/hintDialog/bg__95fe7f58.png.meta,1153,e63611375555798d050b8ea004fe64bae467bfd269f147549c7541b14bdd787e
06_UnityFramework/Assets/Art/HotUpdate/Sprites/GameDialog/hintDialog/User__c75b7d61.png,144224,ddf7431f4d7a22065ce762cb91cbc6f883e3c22659e7a9ae61a86c61447cb26a
06_UnityFramework/Assets/Art/HotUpdate/Sprites/GameDialog/hintDialog/User__c75b7d61.png.meta,1153,45eed84b1bdff7e9094f2e4db7471c7c0816d987fc1beb1040fe3d16769ba4c0
06_UnityFramework/Assets/Art/HotUpdate/Sprites/GameDialog/hintDialog/编组 2(1)__700539b0.png,110799,edcd53dde640f7b4c6c38f67b373b12dfa056c98a9485f1f1efa07c2e1f2e88a
06_UnityFramework/Assets/Art/HotUpdate/Sprites/GameDialog/hintDialog/编组 2(1)__700539b0.png.meta,1153,74653eedebeadfadbc922de063cb7d9a40859b2bfb737335f44718ac0049da3e
06_UnityFramework/Assets/Art/HotUpdate/Sprites/GameDialog/hintDialog/编组 3(1)__b78dae3d.png,32900,7e75df93c617f74f3ddf200172164fc61353bd4879916b6d290fa5ec3c132c6c
06_UnityFramework/Assets/Art/HotUpdate/Sprites/GameDialog/hintDialog/编组 3(1)__b78dae3d.png.meta,1153,c38462cbaa75307b9db6b51e72cc7a6a754e1b1fdfb240bd8ecb52a41ff93472
06_UnityFramework/Assets/Art/HotUpdate/Sprites/GameDialog/luckyDraw/5554__d34aa611.png,475154,147002bf6a3239fee50e41f3c9fe8eabfd5c67d75e60fe19c368c8332413dabd
06_UnityFramework/Assets/Art/HotUpdate/Sprites/GameDialog/luckyDraw/5554__d34aa611.png.meta,1153,4f299052ffb15410f4eecb1809dac5a268072572c96d4090ac0c36500945ab6d
06_UnityFramework/Assets/Art/HotUpdate/Sprites/GameDialog/luckyDraw/bg__7d01abfd.png,383668,0b233e5bc6ad8aa6e3529a4da0fd948655678b74448c164440c6e3e9efa489b2
06_UnityFramework/Assets/Art/HotUpdate/Sprites/GameDialog/luckyDraw/bg__7d01abfd.png.meta,1153,53bce6f97fc995002366657531bb6118f988410fe29ffcbde9d114c9ffcdc2e9
06_UnityFramework/Assets/Art/HotUpdate/Sprites/GameDialog/luckyDraw/guang1__f282b5ac.png,236815,67d0f107ac3cfcdfc4387876a5e014c2d0682b516e80acf028294e1208a2afc5
06_UnityFramework/Assets/Art/HotUpdate/Sprites/GameDialog/luckyDraw/guang1__f282b5ac.png.meta,1153,e0533f3aa970de67ebff1e20a0790773c0ee2224840b6922b897622c0aabd0bd
06_UnityFramework/Assets/Art/HotUpdate/Sprites/GameDialog/luckyDraw/money1__3ddb7cd6.png,6780,9a0592b4f847c5274ce4654b25cccb4f7158483b5f947b63478daf0aec9bdee0
06_UnityFramework/Assets/Art/HotUpdate/Sprites/GameDialog/luckyDraw/money1__3ddb7cd6.png.meta,1153,289ebaecf4e8de96a3cb738455e0b0394c161509fc224ea24aa18e242e6c0644
06_UnityFramework/Assets/Art/HotUpdate/Sprites/GameDialog/luckyDraw/rect1__3892357c.png,11242,5dbee7becaf4b46a61f13d2743b94e4beb0196d5ee46c8110fe8a0c7700d1da1
06_UnityFramework/Assets/Art/HotUpdate/Sprites/GameDialog/luckyDraw/rect1__3892357c.png.meta,1153,2a91125e229c39c6fca0ddedaf0aceae6dbfbc36ea5685d90dc12388b97708eb
06_UnityFramework/Assets/Art/HotUpdate/Sprites/GameDialog/luckyDraw/rect__fd4a226c.png,13719,2f8d7c1ac38ba6fa39bdef42a02747c9c01e5b4827a05f3c08d3e886f125ebdc
06_UnityFramework/Assets/Art/HotUpdate/Sprites/GameDialog/luckyDraw/rect__fd4a226c.png.meta,1153,7ca7319335a7209fa22bb80643d2575293ad4fe98b1fd57806ba7b1b9d42ceb4
06_UnityFramework/Assets/Art/HotUpdate/Sprites/GameDialog/luckyDraw/redBg__3a453ccb.png,844,78549c7f02cd37d860cc6b2ecc27e1b97df3fa733e8327fa6835bc756b1792e6
06_UnityFramework/Assets/Art/HotUpdate/Sprites/GameDialog/luckyDraw/redBg__3a453ccb.png.meta,1153,dcc3713bba4f90163dfed9aabb257542eb55e28312c060748044ffcc5571ef85
06_UnityFramework/Assets/Art/HotUpdate/Sprites/GameDialog/luckyDraw/编组 4__b602806c.png,16919,ae9387904b628a59220b8cb783b54c1f4d7d8eb7ed358b2aa6464111abf08d64
06_UnityFramework/Assets/Art/HotUpdate/Sprites/GameDialog/luckyDraw/编组 4__b602806c.png.meta,1153,fafa8c767fc210b14b3c76c287be1585532e234f41e901d16722e603dfe530e5
06_UnityFramework/Assets/Art/HotUpdate/Sprites/GameDialog/mergeRule/bg(1)__3c7d8fda.png,32557,88ffb560642b3d3a558345f214e7a5bd313e8cd55305121446b2ac7d16bcd88f
06_UnityFramework/Assets/Art/HotUpdate/Sprites/GameDialog/mergeRule/bg(1)__3c7d8fda.png.meta,1153,55bdd7f84962941d0983427e1f7d2ff767b6435c1f81d91313f0df6bd164badd
06_UnityFramework/Assets/Art/HotUpdate/Sprites/GameDialog/mergeRule/bg1__14348eba.png,30931,7f4de770f420399bb3f4c7a19ebfe041c5bb84c6b3c4d90dcd93b6a8b3945dee
06_UnityFramework/Assets/Art/HotUpdate/Sprites/GameDialog/mergeRule/bg1__14348eba.png.meta,1153,ee8ef4e941c64d651e0d443e11b39c159935a769a1b635990b719a62c9c733b5
06_UnityFramework/Assets/Art/HotUpdate/Sprites/GameDialog/mergeRule/bg__6bf9ce4f.png,1606,5624ebf97a765756a8637523c9ba36823d0aa65896bdfcb31b98be1506e3905a
06_UnityFramework/Assets/Art/HotUpdate/Sprites/GameDialog/mergeRule/bg__6bf9ce4f.png.meta,1153,66ff398efce58eefc2b4144c75f38736b57786294afad96b886aa75ca2ace3c3
06_UnityFramework/Assets/Art/HotUpdate/Sprites/GameDialog/mergeRule/btnClose__d7ef0d2b.png,733,a6b83d0998b5dd47c21e8ad27f39c8406334f33cef38da5f80ff0b0d8f96671d
06_UnityFramework/Assets/Art/HotUpdate/Sprites/GameDialog/mergeRule/btnClose__d7ef0d2b.png.meta,1153,04f02de3ed33815e1713c72e45238d457335bbb60c286df218bea32b0f508e5e
06_UnityFramework/Assets/Art/HotUpdate/Sprites/GameDialog/mergeRule/btnSure__40275659.png,27809,b1f3e2e751c59bbdb710ab841affec58d9197e0974c1526069bec8b1513b926c
06_UnityFramework/Assets/Art/HotUpdate/Sprites/GameDialog/mergeRule/btnSure__40275659.png.meta,1153,cb955a85c08f02e8ddc1b665389860c3074615eebfdbef4c24e9c4c03cf092e0
06_UnityFramework/Assets/Art/HotUpdate/Sprites/GameDialog/playerScore/bg__b4a10935.png,29785,5676cb2089c22e627f0235487e76ccfd7dd892c2aae9371176f66f78d10ea40e
06_UnityFramework/Assets/Art/HotUpdate/Sprites/GameDialog/playerScore/bg__b4a10935.png.meta,1161,363e7d7e99bca207d5df27e1763324a14ce096a5b5419db840742feab4320fa6
06_UnityFramework/Assets/Art/HotUpdate/Sprites/GameDialog/playerScore/btnClose__13a53c7b.png,733,a6b83d0998b5dd47c21e8ad27f39c8406334f33cef38da5f80ff0b0d8f96671d
06_UnityFramework/Assets/Art/HotUpdate/Sprites/GameDialog/playerScore/btnClose__13a53c7b.png.meta,1153,996907b15a0878a1f6c338a201402507cdbabb3a517f7c8a2296a5fccc299151
06_UnityFramework/Assets/Art/HotUpdate/Sprites/GameDialog/playerScore/btnSure__1aa2cd20.png,24584,d1ef23a872a95a072842b945ad5ab43f1c0e59edfee5306ff34d67eb51f79d0e
06_UnityFramework/Assets/Art/HotUpdate/Sprites/GameDialog/playerScore/btnSure__1aa2cd20.png.meta,1153,62345cc0f1437a31c25c18ab44b59f94dce7935a6d0a3ef7717e474bc5f19d79
06_UnityFramework/Assets/Art/HotUpdate/Sprites/GameDialog/playerScore/star__811934fd.png,11273,ddfdc9c0b110baec0274cc76088c6a5030750536e7cc4e3954b9f7a4d5630b10
06_UnityFramework/Assets/Art/HotUpdate/Sprites/GameDialog/playerScore/star__811934fd.png.meta,1153,893d841155e4f39ee4b021046c6ef0fdc7a33908542ba8c04a7075a6fa8f057b
06_UnityFramework/Assets/Art/HotUpdate/Sprites/GameDialog/playerScore/starBg__b8dd33a1.png,3185,232dcae45d826808a305ced17ca948bf0c09337dde5a5a22d8d9bc6c804cbe26
06_UnityFramework/Assets/Art/HotUpdate/Sprites/GameDialog/playerScore/starBg__b8dd33a1.png.meta,1153,d47db33e64696900668580d1a7b9cf6b885bb238e1eda9c38186f74a0ec054b9
06_UnityFramework/Assets/Art/HotUpdate/Sprites/GameDialog/playerScore/title__0ed6258c.png,53933,89aed00e798d474a0bdadc64fa1c45eae24d4eb144284b7be9a71b847cf1d511
06_UnityFramework/Assets/Art/HotUpdate/Sprites/GameDialog/playerScore/title__0ed6258c.png.meta,1153,bcc32244227c5b09bcb38bc8f5dc2a8c28a324b42d74e6cdd210bd8e7c42eb5a
06_UnityFramework/Assets/Art/HotUpdate/Sprites/GameDialog/RealWDHintDialog/bg1__873032c8.png,1339,5cec0ba33a73bf721ecb356f3d237c1de438ed1df3e1c5a22be567faa79e64ee
06_UnityFramework/Assets/Art/HotUpdate/Sprites/GameDialog/RealWDHintDialog/bg1__873032c8.png.meta,1153,788ef35dfa24751662df73df78262a9f1b242795a9a9cd5427dac7dfe2a71a03
06_UnityFramework/Assets/Art/HotUpdate/Sprites/GameDialog/RealWDHintDialog/bg3__5655241b.png,23931,6a3e72070b3f30f33cd207ac4bd6e94785dd9c5f99a1254b91a7e6faf50b758b
06_UnityFramework/Assets/Art/HotUpdate/Sprites/GameDialog/RealWDHintDialog/bg3__5655241b.png.meta,1153,8172d56e733dda069cfff8d1d5236f8f780b23c4d4ea61ece58b4788e2b6aba8
06_UnityFramework/Assets/Art/HotUpdate/Sprites/GameDialog/RealWDHintDialog/bg4__c05ef850.png,3903,10a7b66f23366f341f67c4cec1c008f89309828805b5d71c69e365f2390f4d02
06_UnityFramework/Assets/Art/HotUpdate/Sprites/GameDialog/RealWDHintDialog/bg4__c05ef850.png.meta,1153,09cc3555ceb5d5b6471c34ce41d87f0b4d1fab7045ea7592acaae9e0befecfbc
06_UnityFramework/Assets/Art/HotUpdate/Sprites/GameDialog/RealWDHintDialog/bg__9fa788aa.png,1830,62bbd595982bbcd6e7d850da78c060041b08c9282b92c3e6af573a9f58a5af7b
06_UnityFramework/Assets/Art/HotUpdate/Sprites/GameDialog/RealWDHintDialog/bg__9fa788aa.png.meta,1153,b6e85b287fa7c60169bcb2ae0542733334022545b96d3103de7ed0b257a61496
06_UnityFramework/Assets/Art/HotUpdate/Sprites/GameDialog/RealWDHintDialog/icon__c845fb16.png,9282,8bc6d069866caa9335650cec5f46fa63401ae411303a95cc5922b08951cceb4d
06_UnityFramework/Assets/Art/HotUpdate/Sprites/GameDialog/RealWDHintDialog/icon__c845fb16.png.meta,1153,da3bb84d776c1011116ef91aa54899560bb5edb449f0ff291a20af7c2e684007
06_UnityFramework/Assets/Art/HotUpdate/Sprites/GameDialog/RealWDHintDialog/line__708fc69d.png,311,5db1afbea5086364460723ab19de76bb3d90035d08fff0862034c7ecb5b4ec0c
06_UnityFramework/Assets/Art/HotUpdate/Sprites/GameDialog/RealWDHintDialog/line__708fc69d.png.meta,1153,ba7a4f9fee0787697ca7f66618f93619f4167e139eb91d0d677961fa3963e717
06_UnityFramework/Assets/Art/HotUpdate/Sprites/GameDialog/RealWDHintDialog/title__89402687.png,71166,89014d3426280ce19e79c4dda7b40e4bfc406aecc1470ccaf27dff29ff35f372
06_UnityFramework/Assets/Art/HotUpdate/Sprites/GameDialog/RealWDHintDialog/title__89402687.png.meta,1153,8798ce4d0850e2e5876cf4bff3ef64ee4f9dca88cab0ca626bc84d4f1cda3a75
06_UnityFramework/Assets/Art/HotUpdate/Sprites/GameDialog/RealWDHintDialog/位图__9fa58b72.png,6257,fd01b0471fe584d75212de6900db84a6ac4e6db026df909486bb1af5a7c08e24
06_UnityFramework/Assets/Art/HotUpdate/Sprites/GameDialog/RealWDHintDialog/位图__9fa58b72.png.meta,1153,6f38476733b7ffe7adfc69f800bf588ea521305d28dd4f95aacf1268d13cf58c
06_UnityFramework/Assets/Art/HotUpdate/Sprites/GameDialog/SettingDialog/bg2__10eaa0eb.png,1508,323ca3b1cabcbfb8673beb7973a117454e9cb0e53801b1d47dd98347355f6c8e
06_UnityFramework/Assets/Art/HotUpdate/Sprites/GameDialog/SettingDialog/bg2__10eaa0eb.png.meta,1153,f8d9dfc3ed529b5409c31c70c6bee949ee8b2297de26c22686bac9aee6db4d30
06_UnityFramework/Assets/Art/HotUpdate/Sprites/GameDialog/SettingDialog/bg__064b096c.png,29156,2fe05cc48209ebdd8104684cf2d85fc26395248d59b335e29f1259b3d2674e13
06_UnityFramework/Assets/Art/HotUpdate/Sprites/GameDialog/SettingDialog/bg__064b096c.png.meta,1153,b31042cec8baaac6fe3f53c8e857b74277253736b26f57a3d3aa4d75dbedb158
06_UnityFramework/Assets/Art/HotUpdate/Sprites/GameDialog/SettingDialog/btnClose__27240b2f.png,733,a6b83d0998b5dd47c21e8ad27f39c8406334f33cef38da5f80ff0b0d8f96671d
06_UnityFramework/Assets/Art/HotUpdate/Sprites/GameDialog/SettingDialog/btnClose__27240b2f.png.meta,1153,237ded2978158c3118f05e450f28f25240a6c1df3d59dd93fe27031f1e7f2a13
06_UnityFramework/Assets/Art/HotUpdate/Sprites/GameDialog/SettingDialog/btnSet__2b0cdc24.png,7728,9d8cc57485bda788c6fce6a7c45f119a4b0ad77a59acb1e79445b46123080f50
06_UnityFramework/Assets/Art/HotUpdate/Sprites/GameDialog/SettingDialog/btnSet__2b0cdc24.png.meta,1153,7a1f21492ed8ae31ac61b48d304c5c2a67931f8b81416842de40088589f22006
06_UnityFramework/Assets/Art/HotUpdate/Sprites/GameDialog/SettingDialog/off__30e3fb57.png,4686,ca9f66a8697137fe5aab4247fafda264dc3efc16c5b825ed5d2a784106e0fda0
06_UnityFramework/Assets/Art/HotUpdate/Sprites/GameDialog/SettingDialog/off__30e3fb57.png.meta,1153,649ec3b91f4dbc829b6c35922a5629e4f2413bef386f5e5f19ec433ec8a9f39b
06_UnityFramework/Assets/Art/HotUpdate/Sprites/GameDialog/SettingDialog/ON__63631bd7.png,4436,1df3c6916c081e8071090d2e4b4aeca7910e397372f9a420eb8054a0d48946e6
06_UnityFramework/Assets/Art/HotUpdate/Sprites/GameDialog/SettingDialog/ON__63631bd7.png.meta,1153,72b80c65d468f63496f71cb5a9f981a40a97ebab8e53af571756c0de61597df1
06_UnityFramework/Assets/Art/HotUpdate/Sprites/GameDialog/TaskDialog/btn__756a3507.png,10642,d7f70f19247d16f468ede38af781d9757dda2884d6c5cf5921a2a04b1260912e
06_UnityFramework/Assets/Art/HotUpdate/Sprites/GameDialog/TaskDialog/btn__756a3507.png.meta,1153,3310e0e310203c1fdfa0a8c93bc5f5703fa60cf0a8821187c09f7b654daec864
06_UnityFramework/Assets/Art/HotUpdate/Sprites/GameDialog/TaskDialog/btnGray__aa1a4abe.png,4935,951a57dc7da3d10d3a2a897f1c7720850b5518f255ee8bf9a2287cf62019e3e5
06_UnityFramework/Assets/Art/HotUpdate/Sprites/GameDialog/TaskDialog/btnGray__aa1a4abe.png.meta,1153,c427cbd775459fd919251820052cb471f437c86776906b3e61eb60b867332eb2
06_UnityFramework/Assets/Art/HotUpdate/Sprites/GameDialog/TaskDialog/btnGreen__876d69d0.png,7651,873bd3b1571d87121614685747611b13c00918d9f6d93659daba684b4053d2fe
06_UnityFramework/Assets/Art/HotUpdate/Sprites/GameDialog/TaskDialog/btnGreen__876d69d0.png.meta,1153,4cd33d80469d12b13e459d6d049dfecb9ae01b72d558ed88f52f6d8ae42780df
06_UnityFramework/Assets/Art/HotUpdate/Sprites/GameDialog/TaskDialog/itemBg__a3b71b22.png,6162,0144ca72b270ebd7bb9885e19fa1e0b0512b6d83d8326fe373d1d00b25ed21c9
06_UnityFramework/Assets/Art/HotUpdate/Sprites/GameDialog/TaskDialog/itemBg__a3b71b22.png.meta,1153,f60667f8b94bec57145a70660a2741e4c23ea585c5bc47c787ee87843c33ba4e
06_UnityFramework/Assets/Art/HotUpdate/Sprites/GameDialog/TaskDialog/taskBg__80cb3d7e.png,67388,6a54f64d21f852b6f57f363f62ef1a03ccb8efc4db8a9fe4bf7940fa6c176d88
06_UnityFramework/Assets/Art/HotUpdate/Sprites/GameDialog/TaskDialog/taskBg__80cb3d7e.png.meta,1153,79b8cb5c39d904f813798a8fb99e4850be1cc7b7f52956e2c67f5a84a5de3b6e
06_UnityFramework/Assets/Art/HotUpdate/Sprites/GameDialog/TaskDialog/title__83af5b68.png,18476,1419b2692f4c4f2117dec9d842d7cbd7231043d0e9f99433ef4e183c5b2fe9e5
06_UnityFramework/Assets/Art/HotUpdate/Sprites/GameDialog/TaskDialog/title__83af5b68.png.meta,1153,10c3ed707eb780f71d1b9d8da7b243ea6ad457e450b13e2c30c1ec7f948d7f51
06_UnityFramework/Assets/Art/HotUpdate/Sprites/GameDialog/UpdateDialog/bg__5c4b192a.png,3177,6fb8c550bc22e9b1a5a9aece719e6d4b9442bdb3c19df2b1851844be258ef5bb
06_UnityFramework/Assets/Art/HotUpdate/Sprites/GameDialog/UpdateDialog/bg__5c4b192a.png.meta,1153,713f05f0da5388e8241065a93eb2d8d8de76d38bfeaa64d7ab71f35dc92da583
06_UnityFramework/Assets/Art/HotUpdate/Sprites/GameDialog/UpdateDialog/close__c391e010.png,542,63a430389251bc4b2985d2a962ac73b067383167441828c371b6cfc8af8ecb62
06_UnityFramework/Assets/Art/HotUpdate/Sprites/GameDialog/UpdateDialog/close__c391e010.png.meta,1153,550ebfeb3fe285c8838e5305795444ac2cbd4c1b78e92d2fcb1f1fb40153eace
06_UnityFramework/Assets/Art/HotUpdate/Sprites/good__5b74e011.png,25317,8e8831e8dfbc3aff2dadddd339446581242cca6eb62e577ddd3b08236e7eb532
06_UnityFramework/Assets/Art/HotUpdate/Sprites/good__5b74e011.png.meta,1153,eb1ef9388f44793085a41c4bbe35c3d7d739bddf713b542fa217b9dd878a8089
06_UnityFramework/Assets/Art/HotUpdate/Sprites/great__0abeb70a.png,25367,15523c5eeb9656dcb7c3fadc3acb7ec236f906c0b97b59660d335072da51f96a
06_UnityFramework/Assets/Art/HotUpdate/Sprites/great__0abeb70a.png.meta,1153,ef4827ad7db8b8c234d577c99623053bb71e26f55595589eb4136b5cc12c1f0e
06_UnityFramework/Assets/Art/HotUpdate/Sprites/hand__941330f4.png,19283,a0b39eb697cc8f77efbeedad6554337a59d3c4db6bd5b3b6923de9f13ebf33be
06_UnityFramework/Assets/Art/HotUpdate/Sprites/hand__941330f4.png.meta,1153,af71129fb66a7261f32c29a316a204707e7bf42d2276ffd9efac1bbc760c6599
06_UnityFramework/Assets/Art/HotUpdate/Sprites/icon_notice__aff557b8.png,3776,45a97c360c6eef05c63ba8411b2a2d55e40f6e635c958fc4f8aaae700929740c
06_UnityFramework/Assets/Art/HotUpdate/Sprites/icon_notice__aff557b8.png.meta,1153,0fccfae005ddee2a1f089577e59d93cabee24c96360bb0bd14fab9f1bbe0783c
06_UnityFramework/Assets/Art/HotUpdate/Sprites/jiantou__87861caa.png,464,161ff8a35caec32b1f3477e361fdb3f28c6d88984b91503cb97fe24a1da88285
06_UnityFramework/Assets/Art/HotUpdate/Sprites/jiantou__87861caa.png.meta,1153,341407cbdce62709bbc17eae1196488cda892c85be8624f8d9b35ba04a49792f
06_UnityFramework/Assets/Art/HotUpdate/Sprites/line__1896be18.png,199,ebff703082dac5d820004c87e0e10cb3b1035b0f6daa21b64cad3606974ad8f1
06_UnityFramework/Assets/Art/HotUpdate/Sprites/line__1896be18.png.meta,1153,889893d91061f4662da0abf5cc5440f926cf51108e3f99d64c529c489e40b738
06_UnityFramework/Assets/Art/HotUpdate/Sprites/loadingBg__1b4b71c0.png,1330031,d791406f8957448112f2841e067b39a6d8e58cd438b353578707e39ab02da965
06_UnityFramework/Assets/Art/HotUpdate/Sprites/loadingBg__1b4b71c0.png.meta,1153,f1274f836d9786c78618f25fb2b83a548335214c02fdb794e011813e6fc30399
06_UnityFramework/Assets/Art/HotUpdate/Sprites/loadingTitle__e0b3c8ab.png,248827,8d250e78fbd48e582aa04a066a4d4ce4807501a6ba1644b692414d5e97be4d41
06_UnityFramework/Assets/Art/HotUpdate/Sprites/loadingTitle__e0b3c8ab.png.meta,1153,499daa1052a00cb48fa91f34e5892ff071504c6947d038e998e095ac41e0ec32
06_UnityFramework/Assets/Art/HotUpdate/Sprites/progressBar__632014c3.png,2280,edc55e5484adb4c2f84d3f22e2e57df5e7f852b1c4291e121e9692bf6772959c
06_UnityFramework/Assets/Art/HotUpdate/Sprites/progressBar__632014c3.png.meta,1153,6ab8c20477e4ca1bde56988b7e4c5e54f623589cf86b1c11dcb5b816db47b2f3
06_UnityFramework/Assets/Art/HotUpdate/Sprites/progressBg__ff5418d6.png,3660,491cbb4e3f67cd127a9f1553a7726faca78f565a9adc88da52c95d750234ea04
06_UnityFramework/Assets/Art/HotUpdate/Sprites/progressBg__ff5418d6.png.meta,1153,73e10f4157566ab9e581d97d6f9ae19a00614bf422f5b7aa5243980bc8fe5306
06_UnityFramework/Assets/Art/HotUpdate/Sprites/Redcircle__4e8c506c.png,1026,c4c1b93563ef17c5162ac80b03d554baf0f11cb4a7aa2db8e0dd2415005326f7
06_UnityFramework/Assets/Art/HotUpdate/Sprites/Redcircle__4e8c506c.png.meta,1157,e5ff0e2bc6976739264b7b6f53690c28e1415efc331c0c8ca30e181bcb88f73b
06_UnityFramework/Assets/Art/HotUpdate/Sprites/right__7be6c00c.png,4447,6e1f8539b1dbe657e5183f197b5a592c641dae053f1e273ac2e53ee6ba0ac79e
06_UnityFramework/Assets/Art/HotUpdate/Sprites/right__7be6c00c.png.meta,1153,f7e107d0a9dc8751fe5f927d1a482a70f70a92ddbfab69673af7df8ceeffe4e6
06_UnityFramework/Assets/Art/HotUpdate/Sprites/texture/CashPlat/DANA_1__67ac019b.png,10568,a08dfc7a31056c010e5c74f48be6f19fe5435661abcd53c4cfa3234557ee9b3a
06_UnityFramework/Assets/Art/HotUpdate/Sprites/texture/CashPlat/DANA_1__67ac019b.png.meta,1153,c08dcdf0f24ba63178d8e1ffdb628e0247833bfc3b3c95bbb8ef142be33cc6f5
06_UnityFramework/Assets/Art/HotUpdate/Sprites/texture/CashPlat/DANA_2__dd96d08a.png,12572,959fd2e72927f929cbb87ced876be9dd66c156dde0ea2bda9b5640f043e76b43
06_UnityFramework/Assets/Art/HotUpdate/Sprites/texture/CashPlat/DANA_2__dd96d08a.png.meta,1153,f3a0163d88f870d778644db9ad4c44688e3f4b906cab6149931f37a0edcc26ba
06_UnityFramework/Assets/Art/HotUpdate/Sprites/texture/CashPlat/DANA__698f2880.png,9496,22647b5376ae942a0f4614ede23357ec3aa1dcaee976c9d0b5cb0abfac093573
06_UnityFramework/Assets/Art/HotUpdate/Sprites/texture/CashPlat/DANA__698f2880.png.meta,1153,23a52170b7b4aba594388207db83006d6f11581ced1f5ae3272938a16e6c954f
06_UnityFramework/Assets/Art/HotUpdate/Sprites/texture/CashPlat/GCash_1__40d4ea29.png,9914,7f9aefaf9522d9a0f5339149dafe471849f6a3e987dbeed169fc2f59f487c09e
06_UnityFramework/Assets/Art/HotUpdate/Sprites/texture/CashPlat/GCash_1__40d4ea29.png.meta,1153,2fc35da177dcfa3192ddd1a3d51f7cd4eba4d942891929aa693162cae1ba7025
06_UnityFramework/Assets/Art/HotUpdate/Sprites/texture/CashPlat/GCash_2__64061ae8.png,9745,e17a49e6bb6e1396ea867a4a62e0b9421c802a631309a2b1e84afbbef2bbd5a3
06_UnityFramework/Assets/Art/HotUpdate/Sprites/texture/CashPlat/GCash_2__64061ae8.png.meta,1153,bdd075b8063fa537fd07bd2cbd99465c6cc23352a72663444f62ee20eca47f2d
06_UnityFramework/Assets/Art/HotUpdate/Sprites/texture/CashPlat/GCash__9794bed5.png,6869,ad07ccd008070496bd2adb49722bb0f839d38aa8a176219e5396973aa6dceb04
06_UnityFramework/Assets/Art/HotUpdate/Sprites/texture/CashPlat/GCash__9794bed5.png.meta,1153,3cfde70485f3e6eb9a0a9b316d7d4c4ec23ace47d5844080233182da9226bdfa
06_UnityFramework/Assets/Art/HotUpdate/Sprites/texture/CashPlat/Graboay_1__1f05009d.png,8981,8214da9ab5248ff4d5fe25a50df8ac3adc2668d85f3a92e25d4ee70bd9910981
06_UnityFramework/Assets/Art/HotUpdate/Sprites/texture/CashPlat/Graboay_1__1f05009d.png.meta,1153,7fb5bf43dc7d1c23078146886a2f6f4d197f07aabe7a8ef11bfacab40e93290f
06_UnityFramework/Assets/Art/HotUpdate/Sprites/texture/CashPlat/Graboay_2__92d78116.png,8874,416d2d03c150a2eab66c5860ffd6a139c785d41393bf71a23c26716caf6d577b
06_UnityFramework/Assets/Art/HotUpdate/Sprites/texture/CashPlat/Graboay_2__92d78116.png.meta,1153,91c31b3d0ed31232b4d86b89192b05f1d01142d4bdca07816f237a93ba117c70
06_UnityFramework/Assets/Art/HotUpdate/Sprites/texture/CashPlat/Graboay__6091c02f.png,7027,35efbe29477647ba592f93cb611a15cc29dbb6bfa7f3a16eea48c6f5a13428e6
06_UnityFramework/Assets/Art/HotUpdate/Sprites/texture/CashPlat/Graboay__6091c02f.png.meta,1153,84075d1961f66585c5ff8bcf9ee6bcdbcf9fb33917369778b6209bc2bb504b6a
06_UnityFramework/Assets/Art/HotUpdate/Sprites/texture/CashPlat/OVO_1__4acb0f0e.png,12213,26ac619f89eb6e007014d5cc60f5bb45022d5d46e6d0f7857decd254e6cf75da
06_UnityFramework/Assets/Art/HotUpdate/Sprites/texture/CashPlat/OVO_1__4acb0f0e.png.meta,1153,59a76558261af79851af8bd09a215db180c3f920fd51b6d2eb2a1f1a1078cdce
06_UnityFramework/Assets/Art/HotUpdate/Sprites/texture/CashPlat/OVO_2__a8d97225.png,12679,5cf01c01b57fef8e82bcbdbe3fb332275b975c2a221505e61d94d0d26b9977d6
06_UnityFramework/Assets/Art/HotUpdate/Sprites/texture/CashPlat/OVO_2__a8d97225.png.meta,1153,01f3aa3c80d74512707b1485604c0d058c10b1d86f0b59f4f9a9e4e90e35619f
06_UnityFramework/Assets/Art/HotUpdate/Sprites/texture/CashPlat/OVO__55cc7875.png,10163,cc0b2e4e162fb040e202f4b225010653973eda3a801e019c4c0b093cdf9c8262
06_UnityFramework/Assets/Art/HotUpdate/Sprites/texture/CashPlat/OVO__55cc7875.png.meta,1153,d0ff9ea0cb58a7bb4560526bdb4e0a5359f5b3575d1fefe22ac89b6658528e2a
06_UnityFramework/Assets/Art/HotUpdate/Sprites/texture/CashPlat/Pagbank_1__9c705677.png,10294,8e4c1a0d8c43b3e715321bd3547957437f82d85e4998d610c79e1f8ee3c80104
06_UnityFramework/Assets/Art/HotUpdate/Sprites/texture/CashPlat/Pagbank_1__9c705677.png.meta,1153,2599497c2a0c49c07621f9acd9cd18d664220ccab481f8457494abb4e0a9d7fe
06_UnityFramework/Assets/Art/HotUpdate/Sprites/texture/CashPlat/Pagbank_2__b17009a5.png,10068,fd23db5f7a3899113e6850cd46f86d5475f443fac202956193e4cd46eb3b0e54
06_UnityFramework/Assets/Art/HotUpdate/Sprites/texture/CashPlat/Pagbank_2__b17009a5.png.meta,1153,069ca14c1f20bbbb5293d85f5bffa02af27b5e2c5cd354e8cab8e74ca48950ef
06_UnityFramework/Assets/Art/HotUpdate/Sprites/texture/CashPlat/Pagbank__377973b1.png,8220,5e9482ba3557170928b87abd13092660bb6d150a626a5014b048f8c0a5f9a719
06_UnityFramework/Assets/Art/HotUpdate/Sprites/texture/CashPlat/Pagbank__377973b1.png.meta,1153,c271f29343aef769d7d497f4b08901d1c8f030e694f76bd5781d5344245f4958
06_UnityFramework/Assets/Art/HotUpdate/Sprites/texture/CashPlat/Paymaya_1__0e4ce643.png,6322,71a3d2e2147676285deb88bc80cb5112099d3170c153c731e58821464720e497
06_UnityFramework/Assets/Art/HotUpdate/Sprites/texture/CashPlat/Paymaya_1__0e4ce643.png.meta,1153,c51ea1d06f6a98f4bf06831fb9b146354e5a554046bf1540bfe5a658cede18d4
06_UnityFramework/Assets/Art/HotUpdate/Sprites/texture/CashPlat/Paymaya_2__b5ba64b9.png,11504,850e6f6c125e8e7d67491b2b0dffea91fb623eb6a56e06a810f04db55f096502
06_UnityFramework/Assets/Art/HotUpdate/Sprites/texture/CashPlat/Paymaya_2__b5ba64b9.png.meta,1153,5cb82ae52ad4b6748b32a54feda18b6037109d22366cea0454e23a3025ffd28d
06_UnityFramework/Assets/Art/HotUpdate/Sprites/texture/CashPlat/Paymaya__43c51b38.png,4934,d1415ff2738457a1e6e14ca2236e81d3d246a57713ab2f46d73dcc52bc0ef91b
06_UnityFramework/Assets/Art/HotUpdate/Sprites/texture/CashPlat/Paymaya__43c51b38.png.meta,1153,de797d0b64f5990372b47cdd6602fd403af1868993f9fd599aed18c7466e04f4
06_UnityFramework/Assets/Art/HotUpdate/Sprites/texture/CashPlat/PayPal_1__2a453ae1.png,5154,ca30794cfd86e0be712f010f2bceffd0a2b5351703da4ff1b12b986add40bd07
06_UnityFramework/Assets/Art/HotUpdate/Sprites/texture/CashPlat/PayPal_1__2a453ae1.png.meta,1153,a0cf6be14139413c09cb43e970f3d0ab85bd4701268367f999ea3f2e979a582b
06_UnityFramework/Assets/Art/HotUpdate/Sprites/texture/CashPlat/PayPal_2__670f5856.png,8438,4ef409d04e97eba70c68bdd0c8189d33b479d5a0b333640f8710fa7e4468d759
06_UnityFramework/Assets/Art/HotUpdate/Sprites/texture/CashPlat/PayPal_2__670f5856.png.meta,1153,b6e8290e8edbb9ac1c3fbc49fe568da297c47dc4bec0705e7e845cfc8766db62
06_UnityFramework/Assets/Art/HotUpdate/Sprites/texture/CashPlat/PayPal__b7533d81.png,4334,08f96da4bf213ba639049ea53028e0de39e6c235bfe963c8474ba2331d1b6978
06_UnityFramework/Assets/Art/HotUpdate/Sprites/texture/CashPlat/PayPal__b7533d81.png.meta,1153,b95f592f5e29969b22196942f6029ef6d44ae5b26f5ef5aa573a9e9557802ab5
06_UnityFramework/Assets/Art/HotUpdate/Sprites/texture/CashPlat/PIX_1__668866c3.png,3628,f64b05f2d00cfd5e9c3aa3074caed50666b33fd79d4cdeae4a857c8610014731
06_UnityFramework/Assets/Art/HotUpdate/Sprites/texture/CashPlat/PIX_1__668866c3.png.meta,1153,2f21d4677fc3ea76ad8f26bfebc9c24e3c30a522a1e0a1e204bf018737cf973d
06_UnityFramework/Assets/Art/HotUpdate/Sprites/texture/CashPlat/PIX_2__256a3042.png,3940,840ddc24a4bec9c75b0e826050f19a37c02d5740518a63510c29b13caa4b761f
06_UnityFramework/Assets/Art/HotUpdate/Sprites/texture/CashPlat/PIX_2__256a3042.png.meta,1153,4aad3abb668231b362b586c144155428a40153094c18d24de9801259f902479c
06_UnityFramework/Assets/Art/HotUpdate/Sprites/texture/CashPlat/PIX__0e412bdb.png,3972,c0c7e19f81e3247d1c7b08fc1dd955e6fd4d8657e95e0fbaeddd00304c39ce97
06_UnityFramework/Assets/Art/HotUpdate/Sprites/texture/CashPlat/PIX__0e412bdb.png.meta,1153,7a1181470d9e66303b2ee1d584f52c767d5fb06829b4db2459673d6af317c38a
06_UnityFramework/Assets/Art/HotUpdate/Sprites/texture/CashPlat/TNG_1__4c44e139.png,6275,b2cf9dba9a382aa5bfbc2bceb8db289a63d8440d6375d5b7e5bb19cb364d72fb
06_UnityFramework/Assets/Art/HotUpdate/Sprites/texture/CashPlat/TNG_1__4c44e139.png.meta,1153,c0972e94b236c1e84dde816fedcfcb370646003e29ca73f6879e1fb4d51ac00e
06_UnityFramework/Assets/Art/HotUpdate/Sprites/texture/CashPlat/TNG_2__0dcb2924.png,6427,153a60a0227aad9d8e3557617c1e4f543d51d7e2d8d643d132431ede73bebda0
06_UnityFramework/Assets/Art/HotUpdate/Sprites/texture/CashPlat/TNG_2__0dcb2924.png.meta,1153,59cab0e0093c60c31fbfbe1c4ac53f1a020f1790a706a214970793e9a3d50764
06_UnityFramework/Assets/Art/HotUpdate/Sprites/texture/CashPlat/TNG__1ff5a8ff.png,6771,5f95bdc9cede693f11d6368c9edb50f4d97ee0f55a0571f0bc47ad7527cdbed5
06_UnityFramework/Assets/Art/HotUpdate/Sprites/texture/CashPlat/TNG__1ff5a8ff.png.meta,1153,b0d2f87324ab210950468e2043fda8837d1c59f1253449ed1e239b21b13c5e28
06_UnityFramework/Assets/Art/HotUpdate/Sprites/texture/CashPlat/Truemoney_1__d7c18b35.png,5106,ba62a072ee98d7c148a7111fc7b3e6dabecfec6343fb1d23110a94e211b74ac2
06_UnityFramework/Assets/Art/HotUpdate/Sprites/texture/CashPlat/Truemoney_1__d7c18b35.png.meta,1153,8269af3ac926c8b57e464dc78c5183e4d06e690a4c604f9db25d23de909a231a
06_UnityFramework/Assets/Art/HotUpdate/Sprites/texture/CashPlat/Truemoney_2__b6886899.png,8337,7989254ab0655b1a48af117a6e2edbe4624847deb1bea115de39e6c14cd6b6fb
06_UnityFramework/Assets/Art/HotUpdate/Sprites/texture/CashPlat/Truemoney_2__b6886899.png.meta,1153,5a4e02077d99398a8010168b4bf74b13a01e3c2f99844cfb5d291bc979959d83
06_UnityFramework/Assets/Art/HotUpdate/Sprites/texture/CashPlat/Truemoney__db04e71c.png,4903,7588932accf3b02ba7b8493bee738f32ef0de7f9a116968407e7faaf27fdb993
06_UnityFramework/Assets/Art/HotUpdate/Sprites/texture/CashPlat/Truemoney__db04e71c.png.meta,1153,7eeed79134532e28b1b7005c921af1967b3da47abd3e3c549901384a32880ab8
06_UnityFramework/Assets/Art/HotUpdate/Sprites/texture/CashPlat/ZaloPay_1__abd30034.png,5024,0e40c6a4ea6e8e0d837fa5514b71d86d9b91fbc7f9a588f228b6461fddea8834
06_UnityFramework/Assets/Art/HotUpdate/Sprites/texture/CashPlat/ZaloPay_1__abd30034.png.meta,1153,b44c985b2f800cdbf694c4b8a973a82ceb9ad87ab8af49e961c70400a49a96e2
06_UnityFramework/Assets/Art/HotUpdate/Sprites/texture/CashPlat/ZaloPay_2__85709379.png,4614,b56ee242208b92b7ba1324422be7162464a27855374da3646e614413b0d023b0
06_UnityFramework/Assets/Art/HotUpdate/Sprites/texture/CashPlat/ZaloPay_2__85709379.png.meta,1153,7bcc1ae5fd04099831e19a3c83a89c94cd103a3b5dc73f7c00fea54a6d308114
06_UnityFramework/Assets/Art/HotUpdate/Sprites/texture/CashPlat/ZaloPay__97ea5f30.png,4930,0480198250f6f6504d4ed573afaa0b3f2b2dab934f138f555fcd62d8c4c3e49b
06_UnityFramework/Assets/Art/HotUpdate/Sprites/texture/CashPlat/ZaloPay__97ea5f30.png.meta,1153,6224c7b35dd1ba36ced6daced0a8338a62c39aeb9513c67538c369cc3f44e485
06_UnityFramework/Assets/Art/HotUpdate/Sprites/texture/coin1/0__9a3e5b4a.png,12656,bff82813e258dfd35d1c86b1ffe850d8eaea5a108594b1e4683973c9b334469a
06_UnityFramework/Assets/Art/HotUpdate/Sprites/texture/coin1/0__9a3e5b4a.png.meta,1153,3b6ebcabd0d1743613979841c5024c6aed56beedaba79b3c244f5e1b875bc401
06_UnityFramework/Assets/Art/HotUpdate/Sprites/texture/coin1/10__d23df686.png,11950,8d1ad6191c3cc46f38bbfaffc1f794283cf61102414f76ce1411dd040f2b847f
06_UnityFramework/Assets/Art/HotUpdate/Sprites/texture/coin1/10__d23df686.png.meta,1153,4e0b1de929472b8a51b925a868645a92b4c166f8ff373fe4836f79efc6ea11b2
06_UnityFramework/Assets/Art/HotUpdate/Sprites/texture/coin1/11__777a2afd.png,12171,02671dd867fdf297ec8f94edb0231eb656b47060a3da7d963d51a9deb9fadda9
06_UnityFramework/Assets/Art/HotUpdate/Sprites/texture/coin1/11__777a2afd.png.meta,1153,2bc139ad46e2500ee0c8daf44eb854e8c10a445ccdcd40dfbb58e83f9fa571bc
06_UnityFramework/Assets/Art/HotUpdate/Sprites/texture/coin1/12__72f29b23.png,12585,dce529332d6aaba616957210dcf78c4264f85017d3a16fd110b4a4a5afefdd48
06_UnityFramework/Assets/Art/HotUpdate/Sprites/texture/coin1/12__72f29b23.png.meta,1153,bce0d07ff9e0d88729155aa1e316ba6ee15b3c2488a1028dcdfb5a1df0e3936a
06_UnityFramework/Assets/Art/HotUpdate/Sprites/texture/coin1/13__030e29d1.png,12908,8dbeed82811427832270aa0954071e0a44239c691a83b70b07e958cefdb68303
06_UnityFramework/Assets/Art/HotUpdate/Sprites/texture/coin1/13__030e29d1.png.meta,1153,fd7a99236135b6b9c8d0716eb97ab10439f252136bf4800e10e197975aaf8e4a
06_UnityFramework/Assets/Art/HotUpdate/Sprites/texture/coin1/14__ab02ca60.png,12155,b181a552000fb3cda4c0f139ce57e96777023a9725f25ab3654689ed573d317c
06_UnityFramework/Assets/Art/HotUpdate/Sprites/texture/coin1/14__ab02ca60.png.meta,1153,e6233a1da6c717ab97e3ec6fbc674be6debbd2027acb2fd017f0ab5c962c1bbb
06_UnityFramework/Assets/Art/HotUpdate/Sprites/texture/coin1/15__1128dd07.png,13041,41c3560f9af4b8c08dc3f1b34cd1028fc58722c7ce15e56c782328750224791d
06_UnityFramework/Assets/Art/HotUpdate/Sprites/texture/coin1/15__1128dd07.png.meta,1153,c145022539a1bb2963848acaadb9ad8a0dd5979ee0ada06448b0c2ae3b918f2f
06_UnityFramework/Assets/Art/HotUpdate/Sprites/texture/coin1/16__eaecd00a.png,11599,17ede1c0980de2ca41921cd6dc9b182f0a101568bcbc4bd4160c7b0e868c33ce
06_UnityFramework/Assets/Art/HotUpdate/Sprites/texture/coin1/16__eaecd00a.png.meta,1153,a58de47f1214c29f1b2032e0cc8901d92bbc86cccfbaed5d8c9280f557f92272
06_UnityFramework/Assets/Art/HotUpdate/Sprites/texture/coin1/17__60db266d.png,12697,22fba31de88e3727d9fa74d3ae25d92901affe232a465d78f3a48c789a38da98
06_UnityFramework/Assets/Art/HotUpdate/Sprites/texture/coin1/17__60db266d.png.meta,1153,6a7898907228a345b977821d237f4290eee199685b337b6bac18520fff2f1388
06_UnityFramework/Assets/Art/HotUpdate/Sprites/texture/coin1/18__dc5ae5d1.png,12631,fc68115888fd37fcefe3e7f92c8d991fba01317c5a754d1d7082764920a6e34c
06_UnityFramework/Assets/Art/HotUpdate/Sprites/texture/coin1/18__dc5ae5d1.png.meta,1153,d1dfec37e6aa8a5ab61fb2c8f365926712cdff18a446931926f3efe8f8d85e99
06_UnityFramework/Assets/Art/HotUpdate/Sprites/texture/coin1/19__174415aa.png,13147,ff53416d67f43f6aba8c6a4529c5a7f58d26a6d6ad3fb18a492d8f1b316bd67d
06_UnityFramework/Assets/Art/HotUpdate/Sprites/texture/coin1/19__174415aa.png.meta,1153,5c35ee03ee563af40fd57755fa728ef73cb235e2a0af28b87240629ac6a1941a
06_UnityFramework/Assets/Art/HotUpdate/Sprites/texture/coin1/1__fd275d3f.png,14186,667fd7efce57fb0a402225bc045b4b89598674352a81d9dc8f9f14544a80b69d
06_UnityFramework/Assets/Art/HotUpdate/Sprites/texture/coin1/1__fd275d3f.png.meta,1153,af4b9a76a2a7be1f56c99bd871dc0696324a86702feb6f3ff65c8cac4909d5b6
06_UnityFramework/Assets/Art/HotUpdate/Sprites/texture/coin1/20__6293e35b.png,12588,afb9ac8d2e7a4aec0c1d00f7f2c012412131c4b660a164e5941862e64cac9640
06_UnityFramework/Assets/Art/HotUpdate/Sprites/texture/coin1/20__6293e35b.png.meta,1153,6ca2f2052854d7b38c6d7ff790e08eacae3339619ca31b94d844af9121c67966
06_UnityFramework/Assets/Art/HotUpdate/Sprites/texture/coin1/21__05fd460f.png,12397,ac11f5f555113e0aebdf51bd1a0b73529367c508ec4d5de8b8173d332e66bdd0
06_UnityFramework/Assets/Art/HotUpdate/Sprites/texture/coin1/21__05fd460f.png.meta,1153,ab3fd14f31938c8e2324754831227b8d04ff8c4dc09737b781a728cf13d4ecdb
06_UnityFramework/Assets/Art/HotUpdate/Sprites/texture/coin1/22__faef2749.png,11923,46385bc3c51c1997ac846c433b81fac5711b6c112bde9ee54ae0274c9acb4456
06_UnityFramework/Assets/Art/HotUpdate/Sprites/texture/coin1/22__faef2749.png.meta,1153,2c066de7950e30f7ae47d728a3f482ac250a3015ddece7270034608b2e000c69
06_UnityFramework/Assets/Art/HotUpdate/Sprites/texture/coin1/23__bca1aeba.png,12384,d96f3f3a23f7facc5a027274edb8712c242e3f3fbfe2b6147db3bd244de6ada1
06_UnityFramework/Assets/Art/HotUpdate/Sprites/texture/coin1/23__bca1aeba.png.meta,1153,2c0c76d7424a0b240b4c1cbb7ae5115d2627a347e9713d0ec8234da5faaaf4bb
06_UnityFramework/Assets/Art/HotUpdate/Sprites/texture/coin1/24__715b5ba4.png,11280,49636d90507c20bdd1c20d67907022cc85476f7ead6419bf1d1db4186c58a30a
06_UnityFramework/Assets/Art/HotUpdate/Sprites/texture/coin1/24__715b5ba4.png.meta,1153,1203669e6524125c875eb557f1b3de63a161b51a35838d4c6712336c6f32788b
06_UnityFramework/Assets/Art/HotUpdate/Sprites/texture/coin1/25__5e6f4801.png,12009,50118bcfaecffbbd3ae69de29ac0cf37d6d7343bcec880f0ac57f44f8fa5cfbb
06_UnityFramework/Assets/Art/HotUpdate/Sprites/texture/coin1/25__5e6f4801.png.meta,1153,631149dc4c7e1a7af08e9968f04e8351c26226f6a79415b8b3da2ba42be56088
06_UnityFramework/Assets/Art/HotUpdate/Sprites/texture/coin1/26__b849ea33.png,14270,7f0538e95c252096e373557760ad8046a407e266f4694a01b009083ca1cb1ecc
06_UnityFramework/Assets/Art/HotUpdate/Sprites/texture/coin1/26__b849ea33.png.meta,1153,93d7abbdd79c9da9a1ed0bf24bd865e2c392e490f71d4f4e4c229aa3f968967f
06_UnityFramework/Assets/Art/HotUpdate/Sprites/texture/coin1/27__9748eca2.png,11611,5dfd60195cd88e1110a896c1d29e627802c14feed5e4071685041d2b14fe8d8e
06_UnityFramework/Assets/Art/HotUpdate/Sprites/texture/coin1/27__9748eca2.png.meta,1153,724d8a26a9c80d88bb9bc19feeb798cdfba8b44e71edfdf45b6153c154da0fee
06_UnityFramework/Assets/Art/HotUpdate/Sprites/texture/coin1/28__ab3878e1.png,11611,8243477086394d30107209f623f479c962aca5fdc0578663362ad0fd713c29fc
06_UnityFramework/Assets/Art/HotUpdate/Sprites/texture/coin1/28__ab3878e1.png.meta,1153,73de769d228745721fff9149e7d4b3556fca3fefda49c6ae9113f8b93df844b9
06_UnityFramework/Assets/Art/HotUpdate/Sprites/texture/coin1/29__cd241e5f.png,14376,f06e7127a765d6cf4b8ccb2fd3386ed80d98301c411682f8b300a662cba67df3
06_UnityFramework/Assets/Art/HotUpdate/Sprites/texture/coin1/29__cd241e5f.png.meta,1153,6b7a02dbdd2c0f8c028791ae7693c44da1db7e9256da54a02ae0e71ec398fba7
06_UnityFramework/Assets/Art/HotUpdate/Sprites/texture/coin1/2__0d3df2f1.png,15135,aeb480ba01e39d7708c4ae9dab95eda6634a69ca1dd0b2c6bc8469052edbf4f0
06_UnityFramework/Assets/Art/HotUpdate/Sprites/texture/coin1/2__0d3df2f1.png.meta,1153,33f1111e453e32348f175342b0ea506244135b9430de85f41dbc8cbd1963017a
06_UnityFramework/Assets/Art/HotUpdate/Sprites/texture/coin1/30__6cde03c1.png,13121,5f35035cbf358f5cb95a1d40798ab62d0ee1a8cbb4f78aa94a4726933925b010
06_UnityFramework/Assets/Art/HotUpdate/Sprites/texture/coin1/30__6cde03c1.png.meta,1153,c1082f0c789571523e19d9a50cf97d2106b53c45d9ec6cf62338ec7214644e11
06_UnityFramework/Assets/Art/HotUpdate/Sprites/texture/coin1/31__c09f78e4.png,11721,ea2779b7b7d12306ce338e5059daac144aba42157c830f3ff3bd23e4bd73377b
06_UnityFramework/Assets/Art/HotUpdate/Sprites/texture/coin1/31__c09f78e4.png.meta,1153,fc3bed1c75db9caa50122f3f50d026e1023739b46fc9dbaf9cdb6b87145f87f6
06_UnityFramework/Assets/Art/HotUpdate/Sprites/texture/coin1/32__28e38d7b.png,11000,55c15b4b1bf9c841b5a52ee379d47f1742897944b7c45ff3717bc3df61d6556a
06_UnityFramework/Assets/Art/HotUpdate/Sprites/texture/coin1/32__28e38d7b.png.meta,1153,4c8451eac7769cc00b317d962c0467f10925eb34e8c6e6fb298743fdbfa3f34d
06_UnityFramework/Assets/Art/HotUpdate/Sprites/texture/coin1/34__28f2d3c4.png,11766,1c0786d5e9ff2e1d3efb0899d18b2b3c557c63845556f5de1316966b2829e6e0
06_UnityFramework/Assets/Art/HotUpdate/Sprites/texture/coin1/34__28f2d3c4.png.meta,1153,6c113c59c5ff56625f20407814264e7c518bb2fb64658611e402dc74f3ffba52
06_UnityFramework/Assets/Art/HotUpdate/Sprites/texture/coin1/35__0a37e04e.png,11103,3fbb7e4bf40ee1192a733957f4c6a2bd6c2b94c88de8a874f3f2cf068bc65aea
06_UnityFramework/Assets/Art/HotUpdate/Sprites/texture/coin1/35__0a37e04e.png.meta,1153,fbac5fa6222badb64b76933da467f25646b1597b0d14538430afb3cc2c63f6c8
06_UnityFramework/Assets/Art/HotUpdate/Sprites/texture/coin1/36__cdf8a7f5.png,13041,41c3560f9af4b8c08dc3f1b34cd1028fc58722c7ce15e56c782328750224791d
06_UnityFramework/Assets/Art/HotUpdate/Sprites/texture/coin1/36__cdf8a7f5.png.meta,1153,b8b7d0060af25cf912cf64e5ca1fe6aa86cf5dfbceb1780d6d2780b75bf89d9e
06_UnityFramework/Assets/Art/HotUpdate/Sprites/texture/coin1/3__392b04ed.png,14140,132cdace88074f61b575a798c65be56867a9f10d33b32b0578dcb804e5750b08
06_UnityFramework/Assets/Art/HotUpdate/Sprites/texture/coin1/3__392b04ed.png.meta,1153,028acca19cb37416646944fb4c2569f05487f91b868373ff838efdbe4a684997
06_UnityFramework/Assets/Art/HotUpdate/Sprites/texture/coin1/4__8b810e6b.png,12891,740188dc3d54bac39ff8295539087179bb7a790a8e524aa6de41717260b130ef
06_UnityFramework/Assets/Art/HotUpdate/Sprites/texture/coin1/4__8b810e6b.png.meta,1153,9602aff275234cf8f29260c04792207a45017a7f760f82fb197a546093172ff6
06_UnityFramework/Assets/Art/HotUpdate/Sprites/texture/coin1/5__88946f5e.png,13020,559dc3ae5c02b281023837bae4ae5d44ee2c077bb108cfee41f3862b14cfbe44
06_UnityFramework/Assets/Art/HotUpdate/Sprites/texture/coin1/5__88946f5e.png.meta,1153,2e79cf8752926d1ec5e53a992f725dbabe7e36dba16182d3d6cd4fadb8f1c43c
06_UnityFramework/Assets/Art/HotUpdate/Sprites/texture/coin1/6__0775da32.png,14375,cfbd7a059bd4ae628cd081db6d4b506971d9e534a681fcf582b741f46094cfb9
06_UnityFramework/Assets/Art/HotUpdate/Sprites/texture/coin1/6__0775da32.png.meta,1153,7ce2c8d85e58379b666d8d0896887beaa32ee64f60caed9520359141f2ee9c12
06_UnityFramework/Assets/Art/HotUpdate/Sprites/texture/coin1/7__a13448ee.png,13552,48c9c558bd2a88a1a7e044544480848afa02b262418c3197df6964e11501acec
06_UnityFramework/Assets/Art/HotUpdate/Sprites/texture/coin1/7__a13448ee.png.meta,1153,04bdff733da4b3c1bb4e5031d8f4a4f682eb4234e9dfe580cdf94d18ff8c7f2b
06_UnityFramework/Assets/Art/HotUpdate/Sprites/texture/coin1/8__5becb456.png,11994,4cf7ad69cdd661c263b8f0557b410043514a9ee8f08bf0910f4fab084a66d89f
06_UnityFramework/Assets/Art/HotUpdate/Sprites/texture/coin1/8__5becb456.png.meta,1153,94e3bcf77c153471309020350f4a6c04f5929e146788bfd0a132d421916c5ae7
06_UnityFramework/Assets/Art/HotUpdate/Sprites/texture/coin1/9__22bf6a78.png,13568,6e6d274c9f03be0268231a6a584b068480c71c2853e15b412a41cf398829baa7
06_UnityFramework/Assets/Art/HotUpdate/Sprites/texture/coin1/9__22bf6a78.png.meta,1153,3b5b63b45ea9f768d913d949245b446aa563270d85108d2fd5461ed5f531d3d8
06_UnityFramework/Assets/Art/HotUpdate/Sprites/texture/coin2/0__a36306c2.png,14382,4dd15e45c2f56127721c6ee0788e92b7654ea650e6e60addb7e7ad2d8fb10ebc
06_UnityFramework/Assets/Art/HotUpdate/Sprites/texture/coin2/0__a36306c2.png.meta,1153,88b9fb2c1346a56aac6581f35e5213ca84f24479f4e29fbb934ab4a73d8d05e6
06_UnityFramework/Assets/Art/HotUpdate/Sprites/texture/coin2/10__b53efe43.png,18192,7332c4e826f4c99793c0769391a2c73078f3c4121fe43076b34debf414affc3f
06_UnityFramework/Assets/Art/HotUpdate/Sprites/texture/coin2/10__b53efe43.png.meta,1153,b3d536d85539accb1ddb1bdac1cbb9deeb78739379e52cdecd258ce9d1624498
06_UnityFramework/Assets/Art/HotUpdate/Sprites/texture/coin2/11__0a242cf0.png,19462,fa3534b90bb9fb92491894b8a10076dc6c0a465c8db73e9e3f964c49102e2b8c
06_UnityFramework/Assets/Art/HotUpdate/Sprites/texture/coin2/11__0a242cf0.png.meta,1153,b0ec3a4c764d1c25c548fb514ef5295388044585338204ce2d6f20e69befdf86
06_UnityFramework/Assets/Art/HotUpdate/Sprites/texture/coin2/12__a5d2eda4.png,19927,6fedb0b5c8b3c76d576f1171267151e9dd4bf5581670bc17cbf7af850d040ad7
06_UnityFramework/Assets/Art/HotUpdate/Sprites/texture/coin2/12__a5d2eda4.png.meta,1153,0c3cffb4f8fe822c724b68b1efe8e346b99053411deb180d80c23b3a9ba2fe12
06_UnityFramework/Assets/Art/HotUpdate/Sprites/texture/coin2/13__22e21797.png,20429,4108e574e32c5f5260e84b5f62563009eb71c6f855284df9b1bdcf7058f193cb
06_UnityFramework/Assets/Art/HotUpdate/Sprites/texture/coin2/13__22e21797.png.meta,1153,52abfebe0bb0a5ed03f1aff7afaf1c0aa9d160f80a157de804193b8b06fc2595
06_UnityFramework/Assets/Art/HotUpdate/Sprites/texture/coin2/14__3f3a4e01.png,18869,dc0eedb1f8d575c950e8d1bbf909f6f1875bed031968379f1f40efb25719b4e8
06_UnityFramework/Assets/Art/HotUpdate/Sprites/texture/coin2/14__3f3a4e01.png.meta,1153,26ea8ecb049a24622bea3cbd115960ba2d8593885fb9aa486bae87130d09b807
06_UnityFramework/Assets/Art/HotUpdate/Sprites/texture/coin2/15__06c65f58.png,20244,5217f7a2e8f85b6a1f242ce46d55086b85e76bc51bc4240956b1177193ed3528
06_UnityFramework/Assets/Art/HotUpdate/Sprites/texture/coin2/15__06c65f58.png.meta,1153,c74dd553afcf84f9e124c1655bd509fb4defb9489400d42948a43bc7b1cd4447
06_UnityFramework/Assets/Art/HotUpdate/Sprites/texture/coin2/16__d462ef0e.png,18507,45055d535f178165443fd1d39074bf94c3c3f0992a0a0152603d08e69414655c
06_UnityFramework/Assets/Art/HotUpdate/Sprites/texture/coin2/16__d462ef0e.png.meta,1153,684cfa2d6fde091a72ae78e96bfad1eb2369e15e53cdb1cb1f57602cc59f8a19
06_UnityFramework/Assets/Art/HotUpdate/Sprites/texture/coin2/17__715cbe8c.png,20451,a8e7f4255328f61a62fed2fb877205165756bd29078bc298d96aeb411a9d03e1
06_UnityFramework/Assets/Art/HotUpdate/Sprites/texture/coin2/17__715cbe8c.png.meta,1153,f8e44b5a4d2f4618b908258e1cc54d67fc469020c46b51adf59b1d19f47060dc
06_UnityFramework/Assets/Art/HotUpdate/Sprites/texture/coin2/18__8040c24a.png,19910,83fbbd8170cd58bfbeba465f474f7d504122e12be9452a2b47ab178d294a8b8b
06_UnityFramework/Assets/Art/HotUpdate/Sprites/texture/coin2/18__8040c24a.png.meta,1153,8c9a14c3935238c4dec686d68e2bf66626788c6dc08e71500de43fab2c8886e3
06_UnityFramework/Assets/Art/HotUpdate/Sprites/texture/coin2/19__858ca62a.png,20227,79062d439c193dd1c1a78f6309efc785670d07c7f6302ffa8e6ff7b0e760142b
06_UnityFramework/Assets/Art/HotUpdate/Sprites/texture/coin2/19__858ca62a.png.meta,1153,367600c3fb1122028a8ef10a9e979d2f31366fca6f52f042ba2186f927b955b7
06_UnityFramework/Assets/Art/HotUpdate/Sprites/texture/coin2/1__6a870d74.png,19994,71a9f5449554970e5b20685abbcb158f1468226eaf830fb414e8028c391b1b24
06_UnityFramework/Assets/Art/HotUpdate/Sprites/texture/coin2/1__6a870d74.png.meta,1153,17379072c903a5bafcebffb34dd8ee762a54de23d7bc22395b46dc2c62044d7e
06_UnityFramework/Assets/Art/HotUpdate/Sprites/texture/coin2/20__5a3ef3a6.png,20315,26de7724b33d0efc0b382b8ccc7292c90d61aafefb4e5479afc967e984037b0b
06_UnityFramework/Assets/Art/HotUpdate/Sprites/texture/coin2/20__5a3ef3a6.png.meta,1153,18dda38c7ba584ca66df6dda0e8831c09293ba1da7c6259e45a181739da43ea6
06_UnityFramework/Assets/Art/HotUpdate/Sprites/texture/coin2/21__85928628.png,19419,b00b75913b08a9909121269a197074130f8e79182a921ef774087a66e9b0febb
06_UnityFramework/Assets/Art/HotUpdate/Sprites/texture/coin2/21__85928628.png.meta,1153,2b701dcdb7bb6440f34a1e6fbc697860521038b51ce40d2bec712f35c8eeadb6
06_UnityFramework/Assets/Art/HotUpdate/Sprites/texture/coin2/22__ba87cb10.png,19143,bff050e219e0f7dafc1a7341ed2afa0954152e571ccff80163e2a7f3ec908011
06_UnityFramework/Assets/Art/HotUpdate/Sprites/texture/coin2/22__ba87cb10.png.meta,1153,d68b82f1c76301c1703658459954639768e7128c267ab94377a3b1721c06487f
06_UnityFramework/Assets/Art/HotUpdate/Sprites/texture/coin2/23__2d5526e4.png,18612,c447603d8acd9bd8eed06e89bad59fa669ad37813b7290e36df8a14f66c764ee
06_UnityFramework/Assets/Art/HotUpdate/Sprites/texture/coin2/23__2d5526e4.png.meta,1153,cc9e91a37fb83dc484282accf8f142554478eef4c20963da8f010a5fc29facd4
06_UnityFramework/Assets/Art/HotUpdate/Sprites/texture/coin2/24__30403932.png,13470,7ffb093c4c87bb4e5a88e882c82016837c8559194eef7301ead64f3497e9e82a
06_UnityFramework/Assets/Art/HotUpdate/Sprites/texture/coin2/24__30403932.png.meta,1153,3bd3250b910d61b3292a95240c55d87ce908f72400e97904fc960ec59d1f2f5b
06_UnityFramework/Assets/Art/HotUpdate/Sprites/texture/coin2/25__11731d9b.png,12585,cc5467e6ffeae00259ba4e5ebcd9930ff9ef12cbb753353a9b50a3c4d773279c
06_UnityFramework/Assets/Art/HotUpdate/Sprites/texture/coin2/25__11731d9b.png.meta,1153,9b1176aff565206c12a3b9d896f2487e3d559aa62cb75313f0f2fdc415964614
06_UnityFramework/Assets/Art/HotUpdate/Sprites/texture/coin2/26__dd9b8469.png,16749,839391cde7ce8589db327983078048cb35e2214fb7a066f2ecec51cc047206b3
06_UnityFramework/Assets/Art/HotUpdate/Sprites/texture/coin2/26__dd9b8469.png.meta,1153,0e52450d6645b31c2fcf361ccd061a71071a388e9eec622ce86cfe42efa1f702
06_UnityFramework/Assets/Art/HotUpdate/Sprites/texture/coin2/27__c214bd81.png,15367,a1fb028a16ca8f8c5598544f8b6f7c5be1d19f26e3e7edd399434817f5162519
06_UnityFramework/Assets/Art/HotUpdate/Sprites/texture/coin2/27__c214bd81.png.meta,1153,500fa2b39bba84333a7580cc7c1673e8c9f6f403ac2055c792761a84e82c19c7
06_UnityFramework/Assets/Art/HotUpdate/Sprites/texture/coin2/28__7c753772.png,15498,5967a43f20bd7c0a507d071010f876fe3057b932330e801c427409e5c418836d
06_UnityFramework/Assets/Art/HotUpdate/Sprites/texture/coin2/28__7c753772.png.meta,1153,d4a414c649fee54cb383efd374dd1351d6c9a8ecb82209ef961c8fd2c11756b8
06_UnityFramework/Assets/Art/HotUpdate/Sprites/texture/coin2/29__2aa7ae77.png,16824,4e39a6eae87b2b4fef3e5050bfbac76ded3af1c1ffac8c2b91b6bd2556f99ddc
06_UnityFramework/Assets/Art/HotUpdate/Sprites/texture/coin2/29__2aa7ae77.png.meta,1153,076658aa78caab524768f2b099bcf7de0f49422f5f10e08d61967583e0078bfd
06_UnityFramework/Assets/Art/HotUpdate/Sprites/texture/coin2/2__f5c8858a.png,19624,f3bd5525f508f29a1d183e5e4de6627d074cd6fd0170ee2eb081799e6825adeb
06_UnityFramework/Assets/Art/HotUpdate/Sprites/texture/coin2/2__f5c8858a.png.meta,1153,151147b24ff68ede641f62affbf2e597387664f94a7469300818ee2e5c1bc3b0
06_UnityFramework/Assets/Art/HotUpdate/Sprites/texture/coin2/30__bc6791ed.png,16641,e839417421a782dc0bcf8e3b0d8ce7f3ff120ec2d1bfddb6148855252331ed60
06_UnityFramework/Assets/Art/HotUpdate/Sprites/texture/coin2/30__bc6791ed.png.meta,1153,8c0ffbd99c2de456ff64260b7e685117a13e1c58b8dfdd35db2bcbdf23115763
06_UnityFramework/Assets/Art/HotUpdate/Sprites/texture/coin2/31__25d357f2.png,18515,35b7c61be5414a85582a73116477130ee3dd20cd560f04c1e847cdc1f0d6ac4b
06_UnityFramework/Assets/Art/HotUpdate/Sprites/texture/coin2/31__25d357f2.png.meta,1153,f1d3981342654df4c465f15f8da8fee89264dcf850dd343937a4ff4b76ebe923
06_UnityFramework/Assets/Art/HotUpdate/Sprites/texture/coin2/32__31dcc6cc.png,17710,79e2e7ad27ece19660a0401b2354f1789db26456a9fbf37f8f4d59567244a8fe
06_UnityFramework/Assets/Art/HotUpdate/Sprites/texture/coin2/32__31dcc6cc.png.meta,1153,ba7f49100cc18be0eee10ae60845ffbf8272f95745f3f7254b0ccbb6be1d9b23
06_UnityFramework/Assets/Art/HotUpdate/Sprites/texture/coin2/3__6ded56e0.png,16581,242151615c86f4f3a9969a7d2e02df37ba12a2e60ea16336f79110b686507209
06_UnityFramework/Assets/Art/HotUpdate/Sprites/texture/coin2/3__6ded56e0.png.meta,1153,de9499eca74feeababb9101cfba48b3dcb93aa7231b4d82504e8dcc25a3ad78c
06_UnityFramework/Assets/Art/HotUpdate/Sprites/texture/coin2/4__5e4993ed.png,19181,2a86237c579488ac6612539769ab9fd942492173bd31deef89461abaf6f168d9
06_UnityFramework/Assets/Art/HotUpdate/Sprites/texture/coin2/4__5e4993ed.png.meta,1153,2b48441d98572f5c8876abb6059897bf46756ccb353a6cf72ce9f83d752f63f1
06_UnityFramework/Assets/Art/HotUpdate/Sprites/texture/coin2/5__d878f612.png,14567,b03a459d05f4952f6793dfea634ca3a0a3ef91243ce1a0e30f231f05e0b1a28b
06_UnityFramework/Assets/Art/HotUpdate/Sprites/texture/coin2/5__d878f612.png.meta,1153,b8be32cd867cbd00edf48f76f934e84f49be07b27307bcbd0cb7dfd7bd4782bd
06_UnityFramework/Assets/Art/HotUpdate/Sprites/texture/coin2/6__204c7531.png,16664,9f39df8167daeeb3e106d04504214f637a93d701a959a53a5478836ca1332f3a
06_UnityFramework/Assets/Art/HotUpdate/Sprites/texture/coin2/6__204c7531.png.meta,1153,f87386396a333c70b4119be56f5986cfdfc680334c96dfe239ba861f1bbc32ad
06_UnityFramework/Assets/Art/HotUpdate/Sprites/texture/coin2/7__0f84349c.png,20109,c0a8246cb3790412ec0ba1fd20c58d7e8ade33ea9895480c3d1d8c58805c2e2e
06_UnityFramework/Assets/Art/HotUpdate/Sprites/texture/coin2/7__0f84349c.png.meta,1153,ea7262d60198a0163019567f27d15b45281dabfbfcb1e6cd9a5e078646e4f9cb
06_UnityFramework/Assets/Art/HotUpdate/Sprites/texture/coin2/8__2b6f8e1f.png,18944,e742eb12a0f37996e40086ae947fe4aa3c3a10403c361c16d1723ee75747f32c
06_UnityFramework/Assets/Art/HotUpdate/Sprites/texture/coin2/8__2b6f8e1f.png.meta,1153,cef44ebd2d3e69dbd2e5bd482ee3fdbe6e877800e6a8ce8d9971828ba105bc23
06_UnityFramework/Assets/Art/HotUpdate/Sprites/texture/coin2/9__bc77f079.png,18431,d7041ab87a833b40d09e9808da3c7d7000289e38eb4836a65f4d057da0ee6d25
06_UnityFramework/Assets/Art/HotUpdate/Sprites/texture/coin2/9__bc77f079.png.meta,1153,33ac5e72b81b84de69e8c8a8e79cd5a7ba2630c5708cfd3362651b315584957a
06_UnityFramework/Assets/Art/HotUpdate/Sprites/texture/coin3/0__c720cde9.png,70744,f17211e99bed6cb62226e94ffc4d8b42503b0cae7e65303ffa2df3be000f4fbd
06_UnityFramework/Assets/Art/HotUpdate/Sprites/texture/coin3/0__c720cde9.png.meta,1153,c6af99824fd20838351f4cb46362834727306f3de87ff7166a8c088fbc9c31fe
06_UnityFramework/Assets/Art/HotUpdate/Sprites/texture/coin3/10__2ab8775f.png,31208,dfb24967e3341c2c02b8d326f24b0fdd10559241c14de160e140b632a9756535
06_UnityFramework/Assets/Art/HotUpdate/Sprites/texture/coin3/10__2ab8775f.png.meta,1153,273c7564704e0536c8732efc6aa52312016eb3c3737dc60d58f84b264bd01d69
06_UnityFramework/Assets/Art/HotUpdate/Sprites/texture/coin3/11__0f580ed0.png,32986,6528000619d9c4b76a3c52167a85abe201b31d559cb4ebe722ed46fa3d282868
06_UnityFramework/Assets/Art/HotUpdate/Sprites/texture/coin3/11__0f580ed0.png.meta,1153,53aa4257695fa04c6cc4efbb8165adf589165d0b237deedc31033885d9577492
06_UnityFramework/Assets/Art/HotUpdate/Sprites/texture/coin3/12__4b86257e.png,34532,ef9ea30200d386a6f7d1d66867317b6348295862781914f55b389dea37f7a49c
06_UnityFramework/Assets/Art/HotUpdate/Sprites/texture/coin3/12__4b86257e.png.meta,1153,0499bc5c3a5dd87b258e6ed2fbe6ab43e6cb16965407caee2c7bafda32d297f5
06_UnityFramework/Assets/Art/HotUpdate/Sprites/texture/coin3/13__e51ef2e7.png,31655,2eb9742f60160040b011e4c60dac2a4059c851d8b16e7dd96a5c37fabcc2a8c2
06_UnityFramework/Assets/Art/HotUpdate/Sprites/texture/coin3/13__e51ef2e7.png.meta,1153,1da1a1d4c6d315dba3bd2f94f8ef1368105d15b74bc42d30dfc5bac267d53234
06_UnityFramework/Assets/Art/HotUpdate/Sprites/texture/coin3/14__4c078731.png,31670,d3c3cd4d05e302d2bb0eeaf8b337a36bd932229e9076017772b9a05d0d38e867
06_UnityFramework/Assets/Art/HotUpdate/Sprites/texture/coin3/14__4c078731.png.meta,1153,dbb453b5eb4e34ad56cc61a250daa6070e93462b6d417ef0a357b970f05569c6
06_UnityFramework/Assets/Art/HotUpdate/Sprites/texture/coin3/15__5bc559b7.png,34967,4fb7ca5e343f7528cdb6757a73c3def91af986ba3abc8c380a8356857d624ba0
06_UnityFramework/Assets/Art/HotUpdate/Sprites/texture/coin3/15__5bc559b7.png.meta,1153,c062c18d483c938768d2c1ce5c2ac895c96c13ad94aa64b374ed7afb850a0d04
06_UnityFramework/Assets/Art/HotUpdate/Sprites/texture/coin3/16__77c9a2dc.png,32300,85f0de352f00103fe9aef8b35c3d4dbdb6567f44c11e0e77be5a9869e936140a
06_UnityFramework/Assets/Art/HotUpdate/Sprites/texture/coin3/16__77c9a2dc.png.meta,1153,6d992193accfac7f5651cf26c759c045e8ed57e0c47e494d2deb0c090e0a3691
06_UnityFramework/Assets/Art/HotUpdate/Sprites/texture/coin3/17__3b65d51e.png,31850,69caf4d0a165aa4c8cdccdf0dc258addd7ffebc1343a59ec6cea99e8d076a103
06_UnityFramework/Assets/Art/HotUpdate/Sprites/texture/coin3/17__3b65d51e.png.meta,1153,9e38d56fe81b9e2268455f9df798ed68fbd49eec383c28f08a1888ca3b0ad802
06_UnityFramework/Assets/Art/HotUpdate/Sprites/texture/coin3/18__abebc1f4.png,32529,efcffc5a5733fe61297730afe54fb3048113317af7d8a835b6410fe55c74909b
06_UnityFramework/Assets/Art/HotUpdate/Sprites/texture/coin3/18__abebc1f4.png.meta,1153,5c5e5659da3c6c72a721cb404c0ce590201bdf50a6fc1b7e1b78889476db1fe4
06_UnityFramework/Assets/Art/HotUpdate/Sprites/texture/coin3/19__657f993a.png,34801,f9522d8efeb35a722612fa5395c4386fdd159e15b06a17bb194f00a2a21d6499
06_UnityFramework/Assets/Art/HotUpdate/Sprites/texture/coin3/19__657f993a.png.meta,1153,c251312fdb446fd6df28412b04e9cb29d8be5c93fd1dd980b4979c18b5eebeb7
06_UnityFramework/Assets/Art/HotUpdate/Sprites/texture/coin3/1__4248892f.png,73538,ebee0837851c915cc2f001d9ba9f84137ab063c928656d2510ec203056891063
06_UnityFramework/Assets/Art/HotUpdate/Sprites/texture/coin3/1__4248892f.png.meta,1153,fedd88e8102a25f61f3ededbb0fa2490500301db5acb68cc79f5d0d2c3838c95
06_UnityFramework/Assets/Art/HotUpdate/Sprites/texture/coin3/20__f0c29e65.png,32885,63f1c7fbfb4fc16a63614e856a86ac71302ed77475f8b95b3e6dc5a709353d19
06_UnityFramework/Assets/Art/HotUpdate/Sprites/texture/coin3/20__f0c29e65.png.meta,1153,8fc53a35f757410cf5aeb4dee85e81482ffbaf9c5a060383fd4ac280036afe9e
06_UnityFramework/Assets/Art/HotUpdate/Sprites/texture/coin3/21__7f84677c.png,32511,f79ced11e21a3cd9b2e116c13f7a0bd54a0c70ced7d03ca432b22462e002f328
06_UnityFramework/Assets/Art/HotUpdate/Sprites/texture/coin3/21__7f84677c.png.meta,1153,53faade16cbf747ab5a2b0ace3632df1abf494c796e0d54d0efe3501956bad8c
06_UnityFramework/Assets/Art/HotUpdate/Sprites/texture/coin3/22__55a63745.png,32880,cdf4e1c904e9169d8d29a79c1e4a17f462ecc87a56524230ebe678fb62075d03
06_UnityFramework/Assets/Art/HotUpdate/Sprites/texture/coin3/22__55a63745.png.meta,1153,79c8ee1551630c57978ba34eeb6cf50fa19b464cf12f3cbf0f335ccae525fdfb
06_UnityFramework/Assets/Art/HotUpdate/Sprites/texture/coin3/23__3ea126e9.png,32971,cca6436ac3508a26476c4a02913651262fceec93ca42d2b82b2ed4573f3a4893
06_UnityFramework/Assets/Art/HotUpdate/Sprites/texture/coin3/23__3ea126e9.png.meta,1153,423b4054b7efcc74ab3a982bfbc08635d750f63936a4c52261c1f490b133bc03
06_UnityFramework/Assets/Art/HotUpdate/Sprites/texture/coin3/24__f8703baa.png,30629,92f72abd01d7d9b9f14c5c31ff662cdc08ea5b60124fb1e99c1659bc1ad3fd8f
06_UnityFramework/Assets/Art/HotUpdate/Sprites/texture/coin3/24__f8703baa.png.meta,1153,738d9cad6f43f49e9ea62ee4705ccfa84fe38ad163cda55c588559be81f63cec
06_UnityFramework/Assets/Art/HotUpdate/Sprites/texture/coin3/25__9d8d7d1a.png,35130,422b6721d1b0dfd6a5505258b05d7d08207ce9b6163ac2da60dc0c2b18e6d296
06_UnityFramework/Assets/Art/HotUpdate/Sprites/texture/coin3/25__9d8d7d1a.png.meta,1153,2a0a1812818c0c6e8f18a70638e064c8435b659ac724a7700a1980ab89c01ed9
06_UnityFramework/Assets/Art/HotUpdate/Sprites/texture/coin3/26__761dda6e.png,33034,d007c5dda212778df2b0e6a3cc2e763c63b419d92327a9aef3d3bdcf1fbbd050
06_UnityFramework/Assets/Art/HotUpdate/Sprites/texture/coin3/26__761dda6e.png.meta,1153,b85b596097d985f8a3ea95d3e5e9b31c18c0c83d951144c1b28ab6a3e87e9487
06_UnityFramework/Assets/Art/HotUpdate/Sprites/texture/coin3/27__a92721de.png,34363,2fe5cc6c8e8ade4b8747b68e5767030fa785c9c43d7091f7a6e7a24f9c84e9ff
06_UnityFramework/Assets/Art/HotUpdate/Sprites/texture/coin3/27__a92721de.png.meta,1153,5cb29cb72fe2510a2f80ec412d46d6e0603bda2997fdef1396701b2154e691a6
06_UnityFramework/Assets/Art/HotUpdate/Sprites/texture/coin3/28__264aa8d2.png,34023,ff2251e5a9bb2319b668540c51a8297ff01dd452f39a68eb2558d3dbd1cf4f4b
06_UnityFramework/Assets/Art/HotUpdate/Sprites/texture/coin3/28__264aa8d2.png.meta,1153,c4625c3358eb4acdc0b704220c119ce5d64359787b6dfee593d05ae209728a38
06_UnityFramework/Assets/Art/HotUpdate/Sprites/texture/coin3/29__8814a10b.png,32914,d1702da1a0d1b0a877f5ec177619bc633b63e7fbcf42cbb9b5101fe4af798a34
06_UnityFramework/Assets/Art/HotUpdate/Sprites/texture/coin3/29__8814a10b.png.meta,1153,12c9ce9876b32800af6177a0bf4eb3ee244b3d542180adb5e6913fd434b9f384
06_UnityFramework/Assets/Art/HotUpdate/Sprites/texture/coin3/2__092b1a93.png,32979,1a4ace8f453ea8c48f7585a096d6eb52e9b87bfabaa08e1894bb57bc83834441
06_UnityFramework/Assets/Art/HotUpdate/Sprites/texture/coin3/2__092b1a93.png.meta,1153,30b83aa5908969129f96ee58121d7e529407f860fd69ef6696cd3591b93ecf44
06_UnityFramework/Assets/Art/HotUpdate/Sprites/texture/coin3/30__7828027b.png,36459,a58a570d6fb9b5e01cd572938d891cbc94661d105a9d2255633980c6054e1f20
06_UnityFramework/Assets/Art/HotUpdate/Sprites/texture/coin3/30__7828027b.png.meta,1153,07db1228a31237ba8a542b20098fd40987de6a571d04e2d1616206a4a1b2197f
06_UnityFramework/Assets/Art/HotUpdate/Sprites/texture/coin3/31__16c370db.png,32466,45c7bd24ad5d028893fb6a43d7258454bdf2e52b1eab6d6599f0b8bfc5e43663
06_UnityFramework/Assets/Art/HotUpdate/Sprites/texture/coin3/31__16c370db.png.meta,1153,0d9e2220805e0841186df33e06eb59cff440373442878aa1f72054952e1c467a
06_UnityFramework/Assets/Art/HotUpdate/Sprites/texture/coin3/32__7259aec6.png,30883,bddf445985ca65049f7d9f2e2f95c25d90e5ed114e0885266a21929fb2b09f87
06_UnityFramework/Assets/Art/HotUpdate/Sprites/texture/coin3/32__7259aec6.png.meta,1153,a7edff5785777ba31c7f7fd3a1c40066f5f82df4fe1d8c31aaa6c102e18ccb17
06_UnityFramework/Assets/Art/HotUpdate/Sprites/texture/coin3/3__f5ce2478.png,37878,e1c8ea4f133ab6bb85ee7f430586998d54d8a6b7b1d2d7390ed5e92f459f7474
06_UnityFramework/Assets/Art/HotUpdate/Sprites/texture/coin3/3__f5ce2478.png.meta,1153,afac1d762c84cec41d0105ecf564205e8d82dd3c5fa57902d3db714e4197b8b3
06_UnityFramework/Assets/Art/HotUpdate/Sprites/texture/coin3/4__832d981e.png,33568,5d9eabdea90ebc83b9a35680adaa2e3d7cab196ed5ec7e17ac583ef1ce17884a
06_UnityFramework/Assets/Art/HotUpdate/Sprites/texture/coin3/4__832d981e.png.meta,1153,7c6f714b379340d047981d70b9a413ee40dc2a7990c10cd71093de85e0dcbfc7
06_UnityFramework/Assets/Art/HotUpdate/Sprites/texture/coin3/5__ccda82a2.png,32016,1de44fa56d457df3299a5e47419aa0919d2e26c53333e42c12fc9a1ec44cd6eb
06_UnityFramework/Assets/Art/HotUpdate/Sprites/texture/coin3/5__ccda82a2.png.meta,1153,f0d32e43684aec6274d2bb0cad3ed7a785e6aaf287e33c0d45d7e411aeead01c
06_UnityFramework/Assets/Art/HotUpdate/Sprites/texture/coin3/6__a7f3b3ec.png,32825,1ff4c260d89cad61818c660febbe11c503edf80b3321eceb50f29ec2aad3821d
06_UnityFramework/Assets/Art/HotUpdate/Sprites/texture/coin3/6__a7f3b3ec.png.meta,1153,f18b5a37c1ca5a30c8286bf5bd671ae2056a33dee52937931cedfc2ca215fb70
06_UnityFramework/Assets/Art/HotUpdate/Sprites/texture/coin3/7__0ee794a2.png,34146,43600230138395461ad32519a4fc5a06049e05282c8e82e357075db7402f5571
06_UnityFramework/Assets/Art/HotUpdate/Sprites/texture/coin3/7__0ee794a2.png.meta,1153,906d194d1580b0704792e1092956d21accd45ad1b48d606ce5787039a1d3a09c
06_UnityFramework/Assets/Art/HotUpdate/Sprites/texture/coin3/8__c56270ee.png,32956,04b87a192266caa85c9478cd4c426a54d0ba93f39ebb36f5f6a7872c3d868c32
06_UnityFramework/Assets/Art/HotUpdate/Sprites/texture/coin3/8__c56270ee.png.meta,1153,7a9560b177f182575e77550492b6f1f7a56bb95f9fd676af06ec6efaf224f1c6
06_UnityFramework/Assets/Art/HotUpdate/Sprites/texture/coin3/9__d4037ba6.png,34325,647c8959c39068b77855a3a373aea35a0caa7b747fc086d5236a42cf9873f9ce
06_UnityFramework/Assets/Art/HotUpdate/Sprites/texture/coin3/9__d4037ba6.png.meta,1153,e68ebbcc8fd04857b75a46c49c7044ac3b6a186ab2004bfd38c075b2aae121f6
06_UnityFramework/Assets/Art/HotUpdate/Sprites/texture/platform/amazon__90bf3407.png,7827,3edaa282c8d740d6d5f040b4f1d05dba8bfa507ff061e534674c318ab36339f1
06_UnityFramework/Assets/Art/HotUpdate/Sprites/texture/platform/amazon__90bf3407.png.meta,1153,09f43a896d22dc6de446b4c77ea4e400f727ab3b34203abea491a5ff51219fdb
06_UnityFramework/Assets/Art/HotUpdate/Sprites/texture/platform/BBVAApp__92d63964.png,10330,b529e9c8a83331683d82d7b4a0b0452800220eba58a2efdbc5a0695da95388ba
06_UnityFramework/Assets/Art/HotUpdate/Sprites/texture/platform/BBVAApp__92d63964.png.meta,1153,a735f9975aa2c0afc96c4cf49cb4e0d4c521ab888816ec72533158ad0e3eeaee
06_UnityFramework/Assets/Art/HotUpdate/Sprites/texture/platform/CashApp__3539e574.png,10554,b7de9ac82b88e688070ce240c5906c2888b4ee962cf745ffb6d1ab7146e0c8ec
06_UnityFramework/Assets/Art/HotUpdate/Sprites/texture/platform/CashApp__3539e574.png.meta,1153,2e3ea23d90e8b08699436b653b60068a34e41d6a785fd698e361239e75532ae2
06_UnityFramework/Assets/Art/HotUpdate/Sprites/texture/platform/DANA__4579fefa.png,21074,edd256e9dc94aaa708d3d343f0d35348f75bbbec7c3f554d6165bbc21b16ec4f
06_UnityFramework/Assets/Art/HotUpdate/Sprites/texture/platform/DANA__4579fefa.png.meta,1153,0f577e5c81e4286439e974ba923384bbf781e4e4b8d8676a4bb2418cc9c68edf
06_UnityFramework/Assets/Art/HotUpdate/Sprites/texture/platform/GCash__6569d348.png,17102,b15bef3e7ee724920116d0d3955667b1a5d761b8ab3186b89c280b68585cfc48
06_UnityFramework/Assets/Art/HotUpdate/Sprites/texture/platform/GCash__6569d348.png.meta,1153,513191792f7d222c10051685668d869b1ba29fce9afc77389eb61d6dbd350abb
06_UnityFramework/Assets/Art/HotUpdate/Sprites/texture/platform/KakaoPay__8eef2c72.png,7970,9cf9ec0d9e9d11820f7bb77e4a77afcbd17fc5f98885194120fe94ada494dc27
06_UnityFramework/Assets/Art/HotUpdate/Sprites/texture/platform/KakaoPay__8eef2c72.png.meta,1153,d1a5a73223f82e2c57adffcc299ba6e4d4c91e7e04f3704cb464452acfa47489
06_UnityFramework/Assets/Art/HotUpdate/Sprites/texture/platform/LINEPay__7f84f5e4.png,5421,cce45b0f1322beb253e78941e92d275766a09a80f80f4be09407ae00c73cf78b
06_UnityFramework/Assets/Art/HotUpdate/Sprites/texture/platform/LINEPay__7f84f5e4.png.meta,1153,d12929068ea84aa794d3356f3e439e437316cc98d732371045b7b2c521a3ddd3
06_UnityFramework/Assets/Art/HotUpdate/Sprites/texture/platform/mastercard__49b122e7.png,7312,a965052388bcabbe4e740095b1f9410f642f3758d3bde1760310f8688d14a8a6
06_UnityFramework/Assets/Art/HotUpdate/Sprites/texture/platform/mastercard__49b122e7.png.meta,1153,f3a48adbed8ff3f8983d7958c87b7ea494a7770efeb8f80ba6f7155ee953d42b
06_UnityFramework/Assets/Art/HotUpdate/Sprites/texture/platform/Maya__25ceb86b.png,7279,e51aa346df107af6239f999fd7df30d6fc642fe2c92e625e85d973ff8f8bce32
06_UnityFramework/Assets/Art/HotUpdate/Sprites/texture/platform/Maya__25ceb86b.png.meta,1153,427fc517d367b055b4eff67724524981d3f04e073dfd6e94eacf8e79521986f1
06_UnityFramework/Assets/Art/HotUpdate/Sprites/texture/platform/MBBank__1936bdd3.png,8902,698ca9f7d0587ffc18111d9093786cc5693bb4dcc848aee630f3d90ac6fb7cba
06_UnityFramework/Assets/Art/HotUpdate/Sprites/texture/platform/MBBank__1936bdd3.png.meta,1153,48a4f83606706617d7bb2f873e97b1ce0c2cc93c0689ec49b56e6ca035ebb1e0
06_UnityFramework/Assets/Art/HotUpdate/Sprites/texture/platform/MoMo__128dec14.png,5406,3da9ba9f9880d11aec455a2e562332173b52d1a45206cbd1b6f75c1ba7960dde
06_UnityFramework/Assets/Art/HotUpdate/Sprites/texture/platform/MoMo__128dec14.png.meta,1153,865b78f5ede51e3403a8478a5030fe2ad6fa60144ebcd34d43fdbac277107df4
06_UnityFramework/Assets/Art/HotUpdate/Sprites/texture/platform/NaverPay__de151b2e.png,8423,593120f3c1e1881d5923412aa1b9be4db5a3ee6bedefbae64a2a147e905015ce
06_UnityFramework/Assets/Art/HotUpdate/Sprites/texture/platform/NaverPay__de151b2e.png.meta,1153,9642cb643052fcee9ebdc1ad89b2288c0428524d4d1cc06e3b148ebc68429ffa
06_UnityFramework/Assets/Art/HotUpdate/Sprites/texture/platform/Nubank__fff0bdbd.png,6471,3a248ef4562ca448b021e92ea26bee01f0399c5cdc45920a71cac04db3865472
06_UnityFramework/Assets/Art/HotUpdate/Sprites/texture/platform/Nubank__fff0bdbd.png.meta,1153,a1c79a7194a85c99f47aba4cd93501fe9beac9b5f48fff426c98c0ec668926f4
06_UnityFramework/Assets/Art/HotUpdate/Sprites/texture/platform/Opay__151b1f43.png,8342,49fac2875101d753f8c362f54df9e56508bac7e852fc44361936261adc52aa6d
06_UnityFramework/Assets/Art/HotUpdate/Sprites/texture/platform/Opay__151b1f43.png.meta,1153,24b5a8328a7a3bc4396abf3ff27b483b1f8fd495bfe30ee21bffbbbe17f70b5d
06_UnityFramework/Assets/Art/HotUpdate/Sprites/texture/platform/OVO__89421516.png,21255,03840b9c3308efca6cf1a677929e31fe2c1c281d1151c5311434104b308215e8
06_UnityFramework/Assets/Art/HotUpdate/Sprites/texture/platform/OVO__89421516.png.meta,1153,b2fb7a71c2d23b599643bb75b321ce088f7100c7d239acf8831ec69a0f6edaf5
06_UnityFramework/Assets/Art/HotUpdate/Sprites/texture/platform/OXXOPay__0c92658b.png,9311,0beaef9320b457f4ed7eb09590aacf77679e6402e2c0d2fee5518ff239cf4eca
06_UnityFramework/Assets/Art/HotUpdate/Sprites/texture/platform/OXXOPay__0c92658b.png.meta,1153,9e8b93ff904a27a105e362c14c23c542d74aff2e3f00281e5be718f76b54b9db
06_UnityFramework/Assets/Art/HotUpdate/Sprites/texture/platform/Pagbank__1df1d9fb.png,19804,be041f600274ef4afa59d7554c13cea403d1b9327d8074435b01ae7acf1c6dd6
06_UnityFramework/Assets/Art/HotUpdate/Sprites/texture/platform/Pagbank__1df1d9fb.png.meta,1153,4e4f36ddd03cfa1a57fb7a1c1f1f8bb11d739bbc136b325002376b6714dee27a
06_UnityFramework/Assets/Art/HotUpdate/Sprites/texture/platform/PayPal__09e37d60.png,7970,8eb68fc614941823bdfe60790c8b34ebc55bebfd0dbf20b2a77fa328332c9dd6
06_UnityFramework/Assets/Art/HotUpdate/Sprites/texture/platform/PayPal__09e37d60.png.meta,1153,ea657ed68afc8193f911e1b0c50c753e61848d29bb8befcbb4e5ecd7f5b453a7
06_UnityFramework/Assets/Art/HotUpdate/Sprites/texture/platform/PayPay__81669a36.png,13502,030dd489034ddc47ee97a87560f6f4673b8b6aa84afdc142d363d26d0fb025b3
06_UnityFramework/Assets/Art/HotUpdate/Sprites/texture/platform/PayPay__81669a36.png.meta,1153,7237f0d3994ca0194a34382cab6d7dae783c035364add652765da54df08fdf5c
06_UnityFramework/Assets/Art/HotUpdate/Sprites/texture/platform/Paytm__195e80d9.png,5023,f13e509eea12bf4ddda2d682f59524630fa579e0a182eb0dba2fc7c21c4f9971
06_UnityFramework/Assets/Art/HotUpdate/Sprites/texture/platform/Paytm__195e80d9.png.meta,1153,c2deb1d3f5a5e91f343185120d511659afaad3f6156ac793f34c2ddf60f42453
06_UnityFramework/Assets/Art/HotUpdate/Sprites/texture/platform/PhonePe__f47746ba.png,15137,be15dbce615a0e83723dfceec8dcb7e6ec83271ffd3d802565de03432d5a0e02
06_UnityFramework/Assets/Art/HotUpdate/Sprites/texture/platform/PhonePe__f47746ba.png.meta,1153,a11e2f7b7d242abd9aed679dd7a9dda5825f09fd57172de8208bc1878642b3d7
06_UnityFramework/Assets/Art/HotUpdate/Sprites/texture/platform/PIX__b22f8898.png,7287,5dd55aa9d6942980b6a8d1f38e5cf56b0efec0bef1c2c0478ac4d9fd0c8e1f65
06_UnityFramework/Assets/Art/HotUpdate/Sprites/texture/platform/PIX__b22f8898.png.meta,1153,9a2158638df3fff83a57ce0a011b692fdef529db7d31cb28ab870333f808469f
06_UnityFramework/Assets/Art/HotUpdate/Sprites/texture/platform/QIWIWallet__999ce578.png,9322,cb486b159ae9d242e7212e15c0af0b639f641108db3c55d4fc61b6886cba548e
06_UnityFramework/Assets/Art/HotUpdate/Sprites/texture/platform/QIWIWallet__999ce578.png.meta,1153,d69cb7a22f7da0e744ccc04570cd8c9e4756d7a09a4d5efe887ad86bfcc4a0b3
06_UnityFramework/Assets/Art/HotUpdate/Sprites/texture/platform/SamsungPay__768bb702.png,19217,ea600f96b6aa228d349bda75efe031edfaf51597094cab00e998c5d73d060236
06_UnityFramework/Assets/Art/HotUpdate/Sprites/texture/platform/SamsungPay__768bb702.png.meta,1153,a07c1bf7cc9f46ed5697b211bdc76d3eb8a2e4c7f35c38f02d31fcba62c3cd2b
06_UnityFramework/Assets/Art/HotUpdate/Sprites/texture/platform/SberbankOnline__f9235a27.png,8076,5da22fe123e3436202770864387c23fd7db859e3b262f1857be5d86657690ec7
06_UnityFramework/Assets/Art/HotUpdate/Sprites/texture/platform/SberbankOnline__f9235a27.png.meta,1153,69550bf2492cf7274f8957a4f8415f7879226a6d2e155f824058397256d00aee
06_UnityFramework/Assets/Art/HotUpdate/Sprites/texture/platform/ShopeePay__76e6b6e5.png,9287,320cf5691599892b6edc1123c496741e40d71affa91355f38b3912c3ba3ef23b
06_UnityFramework/Assets/Art/HotUpdate/Sprites/texture/platform/ShopeePay__76e6b6e5.png.meta,1153,a73659f8e261b87638f46fe3f4904d58dbcff1d31d9a2a63cb2ab08ddbd8c32a
06_UnityFramework/Assets/Art/HotUpdate/Sprites/texture/platform/SPEI__137a80a7.png,8838,d249cd98244b93ed8492d51d2b9288c29bd85eb496bc694c7bbce93a80b6c685
06_UnityFramework/Assets/Art/HotUpdate/Sprites/texture/platform/SPEI__137a80a7.png.meta,1153,760eceb49c6d0c97eaaadc4128f99ee39b7a0bc5b09a6643eb3c5084760926f5
06_UnityFramework/Assets/Art/HotUpdate/Sprites/texture/platform/TinkoffBank__9394a752.png,5273,20f329fd659d95cff6daaa16c0b8b90caad1a22b78bfd0862e132d44a76f8fed
06_UnityFramework/Assets/Art/HotUpdate/Sprites/texture/platform/TinkoffBank__9394a752.png.meta,1153,5af5b293363360d74601203573c2a3f9e88d101ec962e6601972e64eed5a04a3
06_UnityFramework/Assets/Art/HotUpdate/Sprites/texture/platform/ЮMoney__21be8783.png,7328,3609212379d05504fe92021375f7b9923940a0103dbca26fe3734d7d45d33748
06_UnityFramework/Assets/Art/HotUpdate/Sprites/texture/platform/ЮMoney__21be8783.png.meta,1153,81ab987997358dce172565fe291dcaba3f02490ea844b908f5aa762bb10a9413
06_UnityFramework/Assets/Art/HotUpdate/Sprites/texture/spine/AnNiu_TX/AnNiu_TX__7a3a740c.png,92005,f37c312759f0c42c611722447c18d3b31220028786bfa603575afb83f1747259
06_UnityFramework/Assets/Art/HotUpdate/Sprites/texture/spine/AnNiu_TX/AnNiu_TX__7a3a740c.png.meta,1153,5ce666172503ccfaabbf76f5e9e54b8324718ae27d1f9f93b6476c346c009412
06_UnityFramework/Assets/Art/HotUpdate/Sprites/texture/spine/CaiDai_TX/CaiDai_TX__dab09611.png,23046,8c12f4bf84ccf0c423f2543964a25799e30a329e034d8341eb4941287006292b
06_UnityFramework/Assets/Art/HotUpdate/Sprites/texture/spine/CaiDai_TX/CaiDai_TX__dab09611.png.meta,1153,214d8db85e8e7e7184a3127b3b2f01896d8f63b9f495390eead6c52996388017
06_UnityFramework/Assets/Art/HotUpdate/Sprites/texture/spine/DJB_TX/DJB_TX__7fdfb107.png,169988,634ea40589f28abdfabd356f5e554bb20253950c386f5c1c9fcbf48a5c476928
06_UnityFramework/Assets/Art/HotUpdate/Sprites/texture/spine/DJB_TX/DJB_TX__7fdfb107.png.meta,1153,7e1b1d38ddd590885cd7c09ff22e98c16cd3e46b0b336372d4778a56a241c04e
06_UnityFramework/Assets/Art/HotUpdate/Sprites/texture/spine/GuangH_TX/GuangH_TX__ce98abd4.png,652454,d18ead10956397286fc402349b8f4d0e7368bf573e8c6b7fc3c1f086169aa7f3
06_UnityFramework/Assets/Art/HotUpdate/Sprites/texture/spine/GuangH_TX/GuangH_TX__ce98abd4.png.meta,1153,6b2185b5f360bf63ded27bfffc2eab411585bc1502ed4e6550704279031bf1d7
06_UnityFramework/Assets/Art/HotUpdate/Sprites/texture/spine/HeChengSM_TX/HeChengSM_TX__4064506d.png,164196,8d25f283bdaf79278122f48eb516675b5098a85e599be3ebf7b09ee302d9885a
06_UnityFramework/Assets/Art/HotUpdate/Sprites/texture/spine/HeChengSM_TX/HeChengSM_TX__4064506d.png.meta,1153,47cd088ca8762e601b127601d30a88e28ccde6310b8518e7899df089e2c3b965
06_UnityFramework/Assets/Art/HotUpdate/Sprites/texture/spine/LaoHuJ_TX/LaoHuJ_TX__6677c3cf.png,256267,4fa8fe16337b11de76f262a3b6d1add801e266e8c2e1081cdf1026800aeca7e0
06_UnityFramework/Assets/Art/HotUpdate/Sprites/texture/spine/LaoHuJ_TX/LaoHuJ_TX__6677c3cf.png.meta,1153,8ae821ca52cd966e6b8ff20741ed698dd4ec7e773345e8845545d6365070674f
06_UnityFramework/Assets/Art/HotUpdate/Sprites/texture/spine/loading/loading_4__7320bc80.png,4283,da4f7e13d9d63e30bec7afe45351a3de78ee5fe2905a01f199fa158af8696949
06_UnityFramework/Assets/Art/HotUpdate/Sprites/texture/spine/loading/loading_4__7320bc80.png.meta,1153,7355c0fc8b81b72ea2a15017fd95215bb5b44951597f83962dcb5bc2852ef2d7
06_UnityFramework/Assets/Art/HotUpdate/Sprites/texture/spine/ND_00/ND_00__1105fa04.png,14022,76806ad1b4de7d1c8e280c016788e64154da000636fc9e3d8f9d6a55d3d4e3f9
06_UnityFramework/Assets/Art/HotUpdate/Sprites/texture/spine/ND_00/ND_00__1105fa04.png.meta,1153,6d5e8e6daacacad94f6733d4c4184a12c8cf32c53cbf42572e74cd5b69727084
06_UnityFramework/Assets/Art/HotUpdate/Sprites/texture/spine/ND_00/ND_01__63aa34b4.png,6952,e0fc1193970bb67258e0e9b7cc4e767b60c8f150ea197bad87cab577185af27c
06_UnityFramework/Assets/Art/HotUpdate/Sprites/texture/spine/ND_00/ND_01__63aa34b4.png.meta,1153,02572c2807643a9544691eea847ff4307922c042e3bac5c493a7c0c784ddd5b9
06_UnityFramework/Assets/Art/HotUpdate/Sprites/texture/spine/ND_00/ND_02__f16d5591.png,8919,21c953d806330f0155b94331dd8c3ccc771a0e43b5502f81977a40d27b7ae280
06_UnityFramework/Assets/Art/HotUpdate/Sprites/texture/spine/ND_00/ND_02__f16d5591.png.meta,1153,acdcb8b5cfbfed6d7f1328250df39d5bb88084326d5187f4f9e4b1b99e82d3c1
06_UnityFramework/Assets/Art/HotUpdate/Sprites/texture/spine/ND_00/ND_03__dc146e04.png,8131,9e9f0da72f0a6c60f1f80ff7e7c73e40064a47ef2906888a82a24a5c39f3e327
06_UnityFramework/Assets/Art/HotUpdate/Sprites/texture/spine/ND_00/ND_03__dc146e04.png.meta,1153,7facbcb6da9bb92cb09b2463ebd71c21b7fe39a365bc43995065cd5d009e6cee
06_UnityFramework/Assets/Art/HotUpdate/Sprites/texture/spine/ND_00/ND_04__2eae9c8d.png,440507,cf98562ed87f9879120bf9ab5463048cf8fd583d58bb7e70d453914cb7e4605a
06_UnityFramework/Assets/Art/HotUpdate/Sprites/texture/spine/ND_00/ND_04__2eae9c8d.png.meta,1153,e90cb20c3e798917c994bd361e53bd009c8577b0c73646b2db938dba046d80ce
06_UnityFramework/Assets/Art/HotUpdate/Sprites/texture/spine/PiaoDai_TX/PiaoDai_TX__654bfebd.png,20407,1b7dda12158089e285a345b77508d01592dadf928125bd6a0bc165d592ae4679
06_UnityFramework/Assets/Art/HotUpdate/Sprites/texture/spine/PiaoDai_TX/PiaoDai_TX__654bfebd.png.meta,1153,6e197e96ef8c1c5050d8e7f7345a67dabcebac8608ed071dcded69dd23708672
06_UnityFramework/Assets/Art/HotUpdate/Sprites/texture/spine/PZ_TX/PZ_TX__7752fe18.png,9217,7debdea19be4e70b4282e447a269a56aa3281b88b42348b553384fffe7d45517
06_UnityFramework/Assets/Art/HotUpdate/Sprites/texture/spine/PZ_TX/PZ_TX__7752fe18.png.meta,1153,f749aa9ad817a561612126cc3651b8cee73194a52423fd200a62d2c9f1187a45
06_UnityFramework/Assets/Art/HotUpdate/Sprites/texture/spine/XX_TX/XX_TX__31183d22.png,555588,764e1747d0f6a2b58530dc09f9cefb077f9d9634f3702ec7c927f3eb5538cfe8
06_UnityFramework/Assets/Art/HotUpdate/Sprites/texture/spine/XX_TX/XX_TX__31183d22.png.meta,1153,ca6f872fc449eb27d11ebcec3252e2cccfea9d57c79fb4485f9c005a5fac2ff2
06_UnityFramework/Assets/Art/HotUpdate/Sprites/unbelievable__c732aa1f.png,41628,7ad4922999f5bb6ef75539cd8f09f3eb22cdedb2080cbe08c5737955f1bd5810
06_UnityFramework/Assets/Art/HotUpdate/Sprites/unbelievable__c732aa1f.png.meta,1153,429afdaff3fb153595b0554e749ddd92a45772a74a2f9a1f40dfa55bfbda3e34
06_UnityFramework/Assets/Art/HotUpdate/Sprites/wujiaoxing__598c0c0d.png,4356,0d88a8b716222353fb7b391cc958fcf83541d14e1a67b632d2a1042cd4a916bf
06_UnityFramework/Assets/Art/HotUpdate/Sprites/wujiaoxing__598c0c0d.png.meta,1153,b419a1598105a73078c36cdba50826f00195ef89202c984ffacdae5044fefaa9
06_UnityFramework/Assets/Art/HotUpdate/Sprites/矩形__4c3eb705.png,4392,d757d6b930383260f1e7026950f7bc7364047a99cefb5a974c9c0b28c37999df
06_UnityFramework/Assets/Art/HotUpdate/Sprites/矩形__4c3eb705.png.meta,1159,544ae7eeac90f1b2ecf1d4d7085e167de5f8c3ae67aa33818f491772fbc9210f
06_UnityFramework/Assets/Art/HotUpdate/Sprites/编组 4备份 5__284583c4.png,3004,2b62129dc2f1fc4b902946fa05905c228df195656dce894aa8212a4c022f32b3
06_UnityFramework/Assets/Art/HotUpdate/Sprites/编组 4备份 5__284583c4.png.meta,1153,89491693bb382ea919af0db8999bf3059397db395ec853c2bc394d5f3641f712
06_UnityFramework/Assets/Art/HotUpdate/sprites.json,221780,29c423b13b550d654f4212ccedccf9967749a19707ba8be8da4a45517ea1bb78
06_UnityFramework/Assets/Art/HotUpdate/sprites.json.meta,162,2b81799d54426d144ee75d3aaa21ae5ee13867299968bb1915c45e2117f9ba2c
06_UnityFramework/Assets/Art/Packaged/aliases.json,3769,c298377a2199ea70af5a98f6491fd77dbde79d629ec88bb7cf9d908f5575c038
06_UnityFramework/Assets/Art/Packaged/aliases.json.meta,162,5a9ebe9958bc4233c8ff6c13d2b12b4383593d3536bd530a43b4ecc3a5a33ca5
06_UnityFramework/Assets/Art/Packaged/animation_inventory.json,2,4f53cda18c2baa0c0354bb5f9a3ecbe5ed12ab4d8e11ba873c2f11161202b945
06_UnityFramework/Assets/Art/Packaged/animation_inventory.json.meta,162,f0311efa904c1c160d072246d50d0deb72f873705de2898161c7f78197266828
06_UnityFramework/Assets/Art/Packaged/Audio/Audio/BG.mp3,574965,cf81bd19771b6c9bba884beb56e342ada7c0479597b93b32758125da34d9e816
06_UnityFramework/Assets/Art/Packaged/Audio/Audio/BG.mp3.meta,162,274032bf5d48ef938d53c72c0393c5522cabfab48a42e21da00b6ba4bea7ef06
06_UnityFramework/Assets/Art/Packaged/Audio/Audio/button.mp3,809,45932c2d4114cae1b8b906769a2329eb9050517db1fb3faf1e948dbdd2b66c33
06_UnityFramework/Assets/Art/Packaged/Audio/Audio/button.mp3.meta,162,a2e03ea74f2611e323cd265278082bf5e37a2175eb41678fca35fcd3c560e726
06_UnityFramework/Assets/Art/Packaged/Audio/Audio/floor.mp3,4451,63dc457501bd541641966951fafe1cf5ead7b6cc03ee242e4d7bbde9b7734c30
06_UnityFramework/Assets/Art/Packaged/Audio/Audio/floor.mp3.meta,162,8513925e7ba9708eb65813925f9fee968cf517b00c0b4d2e2db9ed4951265deb
06_UnityFramework/Assets/Art/Packaged/Audio/Audio/HeCheng.mp3,20752,55b8ae8e5f2a27fcd2087347c4761d41d3da7295f049d69b2b9587f171a9b0e8
06_UnityFramework/Assets/Art/Packaged/Audio/Audio/HeCheng.mp3.meta,162,3325a1ace262b6f610ff0c365fcdd0be79c0b37fa5cc6c5a08c7eaca159b0d91
06_UnityFramework/Assets/Art/Packaged/Audio/Audio/HeChengZuiDaYinBi.mp3,88461,1a7432177c81a449c85daa0d500706fd1c1d991fe6e072cebe5b7a9069234475
06_UnityFramework/Assets/Art/Packaged/Audio/Audio/HeChengZuiDaYinBi.mp3.meta,162,d1b43378b5012829459c1aee56466e73dfb4309ba56a322bc0d7c8df83b6dba8
06_UnityFramework/Assets/Art/Packaged/Audio/Audio/ShiBai.mp3,10094,d9aa3223df0d777ba0813d6f90c242687b7101b770d09c47920e9800bfd36551
06_UnityFramework/Assets/Art/Packaged/Audio/Audio/ShiBai.mp3.meta,162,2233fcce329c22bccd69770b277a2a96338a75aa4d67c17024f5144d511191f8
06_UnityFramework/Assets/Art/Packaged/Native/00fccf83-940d-44aa-993f-b9dcfcdb9547/00fccf83-940d-44aa-993f-b9dcfcdb9547.e40db,2069412,be3d048ffa3366c5d28dcdfe30ef784f9a4f906219a110b4e85ec4e3a010fef3
06_UnityFramework/Assets/Art/Packaged/Native/00fccf83-940d-44aa-993f-b9dcfcdb9547/00fccf83-940d-44aa-993f-b9dcfcdb9547.e40db.meta,162,305312f2f138f0898107257ec37948f38e1db800a51bee43696cb801de1ad22c
06_UnityFramework/Assets/Art/Packaged/Native/01ca532a-0123-41b6-9823-3286cd337550/01ca532a-0123-41b6-9823-3286cd337550.ac820.mp3,88461,1a7432177c81a449c85daa0d500706fd1c1d991fe6e072cebe5b7a9069234475
06_UnityFramework/Assets/Art/Packaged/Native/01ca532a-0123-41b6-9823-3286cd337550/01ca532a-0123-41b6-9823-3286cd337550.ac820.mp3.meta,162,6ad1b29ef21d9248d2135d33485e3f85fa3ae2beb2e27070c83750911f422894
06_UnityFramework/Assets/Art/Packaged/Native/0275e94c-56a7-410f-bd1a-fc7483f7d14a/0275e94c-56a7-410f-bd1a-fc7483f7d14a.cea68.png,82,83c9b8ce1937570a40bcedde29457a4ab7865ca1db23a46d2d68e6b1949f3c28
06_UnityFramework/Assets/Art/Packaged/Native/0275e94c-56a7-410f-bd1a-fc7483f7d14a/0275e94c-56a7-410f-bd1a-fc7483f7d14a.cea68.png.meta,1153,c59fefdffbc22fe7af7cc37f94cfbeacff0555a8b8e11932cff01e984c0b2ca8
06_UnityFramework/Assets/Art/Packaged/Native/050e749c-78c3-46d1-a66d-7288c7f514db/050e749c-78c3-46d1-a66d-7288c7f514db.c924b.png,63952,fb399d459a69964fcb9a00e8e74e094dd115eefc9b6ad7aa0c6c66fad81360a1
06_UnityFramework/Assets/Art/Packaged/Native/050e749c-78c3-46d1-a66d-7288c7f514db/050e749c-78c3-46d1-a66d-7288c7f514db.c924b.png.meta,1153,5fbbef6295846d223d14130d7903a5751c5e35c44ff66fed412972ea144977bb
06_UnityFramework/Assets/Art/Packaged/Native/0882284f-c97d-49d4-9405-94a3d4bc0dc3/0882284f-c97d-49d4-9405-94a3d4bc0dc3.08843,2390942,44613c9877f594a8fa4ac9053d82c97b8ad0efa1228182ec4b4940979a3415b9
06_UnityFramework/Assets/Art/Packaged/Native/0882284f-c97d-49d4-9405-94a3d4bc0dc3/0882284f-c97d-49d4-9405-94a3d4bc0dc3.08843.meta,162,ca2b0058d165f56c1f0e5bbb752b1c1bbb976d51dd2fc9b143932bf055485fb2
06_UnityFramework/Assets/Art/Packaged/Native/0fcc457a-c571-4949-b9df-cc0714744a9b/0fcc457a-c571-4949-b9df-cc0714744a9b.933a5.png,287,ea588958684830a63f6cbb9af633948480f58aaa407ad3d702ce00d09be60c38
06_UnityFramework/Assets/Art/Packaged/Native/0fcc457a-c571-4949-b9df-cc0714744a9b/0fcc457a-c571-4949-b9df-cc0714744a9b.933a5.png.meta,1153,6a7d1df5ed8ad30f62adce659f523604c1038a5426c1d38e0b3837c20c9e30a0
06_UnityFramework/Assets/Art/Packaged/Native/127b6aed-4d57-4b0b-8cb4-5c4d996818d3/127b6aed-4d57-4b0b-8cb4-5c4d996818d3.ed434.png,8193,612ba5e5694075ac12a51bf1f2227b06b37d62762a324774c019ce1bdffc223c
06_UnityFramework/Assets/Art/Packaged/Native/127b6aed-4d57-4b0b-8cb4-5c4d996818d3/127b6aed-4d57-4b0b-8cb4-5c4d996818d3.ed434.png.meta,1153,4578e18f8a00f7060234d7dee3333840fcbe562612a65c2bfd1e63e2f23af6b2
06_UnityFramework/Assets/Art/Packaged/Native/13a0f3f0-036c-4bcb-8078-09614b179f51/13a0f3f0-036c-4bcb-8078-09614b179f51.bd3e6.png,66683,1aebe3bdc91e38c8330aa666ae4c8db7fb3fc629f2e3c1cb8cae8230c236f70a
06_UnityFramework/Assets/Art/Packaged/Native/13a0f3f0-036c-4bcb-8078-09614b179f51/13a0f3f0-036c-4bcb-8078-09614b179f51.bd3e6.png.meta,1153,e689e2f3b0210e5b38c44e7aae5dbe57ccd81affcd81559034de603de2526f3b
06_UnityFramework/Assets/Art/Packaged/Native/1504728e-7004-4db0-b971-a1301562d882/1504728e-7004-4db0-b971-a1301562d882.b8eab.mp3,574965,cf81bd19771b6c9bba884beb56e342ada7c0479597b93b32758125da34d9e816
06_UnityFramework/Assets/Art/Packaged/Native/1504728e-7004-4db0-b971-a1301562d882/1504728e-7004-4db0-b971-a1301562d882.b8eab.mp3.meta,162,50b73345be8215b039235fafc58a3b6468f89cbe51dcaf8f979ee946e647c4bb
06_UnityFramework/Assets/Art/Packaged/Native/157cc2b8-7118-4d07-a09a-3d70313d5d74/157cc2b8-7118-4d07-a09a-3d70313d5d74.8b10c.png,19457,05400f3e867f61f717c677fe384a1df352c78119dab9f1586862f4bfdd3b1ab3
06_UnityFramework/Assets/Art/Packaged/Native/157cc2b8-7118-4d07-a09a-3d70313d5d74/157cc2b8-7118-4d07-a09a-3d70313d5d74.8b10c.png.meta,1153,164cb9155af487a1adbec4c6c113a727288ee54396de2910c6543cbd1cefb692
06_UnityFramework/Assets/Art/Packaged/Native/1802f955-cc9d-4a38-8584-ac5830f8e1d1/1802f955-cc9d-4a38-8584-ac5830f8e1d1.f078e.png,25314,7fa5772342a92eccebc7b08e302a5fdd0f37327ffe7d6275915e90f20d12fea3
06_UnityFramework/Assets/Art/Packaged/Native/1802f955-cc9d-4a38-8584-ac5830f8e1d1/1802f955-cc9d-4a38-8584-ac5830f8e1d1.f078e.png.meta,1153,8cc1949e356aebdddc2b12e8977f738ad4ac8d3344c241cad740c96f63861174
06_UnityFramework/Assets/Art/Packaged/Native/1a74b274-7cd2-467d-848a-39483220fc60/1a74b274-7cd2-467d-848a-39483220fc60.ffdd6.png,7960,8961359357506bacfa5103e9e2fef667d1dae259adf3feec18c8247574d4704b
06_UnityFramework/Assets/Art/Packaged/Native/1a74b274-7cd2-467d-848a-39483220fc60/1a74b274-7cd2-467d-848a-39483220fc60.ffdd6.png.meta,1153,f17d42aec1c1121f451960efe5199be969c432d78962d51f0553010794f2d1b9
06_UnityFramework/Assets/Art/Packaged/Native/1b01ae52-bf3f-41dd-a98f-a350b6b26230/1b01ae52-bf3f-41dd-a98f-a350b6b26230.f38b0.png,513,5f7841d3caead4c5fda44d153e6ca5c6a8f5bc7fd3656855a434191a263f5321
06_UnityFramework/Assets/Art/Packaged/Native/1b01ae52-bf3f-41dd-a98f-a350b6b26230/1b01ae52-bf3f-41dd-a98f-a350b6b26230.f38b0.png.meta,1153,e61ea22db347ed44553ebe77392e3b734cea4d901f8cbc4d52c0445d87c2cbe8
06_UnityFramework/Assets/Art/Packaged/Native/1b5f3d3f-ddcb-49d1-8f58-2cbd9d5b8db4/1b5f3d3f-ddcb-49d1-8f58-2cbd9d5b8db4.2f841.png,31468,3371bcd24eb7d03f7992bc7bcb89df7a10f0997a8157eb24357c8878b4da029b
06_UnityFramework/Assets/Art/Packaged/Native/1b5f3d3f-ddcb-49d1-8f58-2cbd9d5b8db4/1b5f3d3f-ddcb-49d1-8f58-2cbd9d5b8db4.2f841.png.meta,1153,d9a2b42ec875afb01ab24c838e42fdef465c1d5a94e279b97a72ab33d5d0e015
06_UnityFramework/Assets/Art/Packaged/Native/1b7bc0b8-b9cd-458a-8fd8-992b29544979/1b7bc0b8-b9cd-458a-8fd8-992b29544979.db143.png,2856,acceae1d5decc82ffa3c8afbdb5fc832d521f65f23e2a88a767c2f6c3b9f5537
06_UnityFramework/Assets/Art/Packaged/Native/1b7bc0b8-b9cd-458a-8fd8-992b29544979/1b7bc0b8-b9cd-458a-8fd8-992b29544979.db143.png.meta,1153,1d12d1006524a56e34c23ea50d5a7f20574b71c48fe02001092ffabc273ffcc6
06_UnityFramework/Assets/Art/Packaged/Native/1d3ae4c4-91a3-4b2e-a175-29718b968171/1d3ae4c4-91a3-4b2e-a175-29718b968171.30759.png,3805,039f64c493909fd0dc82962f5d7353bd68baadae30d446f667ac893e7741b6af
06_UnityFramework/Assets/Art/Packaged/Native/1d3ae4c4-91a3-4b2e-a175-29718b968171/1d3ae4c4-91a3-4b2e-a175-29718b968171.30759.png.meta,1153,73033301567d7e671cf0867d8b833b4fe225a76c3c0794527058947d71bcfcac
06_UnityFramework/Assets/Art/Packaged/Native/1e4d6150-2e90-4f47-b0ce-f51068dff40a/1e4d6150-2e90-4f47-b0ce-f51068dff40a.be08f.png,32127,ef9e70a318dc27b94998e0406b05f9a45a81e7c4b7707e946c841205add1993d
06_UnityFramework/Assets/Art/Packaged/Native/1e4d6150-2e90-4f47-b0ce-f51068dff40a/1e4d6150-2e90-4f47-b0ce-f51068dff40a.be08f.png.meta,1153,1f633536405cb648db61962123397aed40c7c35ebaf66e85bd6d5b7069ae4ec4
06_UnityFramework/Assets/Art/Packaged/Native/2012a8f8-b8db-4f6e-a07e-57ca2bd98287/2012a8f8-b8db-4f6e-a07e-57ca2bd98287.77f52.png,6706,846479cc6067ca19c1d109327317b132e76af1ec9e50dca7c864cf50f756ec22
06_UnityFramework/Assets/Art/Packaged/Native/2012a8f8-b8db-4f6e-a07e-57ca2bd98287/2012a8f8-b8db-4f6e-a07e-57ca2bd98287.77f52.png.meta,1153,787c2e571c737445e035b204a8072d3f44ac88fdff3b9d567ccf27efba669fee
06_UnityFramework/Assets/Art/Packaged/Native/22552ec9-c470-4d5e-b578-09f9a4a44bd9/22552ec9-c470-4d5e-b578-09f9a4a44bd9.1222c,1946936,7c6dee197f600ce1ec23f20414029b3466709d1c5db43f01392beae43cead006
06_UnityFramework/Assets/Art/Packaged/Native/22552ec9-c470-4d5e-b578-09f9a4a44bd9/22552ec9-c470-4d5e-b578-09f9a4a44bd9.1222c.meta,162,43909420b9a8a795b9947a1dbda0d75c2841e739cccc36b917fbddf18223d731
06_UnityFramework/Assets/Art/Packaged/Native/25b5ef86-c836-4f44-9f87-4a2939361d5f/25b5ef86-c836-4f44-9f87-4a2939361d5f.4f529.png,6382,09e1a15e4db69c29c3de9fc09fca0ed9fa7b3ed765abfb18fdfd17247c2ec987
06_UnityFramework/Assets/Art/Packaged/Native/25b5ef86-c836-4f44-9f87-4a2939361d5f/25b5ef86-c836-4f44-9f87-4a2939361d5f.4f529.png.meta,1153,d01d233b8c4c1f5aa2d3039828f4536b9ab8518822778981a36cb9aef0ea500d
06_UnityFramework/Assets/Art/Packaged/Native/282e855b-c003-41c4-9feb-66d6d74a2906/282e855b-c003-41c4-9feb-66d6d74a2906.68f37,1798518,587cc7087dab25559fb266f995646c8d1275d42fd1dcd89ea88427c1f1728b77
06_UnityFramework/Assets/Art/Packaged/Native/282e855b-c003-41c4-9feb-66d6d74a2906/282e855b-c003-41c4-9feb-66d6d74a2906.68f37.meta,162,c8b170156c265146582a8970f551c5b3b69163471e396372c5cceae6adb24579
06_UnityFramework/Assets/Art/Packaged/Native/29a28790-787a-4936-ba3f-449db5cc2adc/29a28790-787a-4936-ba3f-449db5cc2adc.ac861.png,278274,0ca1cbe728c35898a3ac94387ba10a18c1209e1a92d85fdf23430d783008d251
06_UnityFramework/Assets/Art/Packaged/Native/29a28790-787a-4936-ba3f-449db5cc2adc/29a28790-787a-4936-ba3f-449db5cc2adc.ac861.png.meta,1153,a1b2c980ad9d7060eba75df6e943ca32440d762d7aa181fc68f465b39f6bc269
06_UnityFramework/Assets/Art/Packaged/Native/29f0032e-3c42-4348-956b-236804a13520/29f0032e-3c42-4348-956b-236804a13520.602c5.png,224471,14baa4e16f914427a17257f8bc568675e7cc6ec2d925ec33b0033e8db4b7c9c6
06_UnityFramework/Assets/Art/Packaged/Native/29f0032e-3c42-4348-956b-236804a13520/29f0032e-3c42-4348-956b-236804a13520.602c5.png.meta,1153,545d53f352d4e8960c408005ccf57c722b622bbe736bdeb4fae10cd993f83209
06_UnityFramework/Assets/Art/Packaged/Native/2b20483e-839f-4bc2-81b8-513f6862b36a/2b20483e-839f-4bc2-81b8-513f6862b36a.20ecc.png,6499,74cea98ee36ae69971b2a1589843a7da5695172d8dd057877e581ef7dd24c2a2
06_UnityFramework/Assets/Art/Packaged/Native/2b20483e-839f-4bc2-81b8-513f6862b36a/2b20483e-839f-4bc2-81b8-513f6862b36a.20ecc.png.meta,1153,796552d0e730bb27572d82b5abb75cecc7fe2bd07a965ab4f1692e45d54dd92d
06_UnityFramework/Assets/Art/Packaged/Native/2d889576-61d3-4c6c-9a7e-baec25d19427/2d889576-61d3-4c6c-9a7e-baec25d19427.83964.png,277,4eded50c3cabcd19f0915a6b1efcab420ebfd6a0372bfa505c7a8ac2b9d9805e
06_UnityFramework/Assets/Art/Packaged/Native/2d889576-61d3-4c6c-9a7e-baec25d19427/2d889576-61d3-4c6c-9a7e-baec25d19427.83964.png.meta,1153,dd3a993c31386c24cf43abab81c0bd7dbe3b8d470a6ee6a4385b261017988bdd
06_UnityFramework/Assets/Art/Packaged/Native/3198a1cc-a4fd-4024-9afa-7c79fbbf9cbd/3198a1cc-a4fd-4024-9afa-7c79fbbf9cbd.f9b7d.png,561,879df5c7ecb9c0b362678a3edbd67c448e11088b672b47fc645e344f099de6bf
06_UnityFramework/Assets/Art/Packaged/Native/3198a1cc-a4fd-4024-9afa-7c79fbbf9cbd/3198a1cc-a4fd-4024-9afa-7c79fbbf9cbd.f9b7d.png.meta,1153,f0c9a0c9556d2f10289e51965f85eb2fa547e072f0ddc5c2f49a7ce4a3ccf194
06_UnityFramework/Assets/Art/Packaged/Native/35b639ec-f5e7-4908-a6e4-9efc102b0a81/35b639ec-f5e7-4908-a6e4-9efc102b0a81.f908e.png,3570,fe41d604ba8f5de559ee1e9c6bae87aa6d633334d746a913226db5abd99f9b09
06_UnityFramework/Assets/Art/Packaged/Native/35b639ec-f5e7-4908-a6e4-9efc102b0a81/35b639ec-f5e7-4908-a6e4-9efc102b0a81.f908e.png.meta,1153,aa25a943ce9d6d834bd6450c3f1a22343c37ca3078ea0cfb152cbd79a27f94d5
06_UnityFramework/Assets/Art/Packaged/Native/36c6ac8d-0ca3-46a7-b1f1-74b05204de3b/36c6ac8d-0ca3-46a7-b1f1-74b05204de3b.b197a.png,14104,139e46167e0c231aeb99e9e626c6623c33d04ebeb577daa8b94fafcc88e40546
06_UnityFramework/Assets/Art/Packaged/Native/36c6ac8d-0ca3-46a7-b1f1-74b05204de3b/36c6ac8d-0ca3-46a7-b1f1-74b05204de3b.b197a.png.meta,1153,4834c9bf11cfb9a243a737ee3458b20130c33173f9e3e8abd21939b79ecf2d1e
06_UnityFramework/Assets/Art/Packaged/Native/3781b850-9ec0-4d4e-affb-f854c9c7f28c/3781b850-9ec0-4d4e-affb-f854c9c7f28c.e721e.mp3,809,45932c2d4114cae1b8b906769a2329eb9050517db1fb3faf1e948dbdd2b66c33
06_UnityFramework/Assets/Art/Packaged/Native/3781b850-9ec0-4d4e-affb-f854c9c7f28c/3781b850-9ec0-4d4e-affb-f854c9c7f28c.e721e.mp3.meta,162,1093881131b2137de56edb032f1b1a8a1f70ec32f3961f1a232baed5063ea84a
06_UnityFramework/Assets/Art/Packaged/Native/3cd48c22-9f2c-47e4-a563-851a54f554c4/3cd48c22-9f2c-47e4-a563-851a54f554c4.0c065.png,33857,9a04d8be09dbe779a8274c6f06ce70824f37e9817f82a7611473f5be6b1d4c88
06_UnityFramework/Assets/Art/Packaged/Native/3cd48c22-9f2c-47e4-a563-851a54f554c4/3cd48c22-9f2c-47e4-a563-851a54f554c4.0c065.png.meta,1153,3ee25e900fc4b6f4da0330cf7e8aa35db36850da9acdd3bea0d98f782fd4826d
06_UnityFramework/Assets/Art/Packaged/Native/3e51fc87-559b-4c1c-a7c6-a48e11d8599c/3e51fc87-559b-4c1c-a7c6-a48e11d8599c.8b677.png,1276,6cbeba8c9ff74d0132fedbe649857c0c2015551bf95856c26907f8ce806f012f
06_UnityFramework/Assets/Art/Packaged/Native/3e51fc87-559b-4c1c-a7c6-a48e11d8599c/3e51fc87-559b-4c1c-a7c6-a48e11d8599c.8b677.png.meta,1153,00ca7d71df7ed94d6072322002aa4f20d8a52f174be7426e7a2b0fcdb2bd37b5
06_UnityFramework/Assets/Art/Packaged/Native/4373950c-2d87-4519-a2bf-52a5d9ee95b5/4373950c-2d87-4519-a2bf-52a5d9ee95b5.6faaa.png,56323,3acea94dde17ed6244db6e4ffc579f01c1d537ecdcd77a2ee6c5c2f9f9719b92
06_UnityFramework/Assets/Art/Packaged/Native/4373950c-2d87-4519-a2bf-52a5d9ee95b5/4373950c-2d87-4519-a2bf-52a5d9ee95b5.6faaa.png.meta,1153,55e43f5c041cdbbd896f4683b28123279deab7e44a468b051d0b2a89e1bac9db
06_UnityFramework/Assets/Art/Packaged/Native/4dfb3ed3-a28b-4cf1-89b9-f07981422932/4dfb3ed3-a28b-4cf1-89b9-f07981422932.9bfd9.png,287,1127e270cf737e1418b73dcba96b285319faa45e08b11a059d0357528b41fe04
06_UnityFramework/Assets/Art/Packaged/Native/4dfb3ed3-a28b-4cf1-89b9-f07981422932/4dfb3ed3-a28b-4cf1-89b9-f07981422932.9bfd9.png.meta,1153,ca4b177ffe1c80575834c477c9e3acc8f6b87f62e1386544546fb6c229d66099
06_UnityFramework/Assets/Art/Packaged/Native/4ecd57de-75e8-4db3-a6dd-355871292995/4ecd57de-75e8-4db3-a6dd-355871292995.4c08f.png,26519,eec50b992f3b9dd2fc184ffb5cf3353ffd76e0e9087236234f37b1f4f53e268f
06_UnityFramework/Assets/Art/Packaged/Native/4ecd57de-75e8-4db3-a6dd-355871292995/4ecd57de-75e8-4db3-a6dd-355871292995.4c08f.png.meta,1153,fb2c18dbe64516bf6e2edb18ef264d06347dc2ca50dcc781edaeb5ea406d0178
06_UnityFramework/Assets/Art/Packaged/Native/53604e51-aefe-42e5-9d1e-40cfad64cc87/53604e51-aefe-42e5-9d1e-40cfad64cc87.d25a2,1724798,0cee74670d080f7e7900485970fbe464726e533b3838bd337ef92625f9c16f2c
06_UnityFramework/Assets/Art/Packaged/Native/53604e51-aefe-42e5-9d1e-40cfad64cc87/53604e51-aefe-42e5-9d1e-40cfad64cc87.d25a2.meta,162,05b65223c4e8a52d6ac862221709eebd21a6dd751617628eb8a32fee86a1e0f1
06_UnityFramework/Assets/Art/Packaged/Native/56ccf369-757a-4707-9dbf-b5e1206d00a5/56ccf369-757a-4707-9dbf-b5e1206d00a5.44552.png,713,ffd4175f9103541bce609af2cffedb9743bca4670ff67f8df9fb1bcc56cae167
06_UnityFramework/Assets/Art/Packaged/Native/56ccf369-757a-4707-9dbf-b5e1206d00a5/56ccf369-757a-4707-9dbf-b5e1206d00a5.44552.png.meta,1153,7526b443836cff58e449ae7f2cb6b7819affe4b1b638ea591960e31fe73c2b97
06_UnityFramework/Assets/Art/Packaged/Native/59b97112-c97b-48f6-811b-1e52d0f171ba/59b97112-c97b-48f6-811b-1e52d0f171ba.f71f3.png,2005,e2d9206fb263767bca910fd09bf4430f75e2f216cd12cf78d663f93fa4fa5c17
06_UnityFramework/Assets/Art/Packaged/Native/59b97112-c97b-48f6-811b-1e52d0f171ba/59b97112-c97b-48f6-811b-1e52d0f171ba.f71f3.png.meta,1153,1b8fa280c5144ce22cef5804c6c3f38b2fdb6c673f09fd09974de076a7cd2c8a
06_UnityFramework/Assets/Art/Packaged/Native/5d955491-fa76-4150-98ba-1cf425225dc4/5d955491-fa76-4150-98ba-1cf425225dc4.50194.png,3911,2c2d6e66856b17e13c8b7df5a39547bfbc3f797dd8818554084b482a3d2526ca
06_UnityFramework/Assets/Art/Packaged/Native/5d955491-fa76-4150-98ba-1cf425225dc4/5d955491-fa76-4150-98ba-1cf425225dc4.50194.png.meta,1153,e0ca3caa39fb8225ebba7ce0704d287ad1d8eb32d557ef8640c622c5acf156d4
06_UnityFramework/Assets/Art/Packaged/Native/600301aa-3357-4a10-b086-84f011fa32ba/600301aa-3357-4a10-b086-84f011fa32ba.c3a3a.png,7518,2e96e6cfa06188f02c7dfac41b9e9e022a99f29a1a94a188ccae29db3bcdb327
06_UnityFramework/Assets/Art/Packaged/Native/600301aa-3357-4a10-b086-84f011fa32ba/600301aa-3357-4a10-b086-84f011fa32ba.c3a3a.png.meta,1153,ee10e5ccfdf10c2ba5ce06263eabdad157c0401fbabd06d03ebf73ae0f98453b
06_UnityFramework/Assets/Art/Packaged/Native/60597400-aac0-4835-b539-f980b79fbe75/60597400-aac0-4835-b539-f980b79fbe75.b5cc0.png,21085,367382a49e675d4593ca579d1524579c3baba599a7c13971f597f7f776946e5c
06_UnityFramework/Assets/Art/Packaged/Native/60597400-aac0-4835-b539-f980b79fbe75/60597400-aac0-4835-b539-f980b79fbe75.b5cc0.png.meta,1153,3e3dc8f54eb109830647df950729a080bfe37b7935491efe9be2effa1c77c710
06_UnityFramework/Assets/Art/Packaged/Native/61e8148a-c2d2-42ed-a60a-0429eef4ffc3/61e8148a-c2d2-42ed-a60a-0429eef4ffc3.c1ac1,1872122,edd2fcecb2fd269038c8cff59035bb1cf774d0cfa786c1624b73f4f15f0d23f3
06_UnityFramework/Assets/Art/Packaged/Native/61e8148a-c2d2-42ed-a60a-0429eef4ffc3/61e8148a-c2d2-42ed-a60a-0429eef4ffc3.c1ac1.meta,162,c939628d567307631ecd599a4dbe9460706a2ece1995e1efbc6d4fd8e69c2216
06_UnityFramework/Assets/Art/Packaged/Native/6218d65e-032b-4415-9bf5-d33c8f174e7a/6218d65e-032b-4415-9bf5-d33c8f174e7a.a5b34.png,3029,541dbd6984adc51df5ba92a653229fd6907d41ff5b8207d870da17aa83de7cd1
06_UnityFramework/Assets/Art/Packaged/Native/6218d65e-032b-4415-9bf5-d33c8f174e7a/6218d65e-032b-4415-9bf5-d33c8f174e7a.a5b34.png.meta,1153,ba8c42465be10691fc3d6de55f13e669d2610f32b85d1119d4c59ba4aaba516b
06_UnityFramework/Assets/Art/Packaged/Native/65b056b9-cdb5-408f-b3d7-2c3ec2a0cf3e/65b056b9-cdb5-408f-b3d7-2c3ec2a0cf3e.dc98e.png,9142,bda1ba631d898445a243bd2b6eb768773fd21af9aa536b81c76a7050b9ebd3c7
06_UnityFramework/Assets/Art/Packaged/Native/65b056b9-cdb5-408f-b3d7-2c3ec2a0cf3e/65b056b9-cdb5-408f-b3d7-2c3ec2a0cf3e.dc98e.png.meta,1153,367e65bffc917eec56f6980109040e91140e52c555ac5a20f0e05c836e4162c2
06_UnityFramework/Assets/Art/Packaged/Native/678cc07f-5859-41da-8ec6-5ece36fd417c/678cc07f-5859-41da-8ec6-5ece36fd417c.19e38.png,559,15f5143d412432849d01d35134980c2accf37d64fb32511da545439cad52d36b
06_UnityFramework/Assets/Art/Packaged/Native/678cc07f-5859-41da-8ec6-5ece36fd417c/678cc07f-5859-41da-8ec6-5ece36fd417c.19e38.png.meta,1153,5b663379fd84fa4f66bed4e3293fd50e25f1eff5876c9f2202e3500d82a42584
06_UnityFramework/Assets/Art/Packaged/Native/6ab60de2-c2d7-4e1d-94d2-c98fa371032c/6ab60de2-c2d7-4e1d-94d2-c98fa371032c.8b4b0.png,29529,beeb36edb1c8b83488ce443ade7f084e830b9f941b3661991e161af65960ce8b
06_UnityFramework/Assets/Art/Packaged/Native/6ab60de2-c2d7-4e1d-94d2-c98fa371032c/6ab60de2-c2d7-4e1d-94d2-c98fa371032c.8b4b0.png.meta,1153,2311a1c8a4150d0d818144edf15a155cb4158d89df39ac2eb1e52f8eacfc7054
06_UnityFramework/Assets/Art/Packaged/Native/6fe47eef-b74c-4864-91f8-70cf0c5aaf34/6fe47eef-b74c-4864-91f8-70cf0c5aaf34.a7d63.png,520,4f5ec9db0d876d93c8bfa84f233cc966173f743daddde806a40b5a4f803963b8
06_UnityFramework/Assets/Art/Packaged/Native/6fe47eef-b74c-4864-91f8-70cf0c5aaf34/6fe47eef-b74c-4864-91f8-70cf0c5aaf34.a7d63.png.meta,1153,835b67dfaa751b08e048039b4c7a4755dea17988e0c31a2d603398f5ed27e868
06_UnityFramework/Assets/Art/Packaged/Native/6feb7340-4213-4a37-834c-efddda9aaee3/6feb7340-4213-4a37-834c-efddda9aaee3.1fc44.mp3,10094,d9aa3223df0d777ba0813d6f90c242687b7101b770d09c47920e9800bfd36551
06_UnityFramework/Assets/Art/Packaged/Native/6feb7340-4213-4a37-834c-efddda9aaee3/6feb7340-4213-4a37-834c-efddda9aaee3.1fc44.mp3.meta,162,12d8fbcb1cd8df860c95a4bdf77d6e3d41fa528c90f6ae4e7d521e33ddab20e9
06_UnityFramework/Assets/Art/Packaged/Native/7064be55-434c-4cf9-933d-1f7224bee890/7064be55-434c-4cf9-933d-1f7224bee890.71e6f.png,9691,b132801d2fed04471efe1b3e1b701b6c79fe40b79a02bef4238a1af48ff90333
06_UnityFramework/Assets/Art/Packaged/Native/7064be55-434c-4cf9-933d-1f7224bee890/7064be55-434c-4cf9-933d-1f7224bee890.71e6f.png.meta,1153,224eb45af7f6e06c82202925bac4bc670381eb8e4b2ce897597d7ebfd908237e
06_UnityFramework/Assets/Art/Packaged/Native/707d1237-7579-412a-8626-97ed327bc1da/707d1237-7579-412a-8626-97ed327bc1da.6ca13.png,4290,a0b23a8a05d8063fd8419526a146e62bbf2c455ba583fae66b23add4df031287
06_UnityFramework/Assets/Art/Packaged/Native/707d1237-7579-412a-8626-97ed327bc1da/707d1237-7579-412a-8626-97ed327bc1da.6ca13.png.meta,1153,848e93f19bf77790b7f70a44d9d9338be7b0361aae5d5f917ae1a1e20f07db11
06_UnityFramework/Assets/Art/Packaged/Native/71f5ed3e-9902-49ad-b721-df84871778b0/71f5ed3e-9902-49ad-b721-df84871778b0.4f060.png,2681,4ba349eb1343460e5ba69b69c5bffde830b685a7ecd35b737dd406e30fbc74ef
06_UnityFramework/Assets/Art/Packaged/Native/71f5ed3e-9902-49ad-b721-df84871778b0/71f5ed3e-9902-49ad-b721-df84871778b0.4f060.png.meta,1153,e32912d3dd1fa230108eea0d8e19e7d0ca499bb370e89b0ee410b066830664ea
06_UnityFramework/Assets/Art/Packaged/Native/78df8588-335c-4127-ad79-36398bda94f1/78df8588-335c-4127-ad79-36398bda94f1.a70d1.mp3,4451,63dc457501bd541641966951fafe1cf5ead7b6cc03ee242e4d7bbde9b7734c30
06_UnityFramework/Assets/Art/Packaged/Native/78df8588-335c-4127-ad79-36398bda94f1/78df8588-335c-4127-ad79-36398bda94f1.a70d1.mp3.meta,162,f75e1233949c0b3d51d972fe0fc0dfaaccf9ecffc78cc0c2ec5738c821aeb018
06_UnityFramework/Assets/Art/Packaged/Native/7dc399ea-a792-4d41-a57d-d8bd21f374e9/7dc399ea-a792-4d41-a57d-d8bd21f374e9.9af8c.png,2215,ac94d03625d04c592223b99ddb14d9fffc9ac445a1ca77aecf4cd2c89b8fa28b
06_UnityFramework/Assets/Art/Packaged/Native/7dc399ea-a792-4d41-a57d-d8bd21f374e9/7dc399ea-a792-4d41-a57d-d8bd21f374e9.9af8c.png.meta,1153,b44243e3a57d8da977454759cf55fb0ca4b7ac36db42d9b3e154324bfc955c79
06_UnityFramework/Assets/Art/Packaged/Native/7de54adc-4e99-409b-8a6d-81b4b9a3f341/7de54adc-4e99-409b-8a6d-81b4b9a3f341.2f0b6,2113980,88b2599dbfb18e95b0210853d067148161da826c456a683e0d5859f8a8f51016
06_UnityFramework/Assets/Art/Packaged/Native/7de54adc-4e99-409b-8a6d-81b4b9a3f341/7de54adc-4e99-409b-8a6d-81b4b9a3f341.2f0b6.meta,162,a5fc40828b9f85137076fd94fe6ce63590f2109182167b593fb347ba09e936f8
06_UnityFramework/Assets/Art/Packaged/Native/7f437501-7426-4100-a8cb-a41fb871949a/7f437501-7426-4100-a8cb-a41fb871949a.09de4.png,2584,3b2e55ad066a85d4db4991cdbc560f320c73a7b715c222593593d57dc854946e
06_UnityFramework/Assets/Art/Packaged/Native/7f437501-7426-4100-a8cb-a41fb871949a/7f437501-7426-4100-a8cb-a41fb871949a.09de4.png.meta,1153,b9cd66ece4224fc6d62f1349c1252e80cd5d15f2406198b197b65b4b32ed61b3
06_UnityFramework/Assets/Art/Packaged/Native/7fb630b4-bc08-4662-849d-5834736513c7/7fb630b4-bc08-4662-849d-5834736513c7.ffdd6.png,7960,8961359357506bacfa5103e9e2fef667d1dae259adf3feec18c8247574d4704b
06_UnityFramework/Assets/Art/Packaged/Native/7fb630b4-bc08-4662-849d-5834736513c7/7fb630b4-bc08-4662-849d-5834736513c7.ffdd6.png.meta,1153,a82f2747cedce047667a7d4cf15e54cb69ff88649904b4682bcef6c9989c6bdb
06_UnityFramework/Assets/Art/Packaged/Native/86d577a2-9380-4a88-aac1-a8333961e0a9/86d577a2-9380-4a88-aac1-a8333961e0a9.9cdbe.mp3,20752,55b8ae8e5f2a27fcd2087347c4761d41d3da7295f049d69b2b9587f171a9b0e8
06_UnityFramework/Assets/Art/Packaged/Native/86d577a2-9380-4a88-aac1-a8333961e0a9/86d577a2-9380-4a88-aac1-a8333961e0a9.9cdbe.mp3.meta,162,6d248a12a22a1d7f0d6a4e170f257dc77d46c735061c10313e622ba252321a46
06_UnityFramework/Assets/Art/Packaged/Native/87a79e36-cc88-4be0-b937-9c4daed2be15/87a79e36-cc88-4be0-b937-9c4daed2be15.29bd4.png,226,a5815a6e21e7467339e39288748081e95658dc2cb0e0a25dceebaf6f6020e529
06_UnityFramework/Assets/Art/Packaged/Native/87a79e36-cc88-4be0-b937-9c4daed2be15/87a79e36-cc88-4be0-b937-9c4daed2be15.29bd4.png.meta,1153,f1452c51e272abb1f1bf361d7523b50eb7129c5f9716e5f255b0310459471f9c
06_UnityFramework/Assets/Art/Packaged/Native/897e7d69-0016-4466-a473-5d40f6481e0b/897e7d69-0016-4466-a473-5d40f6481e0b.fb483.png,732,19c3db6bad4e0382cc145ea9d206ef0d3ca99f3641688919511ea1b0cd754481
06_UnityFramework/Assets/Art/Packaged/Native/897e7d69-0016-4466-a473-5d40f6481e0b/897e7d69-0016-4466-a473-5d40f6481e0b.fb483.png.meta,1153,691da014749c4ec85ec89df11de9bd90629422515e43671ddeda95004558f1fd
06_UnityFramework/Assets/Art/Packaged/Native/901a4d90-1efd-4b0b-b117-d341fe15d83a/901a4d90-1efd-4b0b-b117-d341fe15d83a.ec6b6.png,2901,bacdce4076963766808bd1f58f8e27aee35c028dd2116a2399192d2cece3d2b3
06_UnityFramework/Assets/Art/Packaged/Native/901a4d90-1efd-4b0b-b117-d341fe15d83a/901a4d90-1efd-4b0b-b117-d341fe15d83a.ec6b6.png.meta,1153,be225aaf7d3f08097821e48f5e8c21c168d860c444b765f241795853c7d16265
06_UnityFramework/Assets/Art/Packaged/Native/91e1056e-f851-4b1e-bef6-ded01a007fdc/91e1056e-f851-4b1e-bef6-ded01a007fdc.c41ea.png,624,4147c84c9dcb3133b69f3257f3170cdc57ff679bae3a731f5ef2901b3680bbe3
06_UnityFramework/Assets/Art/Packaged/Native/91e1056e-f851-4b1e-bef6-ded01a007fdc/91e1056e-f851-4b1e-bef6-ded01a007fdc.c41ea.png.meta,1153,d15425a9f77c27c273f06a113a650defd3dd882fc2cd962e288597dafbd4f058
06_UnityFramework/Assets/Art/Packaged/Native/99ef51d3-37f1-4c35-be3b-28d4014de0a9/99ef51d3-37f1-4c35-be3b-28d4014de0a9.a5b34.png,3029,541dbd6984adc51df5ba92a653229fd6907d41ff5b8207d870da17aa83de7cd1
06_UnityFramework/Assets/Art/Packaged/Native/99ef51d3-37f1-4c35-be3b-28d4014de0a9/99ef51d3-37f1-4c35-be3b-28d4014de0a9.a5b34.png.meta,1153,0dd6717fecd002aa72af7649ca14b2c3dc96e50c550f3ca856da357c961cefd0
06_UnityFramework/Assets/Art/Packaged/Native/9a1fc424-af38-40e5-8ba7-2bcb7df665cf/9a1fc424-af38-40e5-8ba7-2bcb7df665cf.9a643.png,3934,63f82d0aca00fbdb60c628706e8e403df180b26022713142554f4592ec1656d6
06_UnityFramework/Assets/Art/Packaged/Native/9a1fc424-af38-40e5-8ba7-2bcb7df665cf/9a1fc424-af38-40e5-8ba7-2bcb7df665cf.9a643.png.meta,1153,c99333f81d5d3f82b3f03c279e52b1326781e5cbec51b3fdedcec0c95f54e22a
06_UnityFramework/Assets/Art/Packaged/Native/9e93b639-81ca-4e67-b41c-714c8248bd22/9e93b639-81ca-4e67-b41c-714c8248bd22.c2d26.png,3511,d5e2b378a652ba51786b4326dce55fe60018a1213f795bb3f3df02244587f406
06_UnityFramework/Assets/Art/Packaged/Native/9e93b639-81ca-4e67-b41c-714c8248bd22/9e93b639-81ca-4e67-b41c-714c8248bd22.c2d26.png.meta,1153,97289d2a287059c1e54829420ddf03409ddd5ff3aa4e501fc3323f89614376c1
06_UnityFramework/Assets/Art/Packaged/Native/9ef925f0-eab0-4d13-a400-d91a9a67709b/9ef925f0-eab0-4d13-a400-d91a9a67709b.1f2f6.png,8052,d7f832924f4afbadd995b0b3adba8270ff032ca5054cb665a8e1ac8c2bc09675
06_UnityFramework/Assets/Art/Packaged/Native/9ef925f0-eab0-4d13-a400-d91a9a67709b/9ef925f0-eab0-4d13-a400-d91a9a67709b.1f2f6.png.meta,1153,11066abc7259599c2cc40e3eb8ed3d398db279508dbb1c229e106c8b72218803
06_UnityFramework/Assets/Art/Packaged/Native/a25c2a9c-a437-4907-8457-50af4eb07838/a25c2a9c-a437-4907-8457-50af4eb07838.e6b43.png,23569,a0c0c0e6cb0c81dadccd537aa8289886d7af9f829f718f00afd8c1781f9a0b11
06_UnityFramework/Assets/Art/Packaged/Native/a25c2a9c-a437-4907-8457-50af4eb07838/a25c2a9c-a437-4907-8457-50af4eb07838.e6b43.png.meta,1153,cc86b23b340564fdf3ec1c1a5aec30129bad42630498206a6483a541580230bc
06_UnityFramework/Assets/Art/Packaged/Native/a4282ff9-1acc-4eb0-8f6e-b6dbfdc6a136/a4282ff9-1acc-4eb0-8f6e-b6dbfdc6a136.f8c27.png,26838,26002f29c6de48f582ba8132f748ad2acbbbb2577095ca17e6cd2562857ce1d0
06_UnityFramework/Assets/Art/Packaged/Native/a4282ff9-1acc-4eb0-8f6e-b6dbfdc6a136/a4282ff9-1acc-4eb0-8f6e-b6dbfdc6a136.f8c27.png.meta,1153,75b1cd6ceb4798af9061a41632d29cb63907ca5f02ceaf2e2a7178f41cd645a8
06_UnityFramework/Assets/Art/Packaged/Native/a45d185a-2114-47aa-b6b1-b06b5f2c1f8f/a45d185a-2114-47aa-b6b1-b06b5f2c1f8f.55b60.png,2544,c91c466465809f9c6a6ba1b7dda74b8d8b32c1f4fd65bf52b8f7f8e2fe32bfcb
06_UnityFramework/Assets/Art/Packaged/Native/a45d185a-2114-47aa-b6b1-b06b5f2c1f8f/a45d185a-2114-47aa-b6b1-b06b5f2c1f8f.55b60.png.meta,1153,d0f2d0926d3305b6017860f46e4e0740f6edf0cccb62b3dd18a66623185a51d7
06_UnityFramework/Assets/Art/Packaged/Native/a8027877-d8d6-4645-97a0-52d4a0123dba/a8027877-d8d6-4645-97a0-52d4a0123dba.cea68.png,82,83c9b8ce1937570a40bcedde29457a4ab7865ca1db23a46d2d68e6b1949f3c28
06_UnityFramework/Assets/Art/Packaged/Native/a8027877-d8d6-4645-97a0-52d4a0123dba/a8027877-d8d6-4645-97a0-52d4a0123dba.cea68.png.meta,1153,d7049f6df43a841da1945ef71faef8bf5e216040d1a6d6c34b090085d5815cbb
06_UnityFramework/Assets/Art/Packaged/Native/a8ee947f-c1ab-4587-aef2-3e9bde6b6afd/a8ee947f-c1ab-4587-aef2-3e9bde6b6afd.532f5.png,6649,b29905435fda3305f13289ac0b04a6e53077f8cddd215bed404ea2ea278eaa91
06_UnityFramework/Assets/Art/Packaged/Native/a8ee947f-c1ab-4587-aef2-3e9bde6b6afd/a8ee947f-c1ab-4587-aef2-3e9bde6b6afd.532f5.png.meta,1153,7f8a6e430820a8818e5925c5125e86d43b8a6404a6a728c61656c07cd054af2f
06_UnityFramework/Assets/Art/Packaged/Native/a97af8f8-5d61-4ae6-8e99-45a0fe15664d/a97af8f8-5d61-4ae6-8e99-45a0fe15664d,460,9b2e14d75cce313e039d1d1c92bab416d6cf4ec2cba58ddf8a810989491ab013
06_UnityFramework/Assets/Art/Packaged/Native/a97af8f8-5d61-4ae6-8e99-45a0fe15664d/a97af8f8-5d61-4ae6-8e99-45a0fe15664d.meta,162,ee97820e1a2ee3d0013f8138d0f3e87ec242e38bed9d3525651e2e5bb2096095
06_UnityFramework/Assets/Art/Packaged/Native/ae9145d3-3dfd-4ea2-8ae4-8c520f0e6403/ae9145d3-3dfd-4ea2-8ae4-8c520f0e6403.1f6be.png,2205,f683765ea4032498a029fd809d9535aa1741817662214e5ae4f57a4c6499c36c
06_UnityFramework/Assets/Art/Packaged/Native/ae9145d3-3dfd-4ea2-8ae4-8c520f0e6403/ae9145d3-3dfd-4ea2-8ae4-8c520f0e6403.1f6be.png.meta,1153,b3c7d620a7df6b95e06e0a9ca9b3af706437fb6e4b0dccb53cefed0be3b1d49b
06_UnityFramework/Assets/Art/Packaged/Native/b085cded-1179-40b0-bdc1-782d657ec739/b085cded-1179-40b0-bdc1-782d657ec739.07349.png,9492,9ff33a650dae4f80299afdc47c6890e45bd33fc4f786e3ef0ddf62782f974f82
06_UnityFramework/Assets/Art/Packaged/Native/b085cded-1179-40b0-bdc1-782d657ec739/b085cded-1179-40b0-bdc1-782d657ec739.07349.png.meta,1153,81468dc80c1ae7bd161791deb9d6e591902ad84c9106cfed5a98c8afbb28b42e
06_UnityFramework/Assets/Art/Packaged/Native/b6574d93-b511-47b5-ac94-ea121ae3b44e/b6574d93-b511-47b5-ac94-ea121ae3b44e.29803.png,26537,5e463c4b3efcfebe0eaa702f2117b7326cc4ee8f9ec67fc9302f37bca448fdb0
06_UnityFramework/Assets/Art/Packaged/Native/b6574d93-b511-47b5-ac94-ea121ae3b44e/b6574d93-b511-47b5-ac94-ea121ae3b44e.29803.png.meta,1153,8a4d17c8e2e1a012a66164861f1018cd4a2d6bae35c33ceb3e05e206b42f4b9a
06_UnityFramework/Assets/Art/Packaged/Native/babd05b5-63e3-4de7-bb61-dc02e3134078/babd05b5-63e3-4de7-bb61-dc02e3134078.16390,2199584,0264082994eaf38737782d25d083efda766d3a04599ea2186d5c2e6b7f029673
06_UnityFramework/Assets/Art/Packaged/Native/babd05b5-63e3-4de7-bb61-dc02e3134078/babd05b5-63e3-4de7-bb61-dc02e3134078.16390.meta,162,9d4d727a67cd9ad9219e6806290b0d7a672b76e744c300e8bb9757a0bef4bb9f
06_UnityFramework/Assets/Art/Packaged/Native/c44d8466-cd03-4175-9f8c-7fe5eaffbf5b/c44d8466-cd03-4175-9f8c-7fe5eaffbf5b.ddac0.png,361,a4d16b2f9d4d1bba5920926f5aa19d5c8cf2854384f6057051cb11f17de6325b
06_UnityFramework/Assets/Art/Packaged/Native/c44d8466-cd03-4175-9f8c-7fe5eaffbf5b/c44d8466-cd03-4175-9f8c-7fe5eaffbf5b.ddac0.png.meta,1153,91b6331bab31fa16af215dd0983fac3087c95e1e59d51c71a9dc686f8d5c6ad8
06_UnityFramework/Assets/Art/Packaged/Native/c9b9211b-05c7-493b-bf09-83f59777527b/c9b9211b-05c7-493b-bf09-83f59777527b.d0dae,1936842,2c768ea87e59324fb42b70497dcccba556a993eff417d3669815cd0a4e997f7c
06_UnityFramework/Assets/Art/Packaged/Native/c9b9211b-05c7-493b-bf09-83f59777527b/c9b9211b-05c7-493b-bf09-83f59777527b.d0dae.meta,162,ea8cddccbf4b529b608e5014eabc50c1624af1ff0ad52388dd397d3035366c25
06_UnityFramework/Assets/Art/Packaged/Native/d1512532-b4ad-4eb8-96a2-2006eb9fad43/d1512532-b4ad-4eb8-96a2-2006eb9fad43.f769e.png,741,b4cd5c7fd4a980c569cd54e12ab0900c00e5fcdb773871bfc287d78a9829a718
06_UnityFramework/Assets/Art/Packaged/Native/d1512532-b4ad-4eb8-96a2-2006eb9fad43/d1512532-b4ad-4eb8-96a2-2006eb9fad43.f769e.png.meta,1153,07fc2e1e6704d00d81e1e4c2205ef99041b4205c362399734f1891d70709809a
06_UnityFramework/Assets/Art/Packaged/Native/d1cdfaa7-cf4b-400b-9fcc-58700713541c/d1cdfaa7-cf4b-400b-9fcc-58700713541c.03bcd.png,1065,f43897b26d560836d526a382681ce8aa98798d43c42eb62e74e3daf2ec8f6b5e
06_UnityFramework/Assets/Art/Packaged/Native/d1cdfaa7-cf4b-400b-9fcc-58700713541c/d1cdfaa7-cf4b-400b-9fcc-58700713541c.03bcd.png.meta,1153,022df4dcb5b9fec1bbd1bcaaef899662813dc3e609e24e03f472947fd7bcf15d
06_UnityFramework/Assets/Art/Packaged/Native/d3c48559-bcaa-49fd-859a-a92b13b3e7f0/d3c48559-bcaa-49fd-859a-a92b13b3e7f0.d08b2.png,295,3b23ba4cacdeb8ecc8ba42dbf3e90a1691ab6203043abb07844245ee0b0984c3
06_UnityFramework/Assets/Art/Packaged/Native/d3c48559-bcaa-49fd-859a-a92b13b3e7f0/d3c48559-bcaa-49fd-859a-a92b13b3e7f0.d08b2.png.meta,1153,a61ce2ed8ea35d07f57bf41664f86fc425ca1ffdce6bb58d8e193c62fe8cbd8b
06_UnityFramework/Assets/Art/Packaged/Native/d4d29c00-dc61-4461-ac59-bffb57e92801/d4d29c00-dc61-4461-ac59-bffb57e92801.af2b1.png,829,72f34fa2e5cb45ed52b6716356406480b3476fed8351a81a963b2ef16b4bb393
06_UnityFramework/Assets/Art/Packaged/Native/d4d29c00-dc61-4461-ac59-bffb57e92801/d4d29c00-dc61-4461-ac59-bffb57e92801.af2b1.png.meta,1153,f5eda76b470c217237be9e27a56208caad4e280ac69afb8b3a2a1401d2e9fa03
06_UnityFramework/Assets/Art/Packaged/Native/d693e547-be89-4992-919b-b6c4b2b63734/d693e547-be89-4992-919b-b6c4b2b63734.9e1bc.png,7536,e1795b832c8a2e63b22cde7e7b0cc07a7976640367b86e7f057ce45e3a852ea9
06_UnityFramework/Assets/Art/Packaged/Native/d693e547-be89-4992-919b-b6c4b2b63734/d693e547-be89-4992-919b-b6c4b2b63734.9e1bc.png.meta,1153,ea285bbca3c241024fcdcc7499ad408794c28f73ed9bf7a1ac803f4e0d28f528
06_UnityFramework/Assets/Art/Packaged/Native/d81ec8ad-247c-4e62-aa3c-d35c4193c7af/d81ec8ad-247c-4e62-aa3c-d35c4193c7af.cdbc9.png,158,428698a9cd4c031962c9f5defd15057fd1f20273dc3cd6eddcbd2ce14c4057d8
06_UnityFramework/Assets/Art/Packaged/Native/d81ec8ad-247c-4e62-aa3c-d35c4193c7af/d81ec8ad-247c-4e62-aa3c-d35c4193c7af.cdbc9.png.meta,1153,a6faf4ae8fbe3a3abe67361e2dbbfe51cc10948c3beb095bb2c2a5d6684834b0
06_UnityFramework/Assets/Art/Packaged/Native/d88b9be5-19e7-4385-b379-f8cdebbb6ba1/d88b9be5-19e7-4385-b379-f8cdebbb6ba1.6ad18.png,21134,7f02564b579aed1792396d8d53b45b0cb627b8e1f3a12f245a08625a7907ed31
06_UnityFramework/Assets/Art/Packaged/Native/d88b9be5-19e7-4385-b379-f8cdebbb6ba1/d88b9be5-19e7-4385-b379-f8cdebbb6ba1.6ad18.png.meta,1153,98c4e032da42aaa3fea2b82ff9b560480b1a9d0d2846cf169933a60ca757a8ee
06_UnityFramework/Assets/Art/Packaged/Native/dd87d738-81cb-43ea-ad47-9a4dfde3662b/dd87d738-81cb-43ea-ad47-9a4dfde3662b.f8006.png,7210,ec1785d996153f7c3bd33fa72617ce231049213c621cd9ef82348810a3bcc6a3
06_UnityFramework/Assets/Art/Packaged/Native/dd87d738-81cb-43ea-ad47-9a4dfde3662b/dd87d738-81cb-43ea-ad47-9a4dfde3662b.f8006.png.meta,1153,fe244bc63c30d7c6ebb1824b3bfc5e5a223388fd28d64d22055660fd5c57c7a7
06_UnityFramework/Assets/Art/Packaged/Native/e099dc38-68f8-4eb5-8024-1900c29ed314/e099dc38-68f8-4eb5-8024-1900c29ed314.5c805,2154110,6b537380025fc6ea7c33671f19a39e807b0901b6a5ef6bc3cafc0ab5b313ed98
06_UnityFramework/Assets/Art/Packaged/Native/e099dc38-68f8-4eb5-8024-1900c29ed314/e099dc38-68f8-4eb5-8024-1900c29ed314.5c805.meta,162,aed26acb9390de0ef6580eedb61a14c40638a0fbb9a8dc7ad92b2a5e3151e3ab
06_UnityFramework/Assets/Art/Packaged/Native/ea137731-fc53-4306-a91e-cd3c50843228/ea137731-fc53-4306-a91e-cd3c50843228.c5999.png,5034,ecb2dd5ae7221a854e3ef11b600dcdcea26f6e78118eb18f5333cd8a5999d3c4
06_UnityFramework/Assets/Art/Packaged/Native/ea137731-fc53-4306-a91e-cd3c50843228/ea137731-fc53-4306-a91e-cd3c50843228.c5999.png.meta,1153,9fea0096af10a943ab59e310757e98cf895560f9e676d9096a2252f97a1b66fc
06_UnityFramework/Assets/Art/Packaged/Native/ee0c7220-a9a3-4dc8-ab38-e0b249b4d978/ee0c7220-a9a3-4dc8-ab38-e0b249b4d978.594e4.png,6627,e65459fda00d9ec3442a7ff7bda75d45281e4b70b651a7001f837ba812b7ec55
06_UnityFramework/Assets/Art/Packaged/Native/ee0c7220-a9a3-4dc8-ab38-e0b249b4d978/ee0c7220-a9a3-4dc8-ab38-e0b249b4d978.594e4.png.meta,1153,419cb83d78a3baa118c53ba0aa057d65dcfd152c016e33f437439ef55c98cd0a
06_UnityFramework/Assets/Art/Packaged/Native/f19aa3fe-7a9c-4f27-99a9-a02d57a4da5e/f19aa3fe-7a9c-4f27-99a9-a02d57a4da5e.ddb1f.png,6605,5b5c79d5a19e4939530ecd2997e20ec3f6f6176a37274c4fb77e0f155c19f6a8
06_UnityFramework/Assets/Art/Packaged/Native/f19aa3fe-7a9c-4f27-99a9-a02d57a4da5e/f19aa3fe-7a9c-4f27-99a9-a02d57a4da5e.ddb1f.png.meta,1153,c2ae82aef02dd799df77331dfd0b30a8020f1564f539a629c2229659246f112e
06_UnityFramework/Assets/Art/Packaged/Native/f6d03e4b-1471-4a64-abea-da7c2b09aed9/f6d03e4b-1471-4a64-abea-da7c2b09aed9.ffdd6.png,7960,8961359357506bacfa5103e9e2fef667d1dae259adf3feec18c8247574d4704b
06_UnityFramework/Assets/Art/Packaged/Native/f6d03e4b-1471-4a64-abea-da7c2b09aed9/f6d03e4b-1471-4a64-abea-da7c2b09aed9.ffdd6.png.meta,1153,444a3e6f5f6353b7a8fe06de0e221dc9cff1083446011355fd77323804dbe7da
06_UnityFramework/Assets/Art/Packaged/Native/fbaa34ab-ca57-43f7-9d8b-e4356acc4304/fbaa34ab-ca57-43f7-9d8b-e4356acc4304.35f62.png,69847,2ffa38b5ae897fcac0eb17aec6585f6e3c48379297c136cf9f12c3506d4a30b4
06_UnityFramework/Assets/Art/Packaged/Native/fbaa34ab-ca57-43f7-9d8b-e4356acc4304/fbaa34ab-ca57-43f7-9d8b-e4356acc4304.35f62.png.meta,1153,833c93f38362dd648924a4de6a51c52f914ae0e9c01258db19efdf27d183919b
06_UnityFramework/Assets/Art/Packaged/Native/fd8d6602-e884-440e-a8d9-07a60d7b84fc/fd8d6602-e884-440e-a8d9-07a60d7b84fc.09de4.png,2584,3b2e55ad066a85d4db4991cdbc560f320c73a7b715c222593593d57dc854946e
06_UnityFramework/Assets/Art/Packaged/Native/fd8d6602-e884-440e-a8d9-07a60d7b84fc/fd8d6602-e884-440e-a8d9-07a60d7b84fc.09de4.png.meta,1153,3eb6074a1b9a200d8bc8a30b350bfe380c1567e51a8f1047eddc7d738c9c9d06
06_UnityFramework/Assets/Art/Packaged/skeletal_inventory.json,2,4f53cda18c2baa0c0354bb5f9a3ecbe5ed12ab4d8e11ba873c2f11161202b945
06_UnityFramework/Assets/Art/Packaged/skeletal_inventory.json.meta,162,d3743c9d459a2ab59cd67f39f32c4c5d2a42a9f9cf1a684460c0c79f6508867c
06_UnityFramework/Assets/Art/Packaged/Sprites/10__160a4f08.png,86411,51d27f7d84a084a377cfb3d5a63ad45d6c63c57aa5422f4d0c46d36a10497623
06_UnityFramework/Assets/Art/Packaged/Sprites/10__160a4f08.png.meta,1153,c4b9db18b0f8f4ebf0629d1a07d4b7057895785fb3adaffe33409c0dc091fa57
06_UnityFramework/Assets/Art/Packaged/Sprites/11__33f50ac0.png,141973,28d7ac738c0173cb842075bd4daee62c1abfca59751ff6a12321ec68d483ab04
06_UnityFramework/Assets/Art/Packaged/Sprites/11__33f50ac0.png.meta,1153,af38e2c1c95e117ccb96de45125be675373403269b1c8e6aefe8a574a7bf9e67
06_UnityFramework/Assets/Art/Packaged/Sprites/1__5e1f265c.png,15659,f5d97ed2123c65534bbe10b82170f2bd27406ec50e54cf9a57027e3e7903302d
06_UnityFramework/Assets/Art/Packaged/Sprites/1__5e1f265c.png.meta,1153,99d1cd64b13757ce7dcd2e7419dd9bb721e8c58ae41a64f7afb893291d23809e
06_UnityFramework/Assets/Art/Packaged/Sprites/1__c92ed130.png,5584,90bafb17046905797afe3b1ae48c0def1f53805f11b4b0c07946ebe2c6fa6191
06_UnityFramework/Assets/Art/Packaged/Sprites/1__c92ed130.png.meta,1153,bdf6566152c5daa4dc670cb8b1526e8ad1724cd98f370743cbd6d51033f061cf
06_UnityFramework/Assets/Art/Packaged/Sprites/2__2c8d859a.png,8382,58999ac57ede6c0af6038f3543565ffae84328d4268a8313e87798822611eadc
06_UnityFramework/Assets/Art/Packaged/Sprites/2__2c8d859a.png.meta,1153,8abc235eb1b92157218f6374908bc444162b9e42f695449a31c5ab6f1241893a
06_UnityFramework/Assets/Art/Packaged/Sprites/2__e8c4d117.png,14053,d0c90389b37afab082cf78c2140009d37d9fef58ab060ce1795ef21e34768a7a
06_UnityFramework/Assets/Art/Packaged/Sprites/2__e8c4d117.png.meta,1153,a817257f1e410e5092300deab8026060ef5c6453ba419d8e934a6a2c650dc980
06_UnityFramework/Assets/Art/Packaged/Sprites/3__15cac725.png,14520,6d283926b0d969a10c6e6bffc2b88f204ef24931dcb61f6926a7a3a81c066d95
06_UnityFramework/Assets/Art/Packaged/Sprites/3__15cac725.png.meta,1153,e822c8140efdbdf047388472168253162a7fe6dd9a93381d7e41547f74fa7ed4
06_UnityFramework/Assets/Art/Packaged/Sprites/3__da8f7058.png,22572,e273cfe65c15a2d73e5acca80f4f542f08953c5e08132e65eed7b7d575d366b0
06_UnityFramework/Assets/Art/Packaged/Sprites/3__da8f7058.png.meta,1153,1fc7cc25e579374edf31b4dd2eda3c720125651067228b1d49ece7f094ef3c2d
06_UnityFramework/Assets/Art/Packaged/Sprites/4__3ada75a7.png,15129,c05b0906bcd6842fd6f266b836ec30ae530b2e9922868ccc91a2d94e075addfe
06_UnityFramework/Assets/Art/Packaged/Sprites/4__3ada75a7.png.meta,1153,559e724200f74e9a58e7daedb06eaa1d56230bf0524b2389c60082595ddf88ce
06_UnityFramework/Assets/Art/Packaged/Sprites/4__a52e5e07.png,22415,eb63a3230e38f30d5249073c5ee5e0d7a8e47d40cabb1b8b8b0dd6f9bdae4112
06_UnityFramework/Assets/Art/Packaged/Sprites/4__a52e5e07.png.meta,1153,638e84d3192fb1d6585082169a8c8904e7fd8bb201c87cc526666c0be24b11e7
06_UnityFramework/Assets/Art/Packaged/Sprites/5__e42eb6b4.png,15306,b0b186ee85178ea98448b1f4a1ac8b24e93a2dc8155e9ba35e97d0522477f89b
06_UnityFramework/Assets/Art/Packaged/Sprites/5__e42eb6b4.png.meta,1153,8a9c0b231878310b5c5927134cc1c1a472d275f404dd46443bf4a723ab460321
06_UnityFramework/Assets/Art/Packaged/Sprites/5__f2ebcced.png,33707,6b6f39a90484875bcc8d6cd76843df40b44e5afca7a537ff4129ce461e29effb
06_UnityFramework/Assets/Art/Packaged/Sprites/5__f2ebcced.png.meta,1153,0d45ce2323108836916bda4543b109e872fe5a8241f07cc135596f16f2208136
06_UnityFramework/Assets/Art/Packaged/Sprites/6__6389954b.png,17968,868091ce7c8d9a846031ea219df4ca11eae5a331cb0a53d3df79f5e399b3722c
06_UnityFramework/Assets/Art/Packaged/Sprites/6__6389954b.png.meta,1153,16decbe938dfd98785fda9361f781a4b97984115f355dce827fccdf06560a7d6
06_UnityFramework/Assets/Art/Packaged/Sprites/6__66a9b557.png,48594,3c02b48a0ca90b46c08b272d704fc889910019d5eb3367a776aa761685809efa
06_UnityFramework/Assets/Art/Packaged/Sprites/6__66a9b557.png.meta,1153,7ddf9bb27e055b24a87ea694770aacb1bce9d6e79d39827ed765782ee7df352c
06_UnityFramework/Assets/Art/Packaged/Sprites/7__03441240.png,60937,0430bce7941fcffacc9979b65e0d4770fd180f8313645a8285ed1af3aa4219c8
06_UnityFramework/Assets/Art/Packaged/Sprites/7__03441240.png.meta,1153,a1e5fbede478727f92a0a1a23496a04870b5a9b1c95dfb2ad9804a8fcd703f01
06_UnityFramework/Assets/Art/Packaged/Sprites/7__5fe69ccf.png,19241,d0fdf62118cc45d34730cad8666b6728a29fbd60b3ea2f4375e7d4016043d551
06_UnityFramework/Assets/Art/Packaged/Sprites/7__5fe69ccf.png.meta,1153,f51dd3b07a3e45aee24a9401cc23ce5c301a0c7861f771718e529b748e2e2bc0
06_UnityFramework/Assets/Art/Packaged/Sprites/8__50e70dc8.png,78927,725a41a8b52daef8232834cf46e0fc49d2c2c24a99823d78313f22b0ea317677
06_UnityFramework/Assets/Art/Packaged/Sprites/8__50e70dc8.png.meta,1153,7c18123ed21389335d47f52c56a01a0c6e6962854c40039b355f9f6169cb6a8c
06_UnityFramework/Assets/Art/Packaged/Sprites/9__4f243371.png,63804,de6c8b5448c85b60880c210a73e7a69778f50f1f206d8f16cd23c3bb3905f97c
06_UnityFramework/Assets/Art/Packaged/Sprites/9__4f243371.png.meta,1153,eb6f13ee393ad65091d14f3446c414afb033bbc74d7f700a138081b529ea4d1a
06_UnityFramework/Assets/Art/Packaged/Sprites/back__b5a3c60c.png,14483,127cb55c91b307b83266cf3e54f9cfc091a812b76b37a387969ab7205b8dfb04
06_UnityFramework/Assets/Art/Packaged/Sprites/back__b5a3c60c.png.meta,1153,2155fa4d72568cf91c4bec3cf5341dd5b613f8bb1bc0d00664cbdf100bd19484
06_UnityFramework/Assets/Art/Packaged/Sprites/bar__3c78972b.png,1334,b1a9493a0ffdfdbe2e11e5d16ec4da5aec35873a6f1313f9799cc18cee5c11b9
06_UnityFramework/Assets/Art/Packaged/Sprites/bar__3c78972b.png.meta,1153,65f60fd162ecd3c520ffc6670e1eded257eaf66ec075c1505f78543f3dbc5197
06_UnityFramework/Assets/Art/Packaged/Sprites/bg2__23633833.png,1583,35ab329e3037e7ac087881e7180cd5258a74a80cf2f0c8ef6c246c79cde6a085
06_UnityFramework/Assets/Art/Packaged/Sprites/bg2__23633833.png.meta,1153,15f2000673710c04fa02ce8f876881adb4aeda4425c6cf8eb694a250ad9b73aa
06_UnityFramework/Assets/Art/Packaged/Sprites/bg2__6539261b.png,1024,5c9e351dd118c7aa0f0f821f16b231d2ffdd4b13da9206f50ccc055506003461
06_UnityFramework/Assets/Art/Packaged/Sprites/bg2__6539261b.png.meta,1153,cde5b637133379cbbcfee282d0f61579679aa1c0e2d104d65540f1d3bfe83310
06_UnityFramework/Assets/Art/Packaged/Sprites/bg2__cba80641.png,2309,273aa771d3e02d788ddd3d803df89ffa968a9a3702b0abbd350cd9bf2b101b1f
06_UnityFramework/Assets/Art/Packaged/Sprites/bg2__cba80641.png.meta,1153,3788f8dee7bae3befd151925871610be716a786a52d822951e6b0f68aaa3e342
06_UnityFramework/Assets/Art/Packaged/Sprites/bg3__3a309598.png,4786,39db287dc088044b0db9b5257aeaece10294c25bd54812721a37c166ae400a9f
06_UnityFramework/Assets/Art/Packaged/Sprites/bg3__3a309598.png.meta,1153,a634a342a3ea6de406a0e054f9f1660c6c660854df6ccf9ba165ba5f09707576
06_UnityFramework/Assets/Art/Packaged/Sprites/bg__27a1871e.png,148794,1b678751bf334c1788d80794293e3ec9733abdf0e0b127f1ab759363a73c0f09
06_UnityFramework/Assets/Art/Packaged/Sprites/bg__27a1871e.png.meta,1153,b8f65305276fb4fcc7b62a8df4f46c6f7c92253766775075e09a199164db0428
06_UnityFramework/Assets/Art/Packaged/Sprites/bg__418bb024.png,65948,574c77d4e1a8631cb6baf50e3e8f279403de1786b7aa7775696a62a4f05251a8
06_UnityFramework/Assets/Art/Packaged/Sprites/bg__418bb024.png.meta,1153,d9bc818442bf6dbfbc08d51ba1c36928a852988cf7497eed82fb2fd857e390ec
06_UnityFramework/Assets/Art/Packaged/Sprites/bg__494564fd.png,7002,de4041663cfeb7fab893b72455feb1d418a48db6c3af9298340d693c262039ff
06_UnityFramework/Assets/Art/Packaged/Sprites/bg__494564fd.png.meta,1153,c3b0a5c88686561a64fd3ee6c86af904aaf817f18fdce0cc30f6cec212ca41de
06_UnityFramework/Assets/Art/Packaged/Sprites/bg__b20d4370.png,6929,aa1e9e351c77a5e909449bfdcb1f76ebd10ee446bb3b43c95d3c034502b1242a
06_UnityFramework/Assets/Art/Packaged/Sprites/bg__b20d4370.png.meta,1153,303b62ca9c1321a2b0eefbbe9a099e73910422338db0ecbcf79dd100a9b77292
06_UnityFramework/Assets/Art/Packaged/Sprites/bg__bff6d57a.png,18338,c1ca1ac4471eff54ed0eb1b8e8a2059ac4fab3592fe610f819592800b042221d
06_UnityFramework/Assets/Art/Packaged/Sprites/bg__bff6d57a.png.meta,1160,5ea39eedadfce4ecfa4d26706f5a3ca1cb97611dd603b16748d0b43111d37278
06_UnityFramework/Assets/Art/Packaged/Sprites/bg__c21a5d9f.png,1593,d8a4f480f021d0354536ccc6a7cc0a38844d37854290b8cd957355cf7b4de61b
06_UnityFramework/Assets/Art/Packaged/Sprites/bg__c21a5d9f.png.meta,1153,ce254bb0f4da109179dc735c0090930068458a70152dd14136112caa79bac74c
06_UnityFramework/Assets/Art/Packaged/Sprites/bg__e8a1e2b8.png,23879,deb5f0efe98be98c99e92e21b7e464e10c4ebfb209a6421ecefa89d1b13e5353
06_UnityFramework/Assets/Art/Packaged/Sprites/bg__e8a1e2b8.png.meta,1161,3a04ac4cc6ff9855b69e031ec8a313903b7a22cd7f1eb8090accab4cbf670c35
06_UnityFramework/Assets/Art/Packaged/Sprites/bottom__825a7f38.png,1586,89048420e80ba23b787be93b6b21f666ad7551825443c4a2d37ea2fc402e35cd
06_UnityFramework/Assets/Art/Packaged/Sprites/bottom__825a7f38.png.meta,1153,0925ecdabfa43084cc9035e10d9594039d0cfe92d11bbdbf00d45660fcf63512
06_UnityFramework/Assets/Art/Packaged/Sprites/btn__09fb4d52.png,17906,ec2be527ea327a5ac2e96b6b8fe07d76fc1c0dd632288446fd48a8550ec29af9
06_UnityFramework/Assets/Art/Packaged/Sprites/btn__09fb4d52.png.meta,1153,764c7d5bbd5ab524195c638c8189aae08478c4a3ff99193494563546bc14f38e
06_UnityFramework/Assets/Art/Packaged/Sprites/btn__214e7602.png,17906,ec2be527ea327a5ac2e96b6b8fe07d76fc1c0dd632288446fd48a8550ec29af9
06_UnityFramework/Assets/Art/Packaged/Sprites/btn__214e7602.png.meta,1153,0c98e28c70b7ef1d8c32f5cefa5c2ecff885e12334d8006527f9d51784fb2eb3
06_UnityFramework/Assets/Art/Packaged/Sprites/btn__7f013f23.png,17906,ec2be527ea327a5ac2e96b6b8fe07d76fc1c0dd632288446fd48a8550ec29af9
06_UnityFramework/Assets/Art/Packaged/Sprites/btn__7f013f23.png.meta,1153,ba0cfc6100e587b80aef5a16e2e731a037b38726363b47df6f3938e326ebfe0a
06_UnityFramework/Assets/Art/Packaged/Sprites/check__ed7b90ef.png,5554,ada2541384d5edce587f09dc170c41c0b1ff62c105782216c2693580122dd49d
06_UnityFramework/Assets/Art/Packaged/Sprites/check__ed7b90ef.png.meta,1153,5b76c0adfdd25509afd2312e0c943c968b0521848fdf7aa2fb2d0eb50379c1fb
06_UnityFramework/Assets/Art/Packaged/Sprites/close__3fb1c5ac.png,581,a0748db0d8a6bba904b4af0ff2535dba49a1fbb63ec8cad9bc2a112d95aeb99e
06_UnityFramework/Assets/Art/Packaged/Sprites/close__3fb1c5ac.png.meta,1153,89fb8fa8e69f001569125586217740175dfd98f6e8c2a3f453f853e2c654933e
06_UnityFramework/Assets/Art/Packaged/Sprites/close__99a38022.png,585,c4756f32ed06385cae4407bff16add86d906c556621c8ac9a0f28db09030ded6
06_UnityFramework/Assets/Art/Packaged/Sprites/close__99a38022.png.meta,1153,34c6ba667f9911375977605dfb57dfca639dfa4c4b586cbaebec8caf8f776d1c
06_UnityFramework/Assets/Art/Packaged/Sprites/close__9acae03f.png,596,e405d04248e6fc655a03a3402a81396f5af507f4647b4c5bebd99e5e1d5e22f1
06_UnityFramework/Assets/Art/Packaged/Sprites/close__9acae03f.png.meta,1153,08ed8ea8e2f316b328da17bfbe0c66db610a68bcc16baad747ffc4b99ddedeca
06_UnityFramework/Assets/Art/Packaged/Sprites/close__f7b567c8.png,567,645ac156d2dddcbec403ae065ef515cd2bcbc8dfcaa567287e6e5af681008585
06_UnityFramework/Assets/Art/Packaged/Sprites/close__f7b567c8.png.meta,1153,49e89239a65db9b774045d7f11c0163e07214473bbfad17e4c875276eb06a740
06_UnityFramework/Assets/Art/Packaged/Sprites/coin__2316961c.png,3719,b550b73b691e4498039f712a42caf79a6b79e7f28069488de29fb41cfadf7445
06_UnityFramework/Assets/Art/Packaged/Sprites/coin__2316961c.png.meta,1153,d1afcee2deb13bbbb5b88773346599008023d3f6c680f6b17e487e6bc051f471
06_UnityFramework/Assets/Art/Packaged/Sprites/coin__9542e802.png,4743,a0280c9e23ef6fbdc49635d75a19c68866118acd2a38af38c5fcf581fca03450
06_UnityFramework/Assets/Art/Packaged/Sprites/coin__9542e802.png.meta,1153,b9219186c1f794a07c61acc3b692f062466f1096445137143a533ad9088868a7
06_UnityFramework/Assets/Art/Packaged/Sprites/coin__c2139f28.png,4743,a0280c9e23ef6fbdc49635d75a19c68866118acd2a38af38c5fcf581fca03450
06_UnityFramework/Assets/Art/Packaged/Sprites/coin__c2139f28.png.meta,1153,c7a809d30880b195af6206fc2fbc20f9a7972aaf0b4373adc0976bd90c4d7257
06_UnityFramework/Assets/Art/Packaged/Sprites/coin__d01fa1de.png,2559,76c841a7338b0e9e564bdfa9adbb029db649c688233c43d4890edc15190af323
06_UnityFramework/Assets/Art/Packaged/Sprites/coin__d01fa1de.png.meta,1153,67e0c8e613043d3df049b9a4a7cce8ae95f66aa31db752bfaa53bb2bdc5c179d
06_UnityFramework/Assets/Art/Packaged/Sprites/coin__fbbba82e.png,8921,6531e931b99097608f67c78cf7acf452f19190db3b44550e0dd15ff16df7fe3a
06_UnityFramework/Assets/Art/Packaged/Sprites/coin__fbbba82e.png.meta,1153,896c0c9cef4e2efac663a25ac7d2f0bb885d43dd30c520b8984daadd17a27a3e
06_UnityFramework/Assets/Art/Packaged/Sprites/cry@2x__7f2c05af.png,66477,375fa7d655df11d7402de41f3c4539ac83d9bf3f8646090ce55c87eefe277d58
06_UnityFramework/Assets/Art/Packaged/Sprites/cry@2x__7f2c05af.png.meta,1153,9c27893fd0a1741ba12eaa5716ca02bf956e90f31233ea751f0f1cdca60f9195
06_UnityFramework/Assets/Art/Packaged/Sprites/default_panel__9bbda31e.png,193,043434a799e30ec759a41891242cd4c7c76a06522d6cf97f7b037dd78b1303fe
06_UnityFramework/Assets/Art/Packaged/Sprites/default_panel__9bbda31e.png.meta,1153,1770c60b14b431d0ee36dcfa2af1cc954e312a209f227a389eb363de5a2f3966
06_UnityFramework/Assets/Art/Packaged/Sprites/enter__6aa212c0.png,4843,549cd403d46afb53634ceb7f03c52d1677060ac256c2192f183b84172b92e045
06_UnityFramework/Assets/Art/Packaged/Sprites/enter__6aa212c0.png.meta,1153,b654389243726ca3e63f5c9d1716db4ad8f249d70159ef91df0a171063aea06b
06_UnityFramework/Assets/Art/Packaged/Sprites/heart__90158239.png,3873,7662c7f02692308a187d7dbca15771639c0a270e27a8286a418cc7825787729c
06_UnityFramework/Assets/Art/Packaged/Sprites/heart__90158239.png.meta,1153,b8506e374583a683ca7c4ee9bac871dd5f335cf8b53160a672c17457854b5534
06_UnityFramework/Assets/Art/Packaged/Sprites/heart__c19a08fe.png,3873,7662c7f02692308a187d7dbca15771639c0a270e27a8286a418cc7825787729c
06_UnityFramework/Assets/Art/Packaged/Sprites/heart__c19a08fe.png.meta,1153,a294337aea700d6e8fab59a78ac599f67fbc7fb48438383deff8346fddd8b912
06_UnityFramework/Assets/Art/Packaged/Sprites/heart__f6ae0818.png,49396,c312136f4c695381d4d9b63607114e054eccb7f091afafbab8e9a50f4e6970d2
06_UnityFramework/Assets/Art/Packaged/Sprites/heart__f6ae0818.png.meta,1153,7125a4fd1c83a4d05eb9e067c83b256b335c16f74fcd2200ce0b43fa39340402
06_UnityFramework/Assets/Art/Packaged/Sprites/honor__2dc6b624.png,7161,b9dc4aa1e8cada157399ee6a583a54df3f38cfb473b2b9b10a626d850314f787
06_UnityFramework/Assets/Art/Packaged/Sprites/honor__2dc6b624.png.meta,1153,c4439de0540ad0be1ee367b61e423abdecbd45cc010760115681c3c3c34954bd
06_UnityFramework/Assets/Art/Packaged/Sprites/level__68405fc2.png,3480,2dd6d45dbb96c9293bf25e8c04ef960ab61a8924023a20579b084966761885e1
06_UnityFramework/Assets/Art/Packaged/Sprites/level__68405fc2.png.meta,1153,002183131f3c7a79b74fe8b91d123d12072c328a5c5a3daaeedb8fddd3063688
06_UnityFramework/Assets/Art/Packaged/Sprites/light__a586675c.png,68971,63ee24e03dade1d9c169e652b37ff895d64f9f88279a464b4252b904b0f5f212
06_UnityFramework/Assets/Art/Packaged/Sprites/light__a586675c.png.meta,1153,f4b3014a5b30b30ae74e04a95393533a6c3af78cbb2929231453380b0def25c9
06_UnityFramework/Assets/Art/Packaged/Sprites/light__ca9a6aa0.png,81908,803bb2e209c062c73c94d673e9b689c9a39d34587ed96e3920fe396e80f17c86
06_UnityFramework/Assets/Art/Packaged/Sprites/light__ca9a6aa0.png.meta,1153,77fb84825dff066ff534b753bac9fa1cf86cb8473f81bd7878a9360b04d55bfe
06_UnityFramework/Assets/Art/Packaged/Sprites/line__1ee6617b.png,210,acdea4bb0161a6a08ded75173e8d205a4bf4432cd4bc30298ad817f9add55084
06_UnityFramework/Assets/Art/Packaged/Sprites/line__1ee6617b.png.meta,1153,a488bd216ba4ab065e109b5667aef1300b71784db255c47c071d0163b64c0b72
06_UnityFramework/Assets/Art/Packaged/Sprites/lock@2x__6fa4fb6c.png,7669,74146ce66fd95128b1d15742a8108e077029ec318655bf5e83e92d8b2c80fcc7
06_UnityFramework/Assets/Art/Packaged/Sprites/lock@2x__6fa4fb6c.png.meta,1153,6d6bff47a967884f719908d0c866f2db4e5f5d7a030d7f73033e47483cb15ad3
06_UnityFramework/Assets/Art/Packaged/Sprites/logo__297b45f9.png,154518,730ebf88df311dd3a5d3bb86784c4a7ba2c30bb47597ecd9a0db2dbfee382776
06_UnityFramework/Assets/Art/Packaged/Sprites/logo__297b45f9.png.meta,1153,71b78f1f832d5150b07914aa71e4a6b9b770614de505e0fbf8346c8820679e43
06_UnityFramework/Assets/Art/Packaged/Sprites/no1__dcc67e6a.png,1497,9b06c15a5b1b5b058f211fd1c4be8adcbc8d98f9681f8a50ca8404624c8188c3
06_UnityFramework/Assets/Art/Packaged/Sprites/no1__dcc67e6a.png.meta,1153,d91efa7f0e0caf102a06ff782210cebff14b9d543888faae7340ad7398ad34f5
06_UnityFramework/Assets/Art/Packaged/Sprites/no2__70b84c1b.png,968,b588e20f191fef03b2ac5a064ea65ee46ddcbce3b673a4053ceb133f1514b346
06_UnityFramework/Assets/Art/Packaged/Sprites/no2__70b84c1b.png.meta,1153,38a31ea22b30b76c24b1d7f67257765ef4a8d436a2d9f6eea7931c3220388141
06_UnityFramework/Assets/Art/Packaged/Sprites/pgb__436a50cd.png,2000,983aed203639b024df14278daa4261e9ddfcb09990919cec29c55058d2e88d4d
06_UnityFramework/Assets/Art/Packaged/Sprites/pgb__436a50cd.png.meta,1153,ac19c408db207739d098c4c3bdebc554a31d6a6efafd8e8d0fd80444b123ad6b
06_UnityFramework/Assets/Art/Packaged/Sprites/Privacy Policy__419864ef.png,670498,a7075d93e2fd9f7e40105efdc76457400251711bb43722be30ab97b03de6962a
06_UnityFramework/Assets/Art/Packaged/Sprites/Privacy Policy__419864ef.png.meta,1153,49aa8b0488d26210091679c6535b4f5077add616ecb261d46c4f8cf154ed18fb
06_UnityFramework/Assets/Art/Packaged/Sprites/reaty__217debed.png,15098,e3ef4527a5665bd96a722341bdaa8597f05c64e4223313bde0d23eba67a69ff1
06_UnityFramework/Assets/Art/Packaged/Sprites/reaty__217debed.png.meta,1153,79dc758d1c05de3d28360b10b1351c436fde7aeb49ff10c6817ac6f6a9b5f21e
06_UnityFramework/Assets/Art/Packaged/Sprites/setting__3ff73e21.png,7095,310619e353629db42f14ccce5c55e4b4fca9c5c61675a6f2a20a38c0951401a9
06_UnityFramework/Assets/Art/Packaged/Sprites/setting__3ff73e21.png.meta,1153,8578605823aaefa346690c4a16000e99a5c0e45e428113a2b48152b0814fec66
06_UnityFramework/Assets/Art/Packaged/Sprites/shezhi2__20549095.png,6978,434ee3a36cebd1daa9805a01b260bda8e6f592db5ffacbd8a3e3a2ee29dfe3f8
06_UnityFramework/Assets/Art/Packaged/Sprites/shezhi2__20549095.png.meta,1153,803b3f98cdee09941dd01fc74c064c8a7f698f4e1cdef544fed89b4cb188403f
06_UnityFramework/Assets/Art/Packaged/Sprites/singleColor__410fb916.png,78,803f3b73e9e4960c1b25d25b1dcb493de6cb51a001fbcc7f604e4dfe62c8c26e
06_UnityFramework/Assets/Art/Packaged/Sprites/singleColor__410fb916.png.meta,1153,3fe2931922ca71c649d72bee7be4cd376e3ace567faaba620fa78be45147ecba
06_UnityFramework/Assets/Art/Packaged/Sprites/Terms of Service__c3ba03e3.png,534698,0786b6cd858006081bcf948a8ff7569634c921bdb78f2f7221b810ace6a60fb0
06_UnityFramework/Assets/Art/Packaged/Sprites/Terms of Service__c3ba03e3.png.meta,1153,726f016f0b6a2c4e7ab622774264f02123829dad6614718a080d42a14cd13ea5
06_UnityFramework/Assets/Art/Packaged/Sprites/tips__6c961c8f.png,1891,17d001229a6791836faa88ba16bfc11ce592b04ae1adac15577302ef575d74f9
06_UnityFramework/Assets/Art/Packaged/Sprites/tips__6c961c8f.png.meta,1153,8ef2e33a47916b17502c7c3a53fe8e75f7821b991f1c011a227c53e115f057f7
06_UnityFramework/Assets/Art/Packaged/Sprites/title@2x__c37fa13a.png,45861,5025626be6a5a3754b918966bf43b09b71822fea6d1cfa7a974fc6cdbc0e7a17
06_UnityFramework/Assets/Art/Packaged/Sprites/title@2x__c37fa13a.png.meta,1153,0cfd63b6ada22c5bec66b8fbf9f66dd0f0b3760f1394172526f7dd80abd94d7a
06_UnityFramework/Assets/Art/Packaged/Sprites/title__aa905f88.png,39792,b769d8e033dbaae01a5ba2bb56ae764ca95931cce0e38c6d9088b68cf8bc18e6
06_UnityFramework/Assets/Art/Packaged/Sprites/title__aa905f88.png.meta,1153,00d5259fbcc7dae161cf443b7a0a186b1ed4c5cecccc43354c59fc2ee873a1c6
06_UnityFramework/Assets/Art/Packaged/Sprites/Toast__fd813198.png,1168,5afa38db117eb867ac2b34e040dac713ee25112c79b11006d8cb60dd04b9f0fa
06_UnityFramework/Assets/Art/Packaged/Sprites/Toast__fd813198.png.meta,1153,7fa67b9ceddcb4c33b57b15e891f16e3224facf749a5dd8cb56810e50c34c019
06_UnityFramework/Assets/Art/Packaged/Sprites/top__858d4c21.png,167381,4b16189313ec599f2a7dc033b609fa13aeb965f6869608ef313493942d400755
06_UnityFramework/Assets/Art/Packaged/Sprites/top__858d4c21.png.meta,1153,f15939275a745d594edd20d0574058e882870a5407720c2cfaee1c4e37b32498
06_UnityFramework/Assets/Art/Packaged/sprites.json,40988,ee94ea84b12f334ddc7bca225ff35365bc73a9c932e261fca33fde5473e10ad5
06_UnityFramework/Assets/Art/Packaged/sprites.json.meta,162,9e68b4473e17c987c5b7b87da0d8c78959456b1c14f2fe8076a5a3c2445467c1
06_UnityFramework/Assets/Config/EffectiveRuntime/Cached.normalized.json,51181,a9363c0806c80ae2aa3a9b814ea9809f1d3e642a9ed1a26d2a52fc55c0c28215
06_UnityFramework/Assets/Config/EffectiveRuntime/Cached.normalized.json.meta,162,9c435a4f5078474ae758c44a01a08d1222b66e47d5bdb892d6835280e060c01c
06_UnityFramework/Assets/Config/EffectiveRuntime/CodeDefaults.json,2978,f563ef02d86a08a48cfd4cdb81103a46d59bf2a1345c2ff4431b248e08ad55a5
06_UnityFramework/Assets/Config/EffectiveRuntime/CodeDefaults.json.meta,162,58f29939df779baf0f20707f88ec150c473a982bfeebf317f48a6f5c98dae85a
06_UnityFramework/Assets/Config/EffectiveRuntime/HotUpdate.CoinItem.constants.json,2853,cdb89f55839a0bab44bb642689c0cf807ab6a75a88f45ef4e49ac910a977d4db
06_UnityFramework/Assets/Config/EffectiveRuntime/HotUpdate.CoinItem.constants.json.meta,162,53ec019c0d2e289be2d266396175a3dde72a810ed481b4b669934bc638c904ad
06_UnityFramework/Assets/Config/EffectiveRuntime/HotUpdate.GameUtils.defaults.json,1430,81c33337e20150fa6ec2366b1ace42a5993287d22ca4b3a12cda9dd4e994d446
06_UnityFramework/Assets/Config/EffectiveRuntime/HotUpdate.GameUtils.defaults.json.meta,162,05e8f33473f8c791fd3024f67bd12199b73a9e6d3e27a6e43308591e6bcb3a59
06_UnityFramework/Assets/Config/EffectiveRuntime/Packaged.GMConfig.json,328,e6f06d94e055b80e2b880daab4d579f9083935fb8a6bfdd050364709c7bdb8b3
06_UnityFramework/Assets/Config/EffectiveRuntime/Packaged.GMConfig.json.meta,162,f4d426f06270e86d0ace630e71d89d976c1c1a52e8a57738abdd336c421f31c1
06_UnityFramework/Assets/Config/EffectiveRuntime/PackagedDefault.normalized.json,51120,e736d446f836e93733ad1d18cd89849b319f8d2e41c5e6427fe790b6c5547104
06_UnityFramework/Assets/Config/EffectiveRuntime/PackagedDefault.normalized.json.meta,162,cce7ee836c4c7b6f5cba1366b64d88e502d103c04cfdc1a5c136507d90c3f8c1
06_UnityFramework/Assets/Config/HotUpdate/config/data.json,49509,4a085446271a9d6781c6f2768301fd8a7e844fe923dccdafe8095c83926490d0
06_UnityFramework/Assets/Config/HotUpdate/config/data.json.meta,162,3cb5f84e3ef02f46d5d8d504d2f683a8c54a50eecb10b99efab366de98f579eb
06_UnityFramework/Assets/Config/HotUpdate/config/detailsData.json,8352,2c0ef5b6c53dd6c60d3917ddc58428253cfc73627419595df2b7f9270f71e86b
06_UnityFramework/Assets/Config/HotUpdate/config/detailsData.json.meta,162,17d5c5f2f001524bb6c58db23b0e39b897d3f798653ba02bf21b4f034a4ec45d
06_UnityFramework/Assets/Config/HotUpdate/config/language.json,138297,224be3f326d867ccb4aaad77f217c69295eb0355749d27dc08695aabf7227708
06_UnityFramework/Assets/Config/HotUpdate/config/language.json.meta,162,9456d4b3a30a92bfdc40e1b1a83184cca34da68f0164334b581377629e273216
06_UnityFramework/Assets/Config/Packaged/Json/next_config.json,4285,e20c89f6bcd45f773452c0001fa86441af74c283ae962e7def131de147f5533e
06_UnityFramework/Assets/Config/Packaged/Json/next_config.json.meta,162,4327f8f7e7f925760301169a9d5be3fc94da06a07f441e833594b12598acff69
06_UnityFramework/Assets/Editor/RecoveryBuilder.cs,15295,becab0b0be04f992e81e35208b2d18354b9a5cde4003f6aa53121fda1dc5f8b9
06_UnityFramework/Assets/Editor/RecoveryBuilder.cs.meta,254,6ea4e711ede82f2ea0273d4ceb3db9f8b73f67e677ce88d01235ae6f51dfdc19
06_UnityFramework/Assets/Prefabs/HotUpdate/CommonPrefab/flyicon.prefab,4686,8281523f64cd0f568eeded3140b449b4cd5052e2e32ac57856aa0c6fe741fbd4
06_UnityFramework/Assets/Prefabs/HotUpdate/CommonPrefab/flyicon.prefab.meta,162,7f26d21c63c0a0eb1aabf8847d648c22de741b7a8da1ce8523044b8a901a700b
06_UnityFramework/Assets/Prefabs/HotUpdate/CommonPrefab/flyiconmove.prefab,12924,04824517fe0c16fe4dbfdb6bffedf645b90e6975ea38789f4528aa6baaafcd1c
06_UnityFramework/Assets/Prefabs/HotUpdate/CommonPrefab/flyiconmove.prefab.meta,162,12c49082a751a9c0a0d1f33714e75e8e7625530080aa19f7718cce0df63a20c4
06_UnityFramework/Assets/Prefabs/HotUpdate/CommonPrefab/flyiconrevoke.prefab,3721,bd658ef3ceb72a6b85ba260c79ff71e3fbf355ba01e8dc5672a13164399a16f5
06_UnityFramework/Assets/Prefabs/HotUpdate/CommonPrefab/flyiconrevoke.prefab.meta,162,d68a247698ffccd1943d3dbec34a99490b249220b9f60a33386c1fe99b194a10
06_UnityFramework/Assets/Prefabs/HotUpdate/CommonPrefab/flyicontip.prefab,3717,d3dc61ad7264c9f029d2f597cb16d3d26eca53e78f09fc1b62fe7bcd880a4d8f
06_UnityFramework/Assets/Prefabs/HotUpdate/CommonPrefab/flyicontip.prefab.meta,162,20d13e42d9c15679c3d887467d5a4b4f6b633cc2c46ad768537d9b37fcbb4fde
06_UnityFramework/Assets/Prefabs/HotUpdate/CommonPrefab/flyrealicon.prefab,3885,2dfa0bf8926114cc3c5add7093e50b451ffb8f90f01e06bd8192d19181a6b8a7
06_UnityFramework/Assets/Prefabs/HotUpdate/CommonPrefab/flyrealicon.prefab.meta,162,a94c8dd05142e3e27f4fcf68e9fefe7435633d2e93181e13ae482360f19cda16
06_UnityFramework/Assets/Prefabs/HotUpdate/CommonPrefab/RewardRealToast.prefab,20189,62ea847a780d2bdbde69c55bf35a3b436843d7d42756907f4d42748b97b2b777
06_UnityFramework/Assets/Prefabs/HotUpdate/CommonPrefab/RewardRealToast.prefab.meta,162,8c3c497dbd978691f8f4d373d9a6ea43f81660cf5e86a9eeff1be86697169fb2
06_UnityFramework/Assets/Prefabs/HotUpdate/CommonPrefab/RewardToast.prefab,21043,2813b9b33d831713071a83a0a7321c1014656d54633c65631665acf92f1ee80d
06_UnityFramework/Assets/Prefabs/HotUpdate/CommonPrefab/RewardToast.prefab.meta,162,5c0edb91488c39f2ffe5a01aaa3cd9e7e7e39bf809bcc55577f9f48183ee747c
06_UnityFramework/Assets/Prefabs/HotUpdate/CommonPrefab/Toast.prefab,14711,59e7fd93752b02aaa830a0ae0ec818f6019c7cc963a13304425b2e3868d6c4f8
06_UnityFramework/Assets/Prefabs/HotUpdate/CommonPrefab/Toast.prefab.meta,162,4ae01e920c432d4443d067f96e03274831ade5c4298e26e238f082e74aac32e3
06_UnityFramework/Assets/Prefabs/HotUpdate/GameDialog/DebugDialog.prefab,463343,6cdce16e06c8776f6ed7cd2debca47f3bb4c595760b3135da47e719a8e76b5dc
06_UnityFramework/Assets/Prefabs/HotUpdate/GameDialog/DebugDialog.prefab.meta,162,141814b7baba9679ccc1142011d9f9517051d230c7d9053a03ae412df5c77288
06_UnityFramework/Assets/Prefabs/HotUpdate/GameDialog/FailDialog.prefab,141149,883166692eb2eb85d1312b6711986643434eada8beb850e46583f9b8f56d3eb7
06_UnityFramework/Assets/Prefabs/HotUpdate/GameDialog/FailDialog.prefab.meta,162,f288e18eb73b99c521d618d52f436ce2939fac0a56a3520a85c2db6d9decca0d
06_UnityFramework/Assets/Prefabs/HotUpdate/GameDialog/GameFakeWDDialog.prefab,86231,07f9d6022ed0bd4466c729756ffd5e0d6518283d258fae8816e543185d28abb5
06_UnityFramework/Assets/Prefabs/HotUpdate/GameDialog/GameFakeWDDialog.prefab.meta,162,a8e66bdd595fb0eeec357e3c0d5c4875f9de3fdce43687ed6d2b0deb0334a727
06_UnityFramework/Assets/Prefabs/HotUpdate/GameDialog/GameFakeWDItem.prefab,44339,d3f0aaa35da54c69d723c3b1c0a495dbcb73ad14e38f981de30791c14a810742
06_UnityFramework/Assets/Prefabs/HotUpdate/GameDialog/GameFakeWDItem.prefab.meta,162,ccd493e33505f296677bf5cdf8a0fabb239706ad3df97c76a22506eedd800f42
06_UnityFramework/Assets/Prefabs/HotUpdate/GameDialog/GameRealTXYZ.prefab,110054,a3dedeb0a4eab113e8970e0584e0b772442cf662af152406681becaaa83f5fa6
06_UnityFramework/Assets/Prefabs/HotUpdate/GameDialog/GameRealTXYZ.prefab.meta,162,c610396774c3d15899405e68c46a5193268c19d97c2dc8e941418c64c6862f01
06_UnityFramework/Assets/Prefabs/HotUpdate/GameDialog/GameRealWDAccount.prefab,82356,b84e1adfc9ad399c5e11ade786ac38c5f09a606db539d0aacf3cb3255ae74031
06_UnityFramework/Assets/Prefabs/HotUpdate/GameDialog/GameRealWDAccount.prefab.meta,162,9859fec6288854591938b3a7bc0408d443a1c9fec3771cbfcbfaecc39c654bd5
06_UnityFramework/Assets/Prefabs/HotUpdate/GameDialog/GameRealWDAccountBR.prefab,126934,cd22af213ae63d837e5c556e35ee862f3bbc43eee1cfa7ec43b71caa7ccf8b66
06_UnityFramework/Assets/Prefabs/HotUpdate/GameDialog/GameRealWDAccountBR.prefab.meta,162,d50ab7a9fb8302bc4e07fb50c96bc8147cbc4403673cd7549783014fdad0af93
06_UnityFramework/Assets/Prefabs/HotUpdate/GameDialog/GameRealWDAccountID.prefab,129084,f618a431a0394476a83b4d169a97c0249fd11f82c7d054f3bb1558d462646eca
06_UnityFramework/Assets/Prefabs/HotUpdate/GameDialog/GameRealWDAccountID.prefab.meta,162,fa9aff0284d87650904a78df89ee09eb9d4aed24452ff9833ebcee1b2b6cd649
06_UnityFramework/Assets/Prefabs/HotUpdate/GameDialog/GameRealWDActiveTips.prefab,42911,e2a7fa920942840c99e8af4bbac3b5cbccfcddaa62136525ebfd485a0fede386
06_UnityFramework/Assets/Prefabs/HotUpdate/GameDialog/GameRealWDActiveTips.prefab.meta,162,ee5664538a3f1544579880c9784eccb294126bc724611889ac4a103e9e894e63
06_UnityFramework/Assets/Prefabs/HotUpdate/GameDialog/GameRealWDADIDTips.prefab,45901,9ed643d2ddcee952e87f324f1790b6fd3760f6de5032056fcdf2ba2542bfed7a
06_UnityFramework/Assets/Prefabs/HotUpdate/GameDialog/GameRealWDADIDTips.prefab.meta,162,c7267d4b0c0f4db92eee5935367e1e6a244f8837002b1384f9c64269603e04b9
06_UnityFramework/Assets/Prefabs/HotUpdate/GameDialog/GameRealWDDialog.prefab,194124,c6849ba5db812591f6e9ac9fbd460b9ca13413105cdeb45e1ae67598c6075e37
06_UnityFramework/Assets/Prefabs/HotUpdate/GameDialog/GameRealWDDialog.prefab.meta,162,a50f7a001bf39525389b754d64dcfaf89ff150fc5053713f7264c801cbd550af
06_UnityFramework/Assets/Prefabs/HotUpdate/GameDialog/GameRealWDEmailOccupy.prefab,41990,6a8716fb7f2440882ce2b72b4ebe46dd32debe6a24055c9dec9269505f0becad
06_UnityFramework/Assets/Prefabs/HotUpdate/GameDialog/GameRealWDEmailOccupy.prefab.meta,162,7f06a0de1bcf995469985a0b70aa579f28f47a998eb0153763d722c67553e895
06_UnityFramework/Assets/Prefabs/HotUpdate/GameDialog/GameRealWDHelp.prefab,45788,56ea5979ac831ec16d34dd04a19547fba4007b051ee7e5bde88bdf24acc96711
06_UnityFramework/Assets/Prefabs/HotUpdate/GameDialog/GameRealWDHelp.prefab.meta,162,5c03a370f4ed574e2d63017b56356db14a1fcdcab6a0bbfe3b7c6ba8f265032a
06_UnityFramework/Assets/Prefabs/HotUpdate/GameDialog/GameRealWDRecord.prefab,48537,8685c2335e66ae31340bfd7aa0a5cb6cd74437d1468b110d9c580732b8f14675
06_UnityFramework/Assets/Prefabs/HotUpdate/GameDialog/GameRealWDRecord.prefab.meta,162,3fc0c86a50c6d437a86754e5083685bb361746bf36952e78e5e58f3ee20a3bf4
06_UnityFramework/Assets/Prefabs/HotUpdate/GameDialog/GameRealWDRecordItem.prefab,181571,b4e5c0b8a33d1b7892a09a35bd181c531e4e6bb46d5f98d1ad5f232a16a97511
06_UnityFramework/Assets/Prefabs/HotUpdate/GameDialog/GameRealWDRecordItem.prefab.meta,162,efd8a6d92623e6f1e64252bf77b82d627dd5b6b0b109a6ce31e386db9eb388ae
06_UnityFramework/Assets/Prefabs/HotUpdate/GameDialog/GameRealWDTXSuccess.prefab,61447,9e9e87a0f813ea19728179e9d90bbc80e80b75c13f1c79fae103e78b1afa692b
06_UnityFramework/Assets/Prefabs/HotUpdate/GameDialog/GameRealWDTXSuccess.prefab.meta,162,c2a6f8cc8c2dc7e59c59877f60f4ed2a57b53114eaca524aca18e36d27ad21f5
06_UnityFramework/Assets/Prefabs/HotUpdate/GameDialog/GameRealWDTXTips.prefab,73486,58ceb548901b85078c2c73a223b67f9b3daeddf0990a6ca6fe2cd3b73f962c68
06_UnityFramework/Assets/Prefabs/HotUpdate/GameDialog/GameRealWDTXTips.prefab.meta,162,398d4e5d0edd188387619679cfde54104f829245ee909283aa6f76b4d4a28907
06_UnityFramework/Assets/Prefabs/HotUpdate/GameDialog/GameWithdrawItem.prefab,33222,f8a0374420453f184101b864ea8d9b6ba5618762b920e65c076b6c99bea08960
06_UnityFramework/Assets/Prefabs/HotUpdate/GameDialog/GameWithdrawItem.prefab.meta,162,f13d3fa96d4f1b023b38a329174015963ba142dae20498eb00a516b3334e377a
06_UnityFramework/Assets/Prefabs/HotUpdate/GameDialog/GuideDialog.prefab,162855,08fde2c18104df3e96ba49f4347017ee7d41ead56fb2627042964ba6ec5e5ff0
06_UnityFramework/Assets/Prefabs/HotUpdate/GameDialog/GuideDialog.prefab.meta,162,698d5a8ca6cd750294c258d6a93c3866bfada514e9289969df4b204e998fe72c
06_UnityFramework/Assets/Prefabs/HotUpdate/GameDialog/HtmlDialog.prefab,58746,b17e6c47f936c8fd823197ddff29fe88f338f4bfa35036baa44aa007909e50d4
06_UnityFramework/Assets/Prefabs/HotUpdate/GameDialog/HtmlDialog.prefab.meta,162,eeb6ca613688306db2291caae95c791b7f868e03e4ab103d7741612950a161b3
06_UnityFramework/Assets/Prefabs/HotUpdate/GameDialog/HtmlItem.prefab,52238,24baa5a0f83dc5f6909f0ac285f96f48f2ab59d0c88c0f5d73a53831a5797781
06_UnityFramework/Assets/Prefabs/HotUpdate/GameDialog/HtmlItem.prefab.meta,162,d3b9e95895f2c1af6812464ebb52fb821d5f1586a16b668d51151bb3fcb39b1c
06_UnityFramework/Assets/Prefabs/HotUpdate/GameDialog/LuckDrawDialog.prefab,242695,8ffdab58f086f952b6d73e7570934aebe69a7f2c953ac3b2d73a2f9052709a4b
06_UnityFramework/Assets/Prefabs/HotUpdate/GameDialog/LuckDrawDialog.prefab.meta,162,8118e450f7494d6fafbf554f94836b4d5bd81533a511c18e1f86f8856d70b03d
06_UnityFramework/Assets/Prefabs/HotUpdate/GameDialog/LuckyDrawRewardDialog.prefab,62068,c1b5a3c5f52d71cc81e10d5b1bff7326c8f692e8326dff981bf189051515cc63
06_UnityFramework/Assets/Prefabs/HotUpdate/GameDialog/LuckyDrawRewardDialog.prefab.meta,162,e4a2a6efd79b0d3166d69a6e6b9405dc11ca7e685d05b0b774e63075a27e75ba
06_UnityFramework/Assets/Prefabs/HotUpdate/GameDialog/mergeRuleDialog.prefab,57979,321b2a931a16914d79b22157bbee4147e9cf77fafcadba3d08700ad843046536
06_UnityFramework/Assets/Prefabs/HotUpdate/GameDialog/mergeRuleDialog.prefab.meta,162,6c87987ea9bd17b553be2e3a9e73ec55c87c6957e33eceb3d0a3f3f7dd40f278
06_UnityFramework/Assets/Prefabs/HotUpdate/GameDialog/PrivacyPolicyView.prefab,94388,613748df26b5731178bdf6629caceb6dc7bc87bc95db3909886d4680782edfd9
06_UnityFramework/Assets/Prefabs/HotUpdate/GameDialog/PrivacyPolicyView.prefab.meta,162,c612b55491212ef758258d4085e15d3f62bb4d4c852c3ee2c168fa52d06e4b0a
06_UnityFramework/Assets/Prefabs/HotUpdate/GameDialog/RewardDialog.prefab,223940,fe5fc30162626251dd3cb81e805b7ae64200f9f8419ca3624108764eccfdd19d
06_UnityFramework/Assets/Prefabs/HotUpdate/GameDialog/RewardDialog.prefab.meta,162,5c984d4ed23609639aa15db451bf548ecaac63367e7a8e3ba45fcfbd0d1d6c0f
06_UnityFramework/Assets/Prefabs/HotUpdate/GameDialog/ScoreDialog.prefab,95447,1cd84b8398cb49467ced93f20c5a6806ab3471c5e8c751caf1e1e2f5ede48a96
06_UnityFramework/Assets/Prefabs/HotUpdate/GameDialog/ScoreDialog.prefab.meta,162,baa64724207e65fa86246cd8c33fe19c6d9b532f603aaf16525c2fc9b7f042ca
06_UnityFramework/Assets/Prefabs/HotUpdate/GameDialog/SettingDialog.prefab,88562,e1c89fd620a200a41c5547258a67f6a6ed43f548331c9de3ce79112d0a33c12b
06_UnityFramework/Assets/Prefabs/HotUpdate/GameDialog/SettingDialog.prefab.meta,162,e0f76d5f96a137e90814421fee956a0c34c3036a1327a6fdcc22928361a9e812
06_UnityFramework/Assets/Prefabs/HotUpdate/GameDialog/UpdateDialog.prefab,39452,596a72a807e81b4d832b2f4c7c8b394c578e8b26ef441788be5f5692eeafcd3d
06_UnityFramework/Assets/Prefabs/HotUpdate/GameDialog/UpdateDialog.prefab.meta,162,4975e4dab3fca8bee14e49c4643a19b7eedd8ba0f50ad8b766a821ef444445bd
06_UnityFramework/Assets/Prefabs/HotUpdate/prefab/coinItem.prefab,9888,4c0b410585ee53e9ad01c17b6cdec1d8d40756bec6d6f9e0d78be9029324652f
06_UnityFramework/Assets/Prefabs/HotUpdate/prefab/coinItem.prefab.meta,162,622d3ff5656b574cc21c1a1ab8731cd4f48988698d2f13c32e4b593d9b40cfad
06_UnityFramework/Assets/Prefabs/HotUpdate/prefab/mergeSpine.prefab,2882,7d5bf999d489e84b74e67247b8e35bc8160bfad7f12137cd6953ecb454346610
06_UnityFramework/Assets/Prefabs/HotUpdate/prefab/mergeSpine.prefab.meta,162,2df4f280848dfdda7b06a2ee9513cc7610af4ab2b21e5bb33d3fbb54c4226814
06_UnityFramework/Assets/Prefabs/HotUpdate/scene/GameScene.prefab,240522,c109f51a425331c057548edfece2cca31e1d94f139027e6ffb45c5994e8d13c5
06_UnityFramework/Assets/Prefabs/HotUpdate/scene/GameScene.prefab.meta,162,f4ed83002de5205d41a24755b32943e63952008b275f496a3b21c49ebf219448
06_UnityFramework/Assets/Prefabs/HotUpdate/scene/LoadingScene.prefab,39697,d230dfafae154e528657cca96261e8e2cf23a4f14a53e63aa18508661c36fe3a
06_UnityFramework/Assets/Prefabs/HotUpdate/scene/LoadingScene.prefab.meta,162,549ffdbe28494b88ded4482682cfa3499c3cc67e3a213379e4431cc364ec5213
06_UnityFramework/Assets/Prefabs/Packaged/Block/block_1.prefab,10514,11d148a15da3436d3f003504ff513bbeff9b65568ddcd8f84c12cce47b08f5f3
06_UnityFramework/Assets/Prefabs/Packaged/Block/block_1.prefab.meta,162,ac4829799c798226b881432a1489588fe79cd812f20a3989eeeb98fe80220131
06_UnityFramework/Assets/Prefabs/Packaged/Block/block_10.prefab,13871,8eb6f92f8c68e1521093ac12572517a1dcfb890ff21fa4256a99d3ff40fb6fc9
06_UnityFramework/Assets/Prefabs/Packaged/Block/block_10.prefab.meta,162,4f59edd6b0f46216250c8b9778fcb04b69190eedb8a7aa0556e2b62b2a90769f
06_UnityFramework/Assets/Prefabs/Packaged/Block/block_11.prefab,19861,b680989846be362c39a044d4ee06cecba3b4ef7ae6eb983a77d7c614f733d836
06_UnityFramework/Assets/Prefabs/Packaged/Block/block_11.prefab.meta,162,e29878a0df7624e05f8ff522bcd17b522ef8596206837c4d20ec2415f480ba79
06_UnityFramework/Assets/Prefabs/Packaged/Block/block_12.prefab,10866,6cfad0aa78982ecf678a018c2eff9bde29eb2550855d77dbe810b32cb4d794bc
06_UnityFramework/Assets/Prefabs/Packaged/Block/block_12.prefab.meta,162,b83765883897598851f17e2f5b76955c5ec24a23ab6837f38d8ed5e957caef17
06_UnityFramework/Assets/Prefabs/Packaged/Block/block_2.prefab,10622,7d5d7d80408da52db1e4dab3100096f3db5f4399938e0f6526ab6ac8505b770a
06_UnityFramework/Assets/Prefabs/Packaged/Block/block_2.prefab.meta,162,cd76d95cad133c35e62175467a042116dc0077492f235c795f9d9993b3792140
06_UnityFramework/Assets/Prefabs/Packaged/Block/block_3.prefab,11538,fa19e3b07108a54c68f6ff01201e3423d0c7122b79ec94194b1c9d1900940e0e
06_UnityFramework/Assets/Prefabs/Packaged/Block/block_3.prefab.meta,162,f2fc7a4ffaa014bac326504a49a485a7953776f7693f068672ccf7169d093a50
06_UnityFramework/Assets/Prefabs/Packaged/Block/block_4.prefab,11591,759139954436687fa6c45ae96b17978512c386a2f327da3c35812723e80e1414
06_UnityFramework/Assets/Prefabs/Packaged/Block/block_4.prefab.meta,162,82ed5a06456e228b0cb62079efbb308b339087c96f1232a1eb2dad6e0f306e07
06_UnityFramework/Assets/Prefabs/Packaged/Block/block_5.prefab,12252,1b073b19e718ddfc2c53f8229dbf1e94f7c2c36cf50adf8ff099de8962809cae
06_UnityFramework/Assets/Prefabs/Packaged/Block/block_5.prefab.meta,162,7b90f59cb17dc11fd3e77df25ba468c26d5c6957920ef92f2307611fea15f9c4
06_UnityFramework/Assets/Prefabs/Packaged/Block/block_6.prefab,12117,c9ea19b702a142fade8b5c43d25dc76001a16acf5547508bd09ef91a43d99a1d
06_UnityFramework/Assets/Prefabs/Packaged/Block/block_6.prefab.meta,162,bd702d47cd13ee9f36fc0063cf4c3dd33bf174ca78bb75300a73f73993fe617f
06_UnityFramework/Assets/Prefabs/Packaged/Block/block_7.prefab,13804,29e1748966bd9ba11de26e14032785545ca4c527cfb1cea0056640dd3bc51c1e
06_UnityFramework/Assets/Prefabs/Packaged/Block/block_7.prefab.meta,162,2d16cfb745e3913fef71bf7853d4aadf42845c5966ed3422f58bd1b395ed7b7d
06_UnityFramework/Assets/Prefabs/Packaged/Block/block_8.prefab,13930,e29498e1b3a50a3acd4d01b874e4693e868a804a41054e9197d9c383d4ebbe13
06_UnityFramework/Assets/Prefabs/Packaged/Block/block_8.prefab.meta,162,d097b3d6ecf538170472781511e5113c98c14b1cd2b6ff435e9c468f34b8d0d1
06_UnityFramework/Assets/Prefabs/Packaged/Block/block_9.prefab,14171,9e9b5e88943ab60c777255f9c2a490b78f2a822a94a7dc2dd082bbc2b2a6beb3
06_UnityFramework/Assets/Prefabs/Packaged/Block/block_9.prefab.meta,162,5b35bd4fa5d8a1e71a15c7ebc33e7bab40c2655c06a220bf77b44ca7b6e6a067
06_UnityFramework/Assets/Prefabs/Packaged/prefab/AddHeartView.prefab,70036,1eb2796160501f5a03ad04a4282a78eea6da2601ac52cde0fb9d255fdebc6b63
06_UnityFramework/Assets/Prefabs/Packaged/prefab/AddHeartView.prefab.meta,162,ae11f1eca63c6eadef831cbf0e241d71aaafd2b3140516b05d41d896d43ba776
06_UnityFramework/Assets/Prefabs/Packaged/prefab/FailureView.prefab,61912,aa2c547f878ad6de5ba6ec6604991c86e5b249285ad03ac87c086dd509071ae2
06_UnityFramework/Assets/Prefabs/Packaged/prefab/FailureView.prefab.meta,162,8799ad2c534a84d74dfdac49585e968131beb319002e1bae554103b1ed856961
06_UnityFramework/Assets/Prefabs/Packaged/prefab/GuideView.prefab,49600,9980ce6984ffbe25f4179b145f5cd281edfdeaabab98997abdd683117e7c57df
06_UnityFramework/Assets/Prefabs/Packaged/prefab/GuideView.prefab.meta,162,072f888d1dcc745b2ed171100b16069007f5cf90df5b9280a70585ec3a7ed86b
06_UnityFramework/Assets/Prefabs/Packaged/prefab/HonorView.prefab,254541,30f9b77a0c244c396b2a991e15094f47dab93bc038bfdd7c8f0d7285de9e2dcc
06_UnityFramework/Assets/Prefabs/Packaged/prefab/HonorView.prefab.meta,162,8d62d955341a664fd3358cc95bd20a3e7ce31b491c2373b3b1e67698b9141a8e
06_UnityFramework/Assets/Prefabs/Packaged/prefab/InfoView.prefab,57666,5e227a9f9d3aa3dd23c0d323c68a6aadc2631fd3768e395827eb7dd4939d3345
06_UnityFramework/Assets/Prefabs/Packaged/prefab/InfoView.prefab.meta,162,696ca28950df375a2e6b8eb8c4ecf8850fa1eb622cb88b536374ae1580c816ca
06_UnityFramework/Assets/Prefabs/Packaged/prefab/PolicyView.prefab,47963,334f55179d18ca77db9cd2ccd538561634e59a6f410edc4f3aada0f9290b395c
06_UnityFramework/Assets/Prefabs/Packaged/prefab/PolicyView.prefab.meta,162,adaf28bf89dcdfee4f5d64fd6dc8c22366f7f8c9c37f8b335c320ac445376981
06_UnityFramework/Assets/Prefabs/Packaged/prefab/SettingView.prefab,61918,c16d7cf12f0d0f006caab9c729797bb87e491b39ed594560ea14c5ddd8c020b5
06_UnityFramework/Assets/Prefabs/Packaged/prefab/SettingView.prefab.meta,162,629fd44dea202f9489f8cc01bbeb1f57915bd80f6f3254c909eb8d64f8bc623a
06_UnityFramework/Assets/Prefabs/Packaged/prefab/ToastView.prefab,12791,e9e25a8842b2bbff54914469c199c47ae4e4a5f3bfd6ce8acbaee906713d6783
06_UnityFramework/Assets/Prefabs/Packaged/prefab/ToastView.prefab.meta,162,56eb46caaab4b791f9b3c4b420d97377701895a5a0079aaca31b2d44390eb3ec
06_UnityFramework/Assets/Prefabs/Packaged/Scene/GameScene.prefab,354556,5f7b26eb5c5f2635c9a5c9b1964f1adc71806edadd0912209083c0f4b6069c82
06_UnityFramework/Assets/Prefabs/Packaged/Scene/GameScene.prefab.meta,162,2ec30477bbe3eb1ab70024183cb5fa663adc87dffe477b1c1d3fbf58ec325f7c
06_UnityFramework/Assets/Prefabs/Packaged/Scene/LoadScene.prefab,31553,988c21378dbaeb6edbee673d25cfdc32887f3065e98e3b94567e9fe31dda0d27
06_UnityFramework/Assets/Prefabs/Packaged/Scene/LoadScene.prefab.meta,162,1e16b901e22f3b294a4854c3b9ea21bc5d1c382b1465274c8c96f665fd8583c3
06_UnityFramework/Assets/Resources/Recovered/HotUpdate_011837fb-9bae-415d-b151-f070999b8263.json,26301,9bbefb94215f8b9110981ee65568c4edee69f40096cd04926c9880f1f279cb1e
06_UnityFramework/Assets/Resources/Recovered/HotUpdate_011837fb-9bae-415d-b151-f070999b8263.json.meta,162,34b7f8122df1c04de6c117d918e86ae3fb4023699449b84ec7d75dce9502af40
06_UnityFramework/Assets/Resources/Recovered/HotUpdate_06ff4813-1f4c-46df-868c-19c9890be93b.json,10877,ed48c45d8f662d829055f49d014d4e05229e78ab250b1990f5485e6929a282e7
06_UnityFramework/Assets/Resources/Recovered/HotUpdate_06ff4813-1f4c-46df-868c-19c9890be93b.json.meta,162,ee975205087c25fb8743d898c6edfe315ab710db1ec524b5089e77945388a92d
06_UnityFramework/Assets/Resources/Recovered/HotUpdate_08efd144-c597-4feb-b4fe-ff192592499a.json,81652,99af953139480ffb0198c497903949196d003ec4ccc2dcffb6f57bc9be56c5c1
06_UnityFramework/Assets/Resources/Recovered/HotUpdate_08efd144-c597-4feb-b4fe-ff192592499a.json.meta,162,940fc1f04f4596dbe17caec9184a39e7660535ab04fdb15d976a0916aba26d82
06_UnityFramework/Assets/Resources/Recovered/HotUpdate_0bd53f5e-7d47-42b6-96db-b708f7ee103c.json,37641,7c1f977dea20c5b17ed5a5d0d8c916ab60778547d3f37c8927352380323d9dea
06_UnityFramework/Assets/Resources/Recovered/HotUpdate_0bd53f5e-7d47-42b6-96db-b708f7ee103c.json.meta,162,961917ac620910f0edf326221f28272264063004a0324a190e8076ff3183bcd6
06_UnityFramework/Assets/Resources/Recovered/HotUpdate_0cf1474a-03a0-454a-91b0-9d00354b65f3.json,77400,58e729fd489b2f2d597bd1505f7bce2dcbc51608febd9dc5769dd1f4fe35853a
06_UnityFramework/Assets/Resources/Recovered/HotUpdate_0cf1474a-03a0-454a-91b0-9d00354b65f3.json.meta,162,8e62c18cabfd7c712b083fe00be604a14d93394c6ffaa20eeeefa952ca4c1270
06_UnityFramework/Assets/Resources/Recovered/HotUpdate_0deffd13-2e78-4ebe-beb9-f2085a1858b7.json,15176,f433da361b3b0ac17ea7361bb376890d4d46e3d310ec83bc4d1f089827184582
06_UnityFramework/Assets/Resources/Recovered/HotUpdate_0deffd13-2e78-4ebe-beb9-f2085a1858b7.json.meta,162,ef290783df909f92e13b16906ffc53f21f41dd8e8478d8504732bf66f7b7b4b6
06_UnityFramework/Assets/Resources/Recovered/HotUpdate_187220aa-4af3-420c-b91a-2aab35aa6c02.json,56092,aa1dc2fb3d91ba478942502d4d87320e7226ebd526ebe16c39d442c8aecf629e
06_UnityFramework/Assets/Resources/Recovered/HotUpdate_187220aa-4af3-420c-b91a-2aab35aa6c02.json.meta,162,235ff53a5c8f8e13637ba3fa6eebbe67f4aefe587570973167747e8f34900105
06_UnityFramework/Assets/Resources/Recovered/HotUpdate_29e8dd88-2fe5-4b2e-b277-c6fb3c581ab0.json,26173,f0e60ae833fc9cff5b9ee539626bcec77ac6a671a60b00954a724653c49fc5aa
06_UnityFramework/Assets/Resources/Recovered/HotUpdate_29e8dd88-2fe5-4b2e-b277-c6fb3c581ab0.json.meta,162,44b03564b5e24a008b6a818d265a0bd96011688d485e03f7057eb1773dfdf191
06_UnityFramework/Assets/Resources/Recovered/HotUpdate_36909214-3d54-4105-8405-c410d6acb867.json,129166,b2d5f37a66486d94eb27b406e841641bd5c2ae9fcce464d432dd08f369481a63
06_UnityFramework/Assets/Resources/Recovered/HotUpdate_36909214-3d54-4105-8405-c410d6acb867.json.meta,162,d25b3c85f49d7bb4f0a069ef10f7f0b8a386709328a049f5f1a34e520ea27dbd
06_UnityFramework/Assets/Resources/Recovered/HotUpdate_3bd61181-5a98-49e2-865f-885213a16b3a.json,29970,b7052bfcc752380298f3d0a3fc4d3da6d14fef43ecb82e4b1a96e3f92e0c78a8
06_UnityFramework/Assets/Resources/Recovered/HotUpdate_3bd61181-5a98-49e2-865f-885213a16b3a.json.meta,162,9b15c069c3d1436f38e780c0ed40fc32671f84c32998d89b7cfcec25120c74a3
06_UnityFramework/Assets/Resources/Recovered/HotUpdate_3c55dc23-4711-4586-ae5e-7f0601524baa.json,146685,439517ec9a88cecc356356a48a933a5e92bdfa52c4b053864b95c9a42254bd75
06_UnityFramework/Assets/Resources/Recovered/HotUpdate_3c55dc23-4711-4586-ae5e-7f0601524baa.json.meta,162,e43c3aacb6fc5b207da3e4da84da522869ce27d013011f5dc79ec5ce62804983
06_UnityFramework/Assets/Resources/Recovered/HotUpdate_3dc86e89-44bd-4b4c-90f3-fbd65f421a2e.json,28550,1d00a731026da08e2bf769eed98eedceefb841454f4b11b76eb656b258207ac4
06_UnityFramework/Assets/Resources/Recovered/HotUpdate_3dc86e89-44bd-4b4c-90f3-fbd65f421a2e.json.meta,162,75f1724684ca87f26b27b8e3f416be95bd5f96df654e9661ee9df0a4f26ee512
06_UnityFramework/Assets/Resources/Recovered/HotUpdate_3e78e514-5ea3-4e50-af4b-66b87a30c451.json,2053,fcb8fd8820037621805082adf7d366b5d91d99916590492bfda47374a8fdef38
06_UnityFramework/Assets/Resources/Recovered/HotUpdate_3e78e514-5ea3-4e50-af4b-66b87a30c451.json.meta,162,20abee24d9d06391549f0d51b76436be707efd46c956a9afb3d7773bec06eb2c
06_UnityFramework/Assets/Resources/Recovered/HotUpdate_4a56a513-c422-4918-8cbc-98f77fe4b571.json,50335,ee0c81d6df08d4c3e649b9c7aa3f3d32e1fa8ac52162a8784dadbcbe7d03c258
06_UnityFramework/Assets/Resources/Recovered/HotUpdate_4a56a513-c422-4918-8cbc-98f77fe4b571.json.meta,162,79b1eb108b522b6813303081372288ca900bc2ac82c2c5a1838b10bd873e41ad
06_UnityFramework/Assets/Resources/Recovered/HotUpdate_51161702-3fcd-45d6-b99b-393f0f0e0e44.json,2060,ba4281df5f12fc84f4c294401a4741d2716d96db41dde2ac128ce5569b5665a4
06_UnityFramework/Assets/Resources/Recovered/HotUpdate_51161702-3fcd-45d6-b99b-393f0f0e0e44.json.meta,162,f57279927ef3e5cb58aabd1ad4bf4abef167808400ea38645ee2d2920ec9c993
06_UnityFramework/Assets/Resources/Recovered/HotUpdate_525d4437-f6b9-42b6-80b6-e038c222fc4d.json,31175,0d682974eac23891c29b4a0e45aa85327ebd998dac34e542362e89ba1b23bc53
06_UnityFramework/Assets/Resources/Recovered/HotUpdate_525d4437-f6b9-42b6-80b6-e038c222fc4d.json.meta,162,000876f8f7cbd80ad6389ab2f5d80669d4485bfd194d690d0ec14087ca33c062
06_UnityFramework/Assets/Resources/Recovered/HotUpdate_5356882b-151a-4512-bece-7427423dcd27.json,50836,cfd47fa86c935625dc5791ff8880a74aee6dedd3170d66688b86a7597637fb91
06_UnityFramework/Assets/Resources/Recovered/HotUpdate_5356882b-151a-4512-bece-7427423dcd27.json.meta,162,ecfad12a15bc33785ce5177f5410748a20f647dc7ca55c2ce26a52dd943d8d4d
06_UnityFramework/Assets/Resources/Recovered/HotUpdate_56f89244-02ae-427c-a3b8-f41568d0270b.json,2164,2292a4ce11bf9de3b9f2181008f3956b01909064479a86aa37fac7bcc490f6be
06_UnityFramework/Assets/Resources/Recovered/HotUpdate_56f89244-02ae-427c-a3b8-f41568d0270b.json.meta,162,64736961b526e46378314409122b6ed03d97ee4827f7daa21c6319aab417e3f4
06_UnityFramework/Assets/Resources/Recovered/HotUpdate_596df372-0dd7-499c-8ad4-a091bf78eec6.json,2321,ed5b99d5f6ce7efb9a9c2ac7b861bd65db51d0e58fe5714fcb9595f998e971bf
06_UnityFramework/Assets/Resources/Recovered/HotUpdate_596df372-0dd7-499c-8ad4-a091bf78eec6.json.meta,162,d7a61795229da322064a5d1e7b49f74642ee80cf0c7437f40ba1c092239e13ef
06_UnityFramework/Assets/Resources/Recovered/HotUpdate_5a68d192-0ac5-4875-8cdb-76d9e19682c9.json,78399,8c8e2b2cf2e52470213ab24d3180c3c089c4d3b43a26cdfad9eb15e02ce830f3
06_UnityFramework/Assets/Resources/Recovered/HotUpdate_5a68d192-0ac5-4875-8cdb-76d9e19682c9.json.meta,162,d0d553faa3230e9b1fc438cc1e1b0699510a88e584b5f3a9cd0020e3b46f264d
06_UnityFramework/Assets/Resources/Recovered/HotUpdate_5ead77a3-c2fa-4797-aacb-8d847dd412ac.json,35619,8df251adb12a5add9012a47cf2e16859d346f46f2329deeb484a2aba49302def
06_UnityFramework/Assets/Resources/Recovered/HotUpdate_5ead77a3-c2fa-4797-aacb-8d847dd412ac.json.meta,162,d7535d4cb33f4ded60a25f3445ba3ba92c43086914e7c5abaaf7f5797d92f2b1
06_UnityFramework/Assets/Resources/Recovered/HotUpdate_730ea2fc-b1ad-4ca5-bf64-891f1eee1be7.json,14058,be836770065b859fa9f5b1cc82ac3955980e2a8f85da518f8a52fc16d8b214be
06_UnityFramework/Assets/Resources/Recovered/HotUpdate_730ea2fc-b1ad-4ca5-bf64-891f1eee1be7.json.meta,162,0850d66dc72dc899ef5975a457a813b60f3fa3594bcf9c714acd630565ab1a96
06_UnityFramework/Assets/Resources/Recovered/HotUpdate_739724e2-af0f-46b2-b1fa-350d7c330530.json,54521,a1b3f2e889b2b9a1eb74d7d3aae1aaebe1f371217212f3deafe048d90424a3be
06_UnityFramework/Assets/Resources/Recovered/HotUpdate_739724e2-af0f-46b2-b1fa-350d7c330530.json.meta,162,6f2b677243367dd82ac0194eb61c127dacb27ca022e003ea4374c572434080d1
06_UnityFramework/Assets/Resources/Recovered/HotUpdate_77e30726-fe4d-41a7-b663-b1ab6d5f5c3b.json,36126,4e1ac3c7206df7e57a1ad0ef3d10c6eea69cfcd427d94a00865a2f1bfba6d1eb
06_UnityFramework/Assets/Resources/Recovered/HotUpdate_77e30726-fe4d-41a7-b663-b1ab6d5f5c3b.json.meta,162,01eee56b25dbf2bae974641aa2a7b8054d1a95d5a791370f58fdc336586d7f5d
06_UnityFramework/Assets/Resources/Recovered/HotUpdate_83aa33df-f9bf-4deb-b6c9-f03f726806eb.json,60218,bc12110170b771bca1c156ee9c42648b9519d0715ed2df40deba9c5d9b96ff70
06_UnityFramework/Assets/Resources/Recovered/HotUpdate_83aa33df-f9bf-4deb-b6c9-f03f726806eb.json.meta,162,fa4d9ae9cc6a9b760d9c8f81b4967ed548a28edfe95f31f7164385842918b76e
06_UnityFramework/Assets/Resources/Recovered/HotUpdate_8450e79a-6034-4f88-8bb0-c0e00e2d31c1.json,6771,317ecc40500f3ba82a2669b7ba4462d8269cfd38f2f0736698d5e7bb10d3e19d
06_UnityFramework/Assets/Resources/Recovered/HotUpdate_8450e79a-6034-4f88-8bb0-c0e00e2d31c1.json.meta,162,e4980de073778e681bc2f09d101d18587afb79dd755c4b8046de8cc047f7a7e1
06_UnityFramework/Assets/Resources/Recovered/HotUpdate_8ef26a9d-05b9-4071-b3ba-d1208d9a40a2.json,20797,e82ecbd8331eafa8812b79e7da3f77bc4e038fa8751126f096d0734a7782a193
06_UnityFramework/Assets/Resources/Recovered/HotUpdate_8ef26a9d-05b9-4071-b3ba-d1208d9a40a2.json.meta,162,49a291c6296125d617a8c4ffae268798783b566692dea12fb83fad23cf465391
06_UnityFramework/Assets/Resources/Recovered/HotUpdate_92a71680-f28e-4e4e-b896-3dd7b7709ac3.json,23869,3ed1ae7ba3a1e59690cb80dc3f1ef99d9b036c7b1b322e99ae4490dd95837871
06_UnityFramework/Assets/Resources/Recovered/HotUpdate_92a71680-f28e-4e4e-b896-3dd7b7709ac3.json.meta,162,d47fa1384878ce1b4390bf81adf23dfc719e1347d5c0e2958fa21bb6881b65cd
06_UnityFramework/Assets/Resources/Recovered/HotUpdate_9411fe7c-85c1-4519-9cb8-21035d9f176d.json,38579,5071ab48d08016c38708a60f6dcdb137afc2f28c1bf41dd54e8af88354bc3721
06_UnityFramework/Assets/Resources/Recovered/HotUpdate_9411fe7c-85c1-4519-9cb8-21035d9f176d.json.meta,162,78a1b551913d0f5d6d84fc506c43cb4c23a2c6fd1f766580c73b1f4713dfb60e
06_UnityFramework/Assets/Resources/Recovered/HotUpdate_94501ff2-86c8-479d-a98a-631c09e21bdb.json,26540,2ad6c782e2c71b8ef2cba2b9d89127f855ec39d3bdba6f68b6a757f485aeabd0
06_UnityFramework/Assets/Resources/Recovered/HotUpdate_94501ff2-86c8-479d-a98a-631c09e21bdb.json.meta,162,a92e5816b7455f87448c2e5862d14b6c3ddb99d5f251a84c95ca9ee086095900
06_UnityFramework/Assets/Resources/Recovered/HotUpdate_972e4d70-4ec4-4d93-bd4b-e446ece8f428.json,94948,a4480fd14057aa2ad32f30928366e4e24e797850c3493e1a26b1f6068830f3cf
06_UnityFramework/Assets/Resources/Recovered/HotUpdate_972e4d70-4ec4-4d93-bd4b-e446ece8f428.json.meta,162,4303ec89aa35e4ca0b0211b0fbd335952de26b1828268fa041206ca0bb10cb9a
06_UnityFramework/Assets/Resources/Recovered/HotUpdate_9af2802b-84a9-46dc-ab9d-eaf02f81f3b5.json,3243,2a96cd60c40864839d53da2a4ab562e0657fe48830fba86c741230d415c9b634
06_UnityFramework/Assets/Resources/Recovered/HotUpdate_9af2802b-84a9-46dc-ab9d-eaf02f81f3b5.json.meta,162,9bda86a0ef635fdb65abff234e9128a58d0f755247f79a847395226bee5af8a7
06_UnityFramework/Assets/Resources/Recovered/HotUpdate_a691b106-b587-44ce-8921-867df8ca753f.json,37069,4f4cb3b081cf937481329e78f4c56c652af28ff5f67291a0e835d1c918c94cd2
06_UnityFramework/Assets/Resources/Recovered/HotUpdate_a691b106-b587-44ce-8921-867df8ca753f.json.meta,162,4a2cf3bf6f8f5fddb3bca2d69204a22aa507e90a3e08b5fded1d085cdc0466bc
06_UnityFramework/Assets/Resources/Recovered/HotUpdate_aa4eaac0-d87d-48bf-81a0-99f24d8e5bb0.json,65942,a363347d3a2f0fac8f97bc21be1ab7758a87a44dd0e7e4a6afdf7c7c4895e816
06_UnityFramework/Assets/Resources/Recovered/HotUpdate_aa4eaac0-d87d-48bf-81a0-99f24d8e5bb0.json.meta,162,df277ee080dcad544ff8d850e9f4985f962d7a10dad33d07c04efcc71a0d50d0
06_UnityFramework/Assets/Resources/Recovered/HotUpdate_b3eb2b31-11a0-4cef-8c57-556c376564fb.json,7186,46dc2d643e5f4c072e39f68edcc50d30abef99c207d20fd20d3f7a94ce11c704
06_UnityFramework/Assets/Resources/Recovered/HotUpdate_b3eb2b31-11a0-4cef-8c57-556c376564fb.json.meta,162,2a2364d8dbd9c0191ac3d63aaed75b177ffb78408d8fa03dc4e682d0ade87fd9
06_UnityFramework/Assets/Resources/Recovered/HotUpdate_b5283144-3076-4492-bd9a-d2d7759ac59e.json,117553,442b0ffdfad869e81c4e6d57223d165f1ddec1b0da59b0a1357f61b36e16bd59
06_UnityFramework/Assets/Resources/Recovered/HotUpdate_b5283144-3076-4492-bd9a-d2d7759ac59e.json.meta,162,ff3eaabb7ae642452df3ddfb4970daa44ee764038b182d49fbd7067038461370
06_UnityFramework/Assets/Resources/Recovered/HotUpdate_c232d2a6-4dd0-4784-a505-fb32e944faeb.json,120529,c550c3ce6079d5223b85dabfa637f35353859c0107b07428ceb019568566fd95
06_UnityFramework/Assets/Resources/Recovered/HotUpdate_c232d2a6-4dd0-4784-a505-fb32e944faeb.json.meta,162,6baec1eaf7f28a2c27a7bb3ff75883454abca17c0ba531be3602611b98e6692b
06_UnityFramework/Assets/Resources/Recovered/HotUpdate_da5ff766-c429-4551-b95c-dc29fff6e39d.json,24779,f5910c5eb6fecc10689a0edb27baae578dd4f925b4eccfb6380adbbcec5f6192
06_UnityFramework/Assets/Resources/Recovered/HotUpdate_da5ff766-c429-4551-b95c-dc29fff6e39d.json.meta,162,7d2136f16c02c6e24ca2e8eb0d3f7f22de8bcedaf9f29af8f645caa3695eb81d
06_UnityFramework/Assets/Resources/Recovered/HotUpdate_dd5bd748-84b2-4e50-88e7-9659367db867.json,300607,ad4c30c5bc1db131f3402321ed64f483a1fe14443c0a0107e42b1a4277d82db0
06_UnityFramework/Assets/Resources/Recovered/HotUpdate_dd5bd748-84b2-4e50-88e7-9659367db867.json.meta,162,bd64dd5bafb1ce8eb13967f376d328bf1207b52c2a3f27153f049e90bd047a64
06_UnityFramework/Assets/Resources/Recovered/HotUpdate_f6fc17bd-7e54-4ee3-9a98-fdaecdad9189.json,132436,78291cf6326e31a59ee7076229c6634cfa932db3e66a27ea5afb2fced690f65e
06_UnityFramework/Assets/Resources/Recovered/HotUpdate_f6fc17bd-7e54-4ee3-9a98-fdaecdad9189.json.meta,162,bf483bea83ce041ebae0d1d631a63df88dfe6e032a95c6a44eeace12d1460fdb
06_UnityFramework/Assets/Resources/Recovered/HotUpdate_fc1a51e8-11b0-4abe-be6f-52f3875d3576.json,44762,4a61a02c2e08311aedf1faf6a3bc5941610b4e3780d2b3cbaa9cc8acb8766788
06_UnityFramework/Assets/Resources/Recovered/HotUpdate_fc1a51e8-11b0-4abe-be6f-52f3875d3576.json.meta,162,12e12e6a0410682517fdd92a8136feaee9eb8c2c0aac4af423ee686a123da54f
06_UnityFramework/Assets/Resources/Recovered/Packaged_10307b46-9697-4b03-8ca9-fb95241926ce.json,8386,06d4890a4c4000b97ffa0261fbd5f41cff18fb72559ef116693e0719113d1efa
06_UnityFramework/Assets/Resources/Recovered/Packaged_10307b46-9697-4b03-8ca9-fb95241926ce.json.meta,162,500b6aebe08bd824c691eb68c713bb807162235df80c63202d7d96f20a19fcc8
06_UnityFramework/Assets/Resources/Recovered/Packaged_19647051-cda5-46ce-977e-72d32ae14947.json,16284,149f9b352524d010530939332d701ed885e65959c8598ccae26173237a6dd593
06_UnityFramework/Assets/Resources/Recovered/Packaged_19647051-cda5-46ce-977e-72d32ae14947.json.meta,162,ab6f6f011840cefb0056682c4a3295f3c6f97520ba6650a88915d904c9ba5515
06_UnityFramework/Assets/Resources/Recovered/Packaged_25cc6311-96dd-42b5-829a-8c733c268fe9.json,6936,159282f1284d20f909daa149148113def8c8b88bd827cdadb0aca17971e2e380
06_UnityFramework/Assets/Resources/Recovered/Packaged_25cc6311-96dd-42b5-829a-8c733c268fe9.json.meta,162,7428c1647e8f50ea7774a25ab429212233fa45645eb9c8a5256a561a6e7bf3ce
06_UnityFramework/Assets/Resources/Recovered/Packaged_29707182-9120-4519-b983-a046490b2dbe.json,214845,5ec564dda7ac97e394b96fff3f0670041e2e497cf90387498541916d4d46c59d
06_UnityFramework/Assets/Resources/Recovered/Packaged_29707182-9120-4519-b983-a046490b2dbe.json.meta,162,af921bf40da90d6ea7011bf757f192f2cd70c63baedf37ab8b8c177672ffe009
06_UnityFramework/Assets/Resources/Recovered/Packaged_2d2f792f-a40c-49bb-a189-ed176a246e49.json,18235,357f75166ecdadfdd72498a4be9336f3c00a62185261d91b85502935b37e0fd9
06_UnityFramework/Assets/Resources/Recovered/Packaged_2d2f792f-a40c-49bb-a189-ed176a246e49.json.meta,162,f71dd07a6d63139d201757aaf5ab0b13876148d62885e8103f5fef69cacb88db
06_UnityFramework/Assets/Resources/Recovered/Packaged_304583e2-00ba-4c7a-8658-1bf5673ebd68.json,8539,8a5a873bcfde01e15c4ac93044a5b14a5b3a3cbd8965936cd94861df908ffce0
06_UnityFramework/Assets/Resources/Recovered/Packaged_304583e2-00ba-4c7a-8658-1bf5673ebd68.json.meta,162,977ea6c69f9a989e0e72f3c6f6f2ae563e1f73fff7b88a37448e1af624aa7ed8
06_UnityFramework/Assets/Resources/Recovered/Packaged_3e73460a-fc9e-49aa-bc83-04ece1798eb9.json,41566,35e517f29629a682ac5072b943c9fc5b2521a46a5bb59b0db47dcf3c9fc28eb3
06_UnityFramework/Assets/Resources/Recovered/Packaged_3e73460a-fc9e-49aa-bc83-04ece1798eb9.json.meta,162,7b1649ca7fa79b373f83c3668dc6748f46618fa3376b099951ee799958204686
06_UnityFramework/Assets/Resources/Recovered/Packaged_486d17f2-0b9b-4322-9d00-c66c5d1314e7.json,30568,4ced65e63ad94f483b597291d973bf5ee8487d255c77e49149c933d6075e711d
06_UnityFramework/Assets/Resources/Recovered/Packaged_486d17f2-0b9b-4322-9d00-c66c5d1314e7.json.meta,162,f7f79e81dfa586796cc0d3814955b9baa43d2ce1b1436048181a29709259217c
06_UnityFramework/Assets/Resources/Recovered/Packaged_4f2a81a7-5c99-469b-9a97-5e46cc60904e.json,145390,34afe0d56efe9cb5c4c1e041af96fdc3bd5405f0ce67599d065d9fe4751e3197
06_UnityFramework/Assets/Resources/Recovered/Packaged_4f2a81a7-5c99-469b-9a97-5e46cc60904e.json.meta,162,1fb5597e53294569735b34232ee92fe5e113b631818d818149a44f40cdf217eb
06_UnityFramework/Assets/Resources/Recovered/Packaged_51c6c54a-4c5f-4ecf-8811-80064c0e489a.json,7960,30ae7bc58daa465ecebd2465e85b9a7269cf5a8e5e6dd2a57f2efe6fa15ee131
06_UnityFramework/Assets/Resources/Recovered/Packaged_51c6c54a-4c5f-4ecf-8811-80064c0e489a.json.meta,162,336b1504b2d8532584475467af15cf838c2db3c4e910e398d22e2a6efc7d7197
06_UnityFramework/Assets/Resources/Recovered/Packaged_53e1b3bc-d5c3-4786-a742-0e75bbd1d382.json,8013,64342b5d4aca9d4c72135f6c679aa887a708814d7335495859c8adf7a2252082
06_UnityFramework/Assets/Resources/Recovered/Packaged_53e1b3bc-d5c3-4786-a742-0e75bbd1d382.json.meta,162,ab5ead20732c3040fba0c3900576a1d6ab54ba0a08f2e426372b8b620686babd
06_UnityFramework/Assets/Resources/Recovered/Packaged_55ab3b41-499b-4d5f-bddb-0dc6f35aab36.json,10352,41d399227c6a0c80bbb71068fd1c909ece3bc7f495c154911ee8940bdd5363b5
06_UnityFramework/Assets/Resources/Recovered/Packaged_55ab3b41-499b-4d5f-bddb-0dc6f35aab36.json.meta,162,a62454763dd941a76c09bdb1433eb83d53e08912c8d1737e79d79510d99adc4e
06_UnityFramework/Assets/Resources/Recovered/Packaged_65fc9724-d296-430d-b578-8b0e37381103.json,10226,18af9a4e29764cfa38e4da33dae13014d3ef9e2943f63e078af479461f8fc587
06_UnityFramework/Assets/Resources/Recovered/Packaged_65fc9724-d296-430d-b578-8b0e37381103.json.meta,162,45ca60ba3ca4b97b31a2fbe1d82f7a98876d190a50587395cff776c46b35b2dc
06_UnityFramework/Assets/Resources/Recovered/Packaged_68afab43-e59c-4b2b-9faf-8d2d1ebf2f4e.json,10593,2373a74d57fa31de5bdca5b5f3f1329c5679d9bdacce7ab4c29f4b844684971a
06_UnityFramework/Assets/Resources/Recovered/Packaged_68afab43-e59c-4b2b-9faf-8d2d1ebf2f4e.json.meta,162,b844e5d3fd1a47298f110c1beb6ca00deabf43a26b3538bd8cfde4179d05ce80
06_UnityFramework/Assets/Resources/Recovered/Packaged_76a16145-ed30-4a41-8e82-11dd76451363.json,10294,bc89214048131b7d0fd97a6f2f55d4ab13cafd5698e74c10d27de0588c1a556b
06_UnityFramework/Assets/Resources/Recovered/Packaged_76a16145-ed30-4a41-8e82-11dd76451363.json.meta,162,da2d609c9a5cac3f6713c7132e0ec67bb3a37f700370d62d4161edeeb8e79710
06_UnityFramework/Assets/Resources/Recovered/Packaged_7880de9c-ba88-4953-ac5f-ea14784d584e.json,37301,1859d5a35f712f96de992ae071e4fbc502039a0b70b0ec9dae219b83ed7ff56a
06_UnityFramework/Assets/Resources/Recovered/Packaged_7880de9c-ba88-4953-ac5f-ea14784d584e.json.meta,162,01b06e69c085b804f3f09dac4dad420589aa433c1afbe1e50ad632bc869739a9
06_UnityFramework/Assets/Resources/Recovered/Packaged_9c840dc8-9b34-44ab-9a84-9307c375d60e.json,7044,7e6a136bce98814ac52a992f3b5e09add3579df2149d25512ff045653d7839df
06_UnityFramework/Assets/Resources/Recovered/Packaged_9c840dc8-9b34-44ab-9a84-9307c375d60e.json.meta,162,15df8814c7fd5adb696656c2ad5b295221995ad06fcfc5d254aa5ca2a2fa245f
06_UnityFramework/Assets/Resources/Recovered/Packaged_a4d4c4fd-bb62-4a5f-a55f-18e89d56678c.json,34907,66697d424456f19a9d40a11fd60a6f1852235578d5d6f0a274f75c9a357bf1fa
06_UnityFramework/Assets/Resources/Recovered/Packaged_a4d4c4fd-bb62-4a5f-a55f-18e89d56678c.json.meta,162,d4d617c114278ae5734b5b7988780d4ef628375f3bf7fd38e4af5b3abb340690
06_UnityFramework/Assets/Resources/Recovered/Packaged_cb81cc11-b21f-4745-824e-2581d3f69338.json,31929,f50b9626c90f5fb570f9242b73ab0a1fbb01f61a8661a5477d9fe9c83734db64
06_UnityFramework/Assets/Resources/Recovered/Packaged_cb81cc11-b21f-4745-824e-2581d3f69338.json.meta,162,4a625cc74eb33e6b27f488d3b0dad9d589e551de1c9ca49ce000dce18a1b0014
06_UnityFramework/Assets/Resources/Recovered/Packaged_e5692241-0ced-4e77-8399-fc5a2c26ec62.json,7405,6c76ef6bed911d478e4068c3a183864a5068087a3a1f86f878becb0ed9914795
06_UnityFramework/Assets/Resources/Recovered/Packaged_e5692241-0ced-4e77-8399-fc5a2c26ec62.json.meta,162,7995b9ceb88fb6317c611c34c8423537f943a785a24d1ba4308143e5af844cf5
06_UnityFramework/Assets/Resources/Recovered/Packaged_eee79c30-00bc-49c6-a355-019ff53e83e6.json,8674,3137f5040adf242164c05519d2fda8617b134aab36fb5405aa1ffdb34f4b7d5f
06_UnityFramework/Assets/Resources/Recovered/Packaged_eee79c30-00bc-49c6-a355-019ff53e83e6.json.meta,162,ef1070da1580520f83a6979fbd9a34b350764b8632456556704ea592f4c3709e
06_UnityFramework/Assets/Resources/Recovered/Packaged_f7ec3c77-2c95-477e-92bf-11677d085d70.json,37158,56d1fc2a2de812c9e527c7e9bd245f6ba0d6234f00237eb06968828efa20e714
06_UnityFramework/Assets/Resources/Recovered/Packaged_f7ec3c77-2c95-477e-92bf-11677d085d70.json.meta,162,a3df744b58a7282e1b41e42c9512cba7d8ed0d841da44ef94d5a20277d6afe38
06_UnityFramework/Assets/Resources/Recovered/sprite_import.json,110903,949b33a1cc0f6357cfb45614da6e78ecf50665862050ebf5e8963ad8310222e3
06_UnityFramework/Assets/Resources/Recovered/sprite_import.json.meta,162,68de8be8288cfac538bb2f3397e04f4b0f05ef3a3f1cc01811f9eada751964e8
06_UnityFramework/Assets/Scenes/HotUpdate_GameScene.unity,240522,c109f51a425331c057548edfece2cca31e1d94f139027e6ffb45c5994e8d13c5
06_UnityFramework/Assets/Scenes/HotUpdate_GameScene.unity.meta,162,f0d00085c7bc891cc6dbbb886ea5a539f66f618945d02a07afd8a9b429584e84
06_UnityFramework/Assets/Scenes/HotUpdate_LoadingScene.unity,39697,d230dfafae154e528657cca96261e8e2cf23a4f14a53e63aa18508661c36fe3a
06_UnityFramework/Assets/Scenes/HotUpdate_LoadingScene.unity.meta,162,9fce76d8f19eb1fb21108ab04cf33edb784302b85bb2a1b2a5a8914bf3828b03
06_UnityFramework/Assets/Scenes/MockFlow.unity,36199,58a355b922c8a6ae52b61a9162279e3e38d3d58c4313295f88bcc9a86410bc70
06_UnityFramework/Assets/Scenes/MockFlow.unity.meta,162,257be3190d8f34c8a700703135729fa2754b7c6276aef06f2c65b8193c1947b9
06_UnityFramework/Assets/Scenes/Packaged_GameScene.unity,354556,5f7b26eb5c5f2635c9a5c9b1964f1adc71806edadd0912209083c0f4b6069c82
06_UnityFramework/Assets/Scenes/Packaged_GameScene.unity.meta,162,e2c398c492d40695d296c59c7c71bac70198b56bbc5dd30bbff574ec6ed3e346
06_UnityFramework/Assets/Scenes/Packaged_LoadScene.unity,31553,988c21378dbaeb6edbee673d25cfdc32887f3065e98e3b94567e9fe31dda0d27
06_UnityFramework/Assets/Scenes/Packaged_LoadScene.unity.meta,162,3dfe3478b473fe0ffbf59c309797944e4537c1ecbdfcc5aa19671dc529b94123
06_UnityFramework/Assets/Scripts/Core/RecoveredNode.cs,403,bc6e04160812d89050bfa4d3c73d516d019255907c3a02fae525f8a34f63d7e3
06_UnityFramework/Assets/Scripts/Core/RecoveredNode.cs.meta,254,1835d46058ad25178a0ec0d2dbaec84463015212f4f9b0ae2f30c7e0b0aef007
06_UnityFramework/Assets/Scripts/Core/RecoveryModel.cs,1169,bd3b95d76b26dd4406661f9ffb2861c63db7bb9fa19388db23a1c9b71748a5f0
06_UnityFramework/Assets/Scripts/Core/RecoveryModel.cs.meta,254,f5c599f09326e09e34652cf782fe7fe47906f7f1b11eaa533ec66fa17e80432c
06_UnityFramework/Assets/Scripts/Gameplay/MergeRules.cs,1504,3f7ba07a12c456b7be74df2e2bfbfb24ad4d324dcd831a183c099b0d86a95f2e
06_UnityFramework/Assets/Scripts/Gameplay/MergeRules.cs.meta,254,077875fcc041fdcdb1aedc179e2e3e9501c6aaaf69498645a02e62d8aa2460bb
06_UnityFramework/Assets/Scripts/Gameplay/NativeMergeBoard.cs,779,2ad1dacc5bcdf475eed0a0f8437c0b4ba9599ac94b5cd39eec8869c40c8cbdd7
06_UnityFramework/Assets/Scripts/Gameplay/NativeMergeBoard.cs.meta,254,ec447f593e123591da30db531aff8dcd73d8456a7116283c808c6ded6f21db54
06_UnityFramework/Assets/Scripts/Gameplay/NativeMergeCoin.cs,1008,1416ca364fb9fa049768740b3c5ef7c2d06b61a50127ba9af4b9995fcea0dc68
06_UnityFramework/Assets/Scripts/Gameplay/NativeMergeCoin.cs.meta,254,6315b9aea401242b6c9a095e2e1223283450da4fe1807dd29c0da7789d041f8a
06_UnityFramework/Assets/Scripts/SDK/SdkFacade.cs,3784,f23a42aac811dc505a69fc3b39412de6afbcf2c77c220822ce6dea2f60810668
06_UnityFramework/Assets/Scripts/SDK/SdkFacade.cs.meta,254,4c44b4c5c20ed35a0d0b4e5f9a757d25df5248f7d90447b58940e86f319662c4
06_UnityFramework/Assets/Scripts/UI/MockFlowPanel.cs,1227,e932a502a7876964764640b56994c5ed6343ce72cddf4eb8822f4a329bd71b16
06_UnityFramework/Assets/Scripts/UI/MockFlowPanel.cs.meta,254,4b38a64477c3ebb957d6ac304370f620c2a5aba8fcbc8c1883991fe49d1a03d2
06_UnityFramework/Packages/manifest.json,330,c6fb989792570ada6df52c2b60686a325e4a0e652db837cd8ebbfe28378ed354
06_UnityFramework/ProjectSettings/EditorBuildSettings.asset,265,d7aa41cb238d3fc43efd8c04242c125a45ccb23a3eff9ce4098057488b7ce429
06_UnityFramework/ProjectSettings/ProjectVersion.txt,32,5b0634247ea2edeb8fe53c6eb5ddd04be5d49c474d3d0689d6cb6fc33015a32b
06_UnityFramework/README.md,2867,038fa34b7bb04f5b560ec059ab5b96a974b89ec049ce210dcb519520e586b1c0
07_Verification/art_export_errors.json,2,4f53cda18c2baa0c0354bb5f9a3ecbe5ed12ab4d8e11ba873c2f11161202b945
07_Verification/art_summary.json,226,52a50fa3edac7bcf174ee6fa440ad29b1a7e92ad503db866e53fbc0836cde50a
07_Verification/asset_summary.json,823,ddb1e91d0091ef1076c676dd41468f7ccf6aebaaa2572af3a642334ac7c95146
07_Verification/Compiled/CoinMergeFramework.dll,29184,e44ae4e8513bd81379d1f16456a2a5cd1a4054b484e991f69b731fe9a1614328
07_Verification/Compiled/compile.rsp,12374,a8ba76789f9c65067cf9c137bc8b2b8d6634a7031d29bce7ec29df31dd156fd6
07_Verification/Compiled/MockFlowChecks.exe,11776,e39ec6d2abbf05ce69d28eb7ded919b1a58169cdb3f12c0ed00c4677ede628aa
07_Verification/completeness.json,1276,b00f4bac037cf096f6d43d78580047667a755a6e5d05ea6c83ccbb7c146d7ccd
07_Verification/component_migration.json,348508,3f53939a52560cfb82ae393cff04883aff8c742066dc56894275cc7b370ef007
07_Verification/csharp_compile.txt,10,d09fd5987b4cbd0b6d2e085adffe3e497a635e11371f4b2b81e64ecf542beeeb
07_Verification/csharp_compile_result.json,261,6b1b0cc9c7c0165025d7de50543ab005b40c34d541a267abf9f3122a5fe5dd04
07_Verification/decode_errors.json,2,4f53cda18c2baa0c0354bb5f9a3ecbe5ed12ab4d8e11ba873c2f11161202b945
07_Verification/mock_flow_tests.txt,487,b818ee8f14d5810dd3a4b0bee9040a91c0c944d7d050366d1de198b8e21748d3
07_Verification/module_body_verification.json,233,9a636eca0fa1bd2077d8c103777b1781ff42d151f28d081e9e8c32d5935b5d07
07_Verification/native_yaml_inventory.json,10641,46513e049b3b1228433ba303bad4565cfefc26deb6f2868f63322d306514db8f
07_Verification/native_yaml_unported_components.json,93565,cd35896f4b6287d1e3a21b6874290f2ba43ca832d0143b9f7fedad23761bc2f4
07_Verification/original_flow_tests.json,2055,79090343fc9df37959ce6005fdfbf560b97d7d3ec0913d731a040ff41e0e8939
07_Verification/skeletal_errors.json,2,4f53cda18c2baa0c0354bb5f9a3ecbe5ed12ab4d8e11ba873c2f11161202b945
07_Verification/structural_validation.json,470,4a7b2a6ddf20e4d56b76617cf0261dd7ba21da9e7cbbba5d8603426a59e9dd47
07_Verification/unity_build.log,3287,2fb14f14654b98bb7825a0edbd12a8f961de75a4fb7399c6b1cfa4e4899cd2b0
07_Verification/unity_model_inventory.json,20486,b7b8581a640470e11f18ddeacb2ec806cd10280529a936f14e42dd81e5da3333
index.html,36157,64ed4463479443d2d4d23ff49a00a121ab2d1ec57e86b145fbe7f932e3e5f0d7
module_summary.json,167,a19e437d01cf658b6e624f1a91d674a07548705903198c023e61f1b45a210b16
README.md,3836,2a8a7338998daf344b3d21cef12f75e9136a0da0acabde7744bc90dd8db2a2da
survey.txt,6911,a16197e2ef06cf58194bae4ad8384693fdde71649b95d4b1d05e45a6d5dd10e8
Tools/capture_config.py,1370,b38364a548510bddd97a9342ab8553244573d901adb690737fac6369b9be14f5
Tools/compile_check.ps1,1628,b554f709999d214766ad4a1e45e43ad438fe30505b389212a8c9357c13fa6749
Tools/decode_assets.py,8712,596cfae2123c86f1f6e995c9ceff0a2b42ac38601a2c6954a461a6b5613d2bb8
Tools/disassemble_native.py,4207,7f4e49ebfe4037d9161c8750350b6ac741eb5a28fadfd58be9b2058807f23a75
Tools/document_config.py,16389,8b5d74accb8da6465ad09be02004adc01f6507c3213f39cea64212618159eaf7
Tools/effective_config.cjs,2439,bbfe149c4e021d0fa49ad69818a8fe91af46c7926e4ae6266662114fdcd1e291
Tools/export_art.py,4281,fc49c79a76b43c3e1c0bf05e04aa0231485ecdb560317c19e3865fada6846f54
Tools/export_skeletal.py,3593,533f5d1a68ff790c2eca069976bd4bebf5c9c8d35738941b25b95db2f090f402
Tools/extract_modules.cjs,2300,6ce45f50844d36ee822b33844d5211c40315a4d2c1142965a8610684b373f10d
Tools/finish_report.py,18062,2b93d6832cc2f0bf5f3d0e015ecabfaa0374de4c019fe2bcbda1ef4024d5fc56
Tools/generate_unity_yaml.py,18005,f43582d2ca987c1f21ef1594769aff4bffa6875c536e4d596121b91c3d261e3b
Tools/manifest.py,1094,ebde459dcf2864bc62c71a5709958cee64799344ab7fe7070e21b40ab8a63207
Tools/MockFlowChecks.cs,1914,06001735f6f0fa3e19bcdaf7a5ae9410721d2e38423947c86e8e49fe337b582e
Tools/original_flow_checks.cjs,4802,27f89e7d58a107f3c94ea177c583792c10a4e8275547a2b310eb3f1bfd712ec5
Tools/prepare_unity.py,5632,a7a7f1204acfdfa3dd1c12a4c7ead33f2cf2ca923871626bf5c71ee19304a658
Tools/render_source_previews.py,3445,82245e90c407cd704ec07a7d5cdf62522a37a6f44bc054a73f38d788b6337524
Tools/run_mock_checks.ps1,796,b303a25cbb265ab30472ab52602f839e180e0a19850720bffa59d8eed66cd7fb
Tools/show_native_function.py,1303,586f637d45da1d68209ed8a95b7f5be7583ace387e443a11489f5278e9f87c80
Tools/survey.py,1455,02fabae9bc24dc23c6c1efbc631faf361b7e5aec548f170d86176830cf8ccd8b
Tools/verify_modules.cjs,1195,ac6c8192fb30d3337783c5b21205c1a1ddedcd2301ee15ddd1fede9f4591f440
Tools/verify_recovery.py,3151,bbad108dc1173bcbeaeaa31f596430491ce2919f1d002ded80211cea18ce0aff
