variant,uuid,type,path,file,sha256
Packaged,0275e94c-56a7-410f-bd1a-fc7483f7d14a,cc.Texture2D,,04_Assets/Packaged/Native/0275e94c-56a7-410f-bd1a-fc7483f7d14a/0275e94c-56a7-410f-bd1a-fc7483f7d14a.cea68.png,83c9b8ce1937570a40bcedde29457a4ab7865ca1db23a46d2d68e6b1949f3c28
Packaged,600301aa-3357-4a10-b086-84f011fa32ba,cc.Texture2D,,04_Assets/Packaged/Native/600301aa-3357-4a10-b086-84f011fa32ba/600301aa-3357-4a10-b086-84f011fa32ba.c3a3a.png,2e96e6cfa06188f02c7dfac41b9e9e022a99f29a1a94a188ccae29db3bcdb327
Packaged,13a0f3f0-036c-4bcb-8078-09614b179f51,cc.Texture2D,,04_Assets/Packaged/Native/13a0f3f0-036c-4bcb-8078-09614b179f51/13a0f3f0-036c-4bcb-8078-09614b179f51.bd3e6.png,1aebe3bdc91e38c8330aa666ae4c8db7fb3fc629f2e3c1cb8cae8230c236f70a
Packaged,1d3ae4c4-91a3-4b2e-a175-29718b968171,cc.Texture2D,,04_Assets/Packaged/Native/1d3ae4c4-91a3-4b2e-a175-29718b968171/1d3ae4c4-91a3-4b2e-a175-29718b968171.30759.png,039f64c493909fd0dc82962f5d7353bd68baadae30d446f667ac893e7741b6af
Packaged,2012a8f8-b8db-4f6e-a07e-57ca2bd98287,cc.Texture2D,,04_Assets/Packaged/Native/2012a8f8-b8db-4f6e-a07e-57ca2bd98287/2012a8f8-b8db-4f6e-a07e-57ca2bd98287.77f52.png,846479cc6067ca19c1d109327317b132e76af1ec9e50dca7c864cf50f756ec22
Packaged,2b20483e-839f-4bc2-81b8-513f6862b36a,cc.Texture2D,,04_Assets/Packaged/Native/2b20483e-839f-4bc2-81b8-513f6862b36a/2b20483e-839f-4bc2-81b8-513f6862b36a.20ecc.png,74cea98ee36ae69971b2a1589843a7da5695172d8dd057877e581ef7dd24c2a2
Packaged,3e51fc87-559b-4c1c-a7c6-a48e11d8599c,cc.Texture2D,,04_Assets/Packaged/Native/3e51fc87-559b-4c1c-a7c6-a48e11d8599c/3e51fc87-559b-4c1c-a7c6-a48e11d8599c.8b677.png,6cbeba8c9ff74d0132fedbe649857c0c2015551bf95856c26907f8ce806f012f
Packaged,707d1237-7579-412a-8626-97ed327bc1da,cc.Texture2D,,04_Assets/Packaged/Native/707d1237-7579-412a-8626-97ed327bc1da/707d1237-7579-412a-8626-97ed327bc1da.6ca13.png,a0b23a8a05d8063fd8419526a146e62bbf2c455ba583fae66b23add4df031287
Packaged,7dc399ea-a792-4d41-a57d-d8bd21f374e9,cc.Texture2D,,04_Assets/Packaged/Native/7dc399ea-a792-4d41-a57d-d8bd21f374e9/7dc399ea-a792-4d41-a57d-d8bd21f374e9.9af8c.png,ac94d03625d04c592223b99ddb14d9fffc9ac445a1ca77aecf4cd2c89b8fa28b
Packaged,7f437501-7426-4100-a8cb-a41fb871949a,cc.Texture2D,,04_Assets/Packaged/Native/7f437501-7426-4100-a8cb-a41fb871949a/7f437501-7426-4100-a8cb-a41fb871949a.09de4.png,3b2e55ad066a85d4db4991cdbc560f320c73a7b715c222593593d57dc854946e
Packaged,87a79e36-cc88-4be0-b937-9c4daed2be15,cc.Texture2D,,04_Assets/Packaged/Native/87a79e36-cc88-4be0-b937-9c4daed2be15/87a79e36-cc88-4be0-b937-9c4daed2be15.29bd4.png,a5815a6e21e7467339e39288748081e95658dc2cb0e0a25dceebaf6f6020e529
Packaged,897e7d69-0016-4466-a473-5d40f6481e0b,cc.Texture2D,,04_Assets/Packaged/Native/897e7d69-0016-4466-a473-5d40f6481e0b/897e7d69-0016-4466-a473-5d40f6481e0b.fb483.png,19c3db6bad4e0382cc145ea9d206ef0d3ca99f3641688919511ea1b0cd754481
Packaged,901a4d90-1efd-4b0b-b117-d341fe15d83a,cc.Texture2D,,04_Assets/Packaged/Native/901a4d90-1efd-4b0b-b117-d341fe15d83a/901a4d90-1efd-4b0b-b117-d341fe15d83a.ec6b6.png,bacdce4076963766808bd1f58f8e27aee35c028dd2116a2399192d2cece3d2b3
Packaged,91e1056e-f851-4b1e-bef6-ded01a007fdc,cc.Texture2D,,04_Assets/Packaged/Native/91e1056e-f851-4b1e-bef6-ded01a007fdc/91e1056e-f851-4b1e-bef6-ded01a007fdc.c41ea.png,4147c84c9dcb3133b69f3257f3170cdc57ff679bae3a731f5ef2901b3680bbe3
Packaged,99ef51d3-37f1-4c35-be3b-28d4014de0a9,cc.Texture2D,,04_Assets/Packaged/Native/99ef51d3-37f1-4c35-be3b-28d4014de0a9/99ef51d3-37f1-4c35-be3b-28d4014de0a9.a5b34.png,541dbd6984adc51df5ba92a653229fd6907d41ff5b8207d870da17aa83de7cd1
Packaged,9a1fc424-af38-40e5-8ba7-2bcb7df665cf,cc.Texture2D,,04_Assets/Packaged/Native/9a1fc424-af38-40e5-8ba7-2bcb7df665cf/9a1fc424-af38-40e5-8ba7-2bcb7df665cf.9a643.png,63f82d0aca00fbdb60c628706e8e403df180b26022713142554f4592ec1656d6
Packaged,d1512532-b4ad-4eb8-96a2-2006eb9fad43,cc.Texture2D,,04_Assets/Packaged/Native/d1512532-b4ad-4eb8-96a2-2006eb9fad43/d1512532-b4ad-4eb8-96a2-2006eb9fad43.f769e.png,b4cd5c7fd4a980c569cd54e12ab0900c00e5fcdb773871bfc287d78a9829a718
Packaged,d1cdfaa7-cf4b-400b-9fcc-58700713541c,cc.Texture2D,,04_Assets/Packaged/Native/d1cdfaa7-cf4b-400b-9fcc-58700713541c/d1cdfaa7-cf4b-400b-9fcc-58700713541c.03bcd.png,f43897b26d560836d526a382681ce8aa98798d43c42eb62e74e3daf2ec8f6b5e
Packaged,d88b9be5-19e7-4385-b379-f8cdebbb6ba1,cc.Texture2D,,04_Assets/Packaged/Native/d88b9be5-19e7-4385-b379-f8cdebbb6ba1/d88b9be5-19e7-4385-b379-f8cdebbb6ba1.6ad18.png,7f02564b579aed1792396d8d53b45b0cb627b8e1f3a12f245a08625a7907ed31
Packaged,fbaa34ab-ca57-43f7-9d8b-e4356acc4304,cc.Texture2D,,04_Assets/Packaged/Native/fbaa34ab-ca57-43f7-9d8b-e4356acc4304/fbaa34ab-ca57-43f7-9d8b-e4356acc4304.35f62.png,2ffa38b5ae897fcac0eb17aec6585f6e3c48379297c136cf9f12c3506d4a30b4
Packaged,01ca532a-0123-41b6-9823-3286cd337550,cc.AudioClip,Audio/HeChengZuiDaYinBi,04_Assets/Packaged/Native/01ca532a-0123-41b6-9823-3286cd337550/01ca532a-0123-41b6-9823-3286cd337550.ac820.mp3,1a7432177c81a449c85daa0d500706fd1c1d991fe6e072cebe5b7a9069234475
Packaged,050e749c-78c3-46d1-a66d-7288c7f514db,cc.Texture2D,,04_Assets/Packaged/Native/050e749c-78c3-46d1-a66d-7288c7f514db/050e749c-78c3-46d1-a66d-7288c7f514db.c924b.png,fb399d459a69964fcb9a00e8e74e094dd115eefc9b6ad7aa0c6c66fad81360a1
Packaged,0fcc457a-c571-4949-b9df-cc0714744a9b,cc.Texture2D,,04_Assets/Packaged/Native/0fcc457a-c571-4949-b9df-cc0714744a9b/0fcc457a-c571-4949-b9df-cc0714744a9b.933a5.png,ea588958684830a63f6cbb9af633948480f58aaa407ad3d702ce00d09be60c38
Packaged,127b6aed-4d57-4b0b-8cb4-5c4d996818d3,cc.Texture2D,,04_Assets/Packaged/Native/127b6aed-4d57-4b0b-8cb4-5c4d996818d3/127b6aed-4d57-4b0b-8cb4-5c4d996818d3.ed434.png,612ba5e5694075ac12a51bf1f2227b06b37d62762a324774c019ce1bdffc223c
Packaged,1504728e-7004-4db0-b971-a1301562d882,cc.AudioClip,Audio/BG,04_Assets/Packaged/Native/1504728e-7004-4db0-b971-a1301562d882/1504728e-7004-4db0-b971-a1301562d882.b8eab.mp3,cf81bd19771b6c9bba884beb56e342ada7c0479597b93b32758125da34d9e816
Packaged,157cc2b8-7118-4d07-a09a-3d70313d5d74,cc.Texture2D,,04_Assets/Packaged/Native/157cc2b8-7118-4d07-a09a-3d70313d5d74/157cc2b8-7118-4d07-a09a-3d70313d5d74.8b10c.png,05400f3e867f61f717c677fe384a1df352c78119dab9f1586862f4bfdd3b1ab3
Packaged,1802f955-cc9d-4a38-8584-ac5830f8e1d1,cc.Texture2D,,04_Assets/Packaged/Native/1802f955-cc9d-4a38-8584-ac5830f8e1d1/1802f955-cc9d-4a38-8584-ac5830f8e1d1.f078e.png,7fa5772342a92eccebc7b08e302a5fdd0f37327ffe7d6275915e90f20d12fea3
Packaged,1a74b274-7cd2-467d-848a-39483220fc60,cc.Texture2D,,04_Assets/Packaged/Native/1a74b274-7cd2-467d-848a-39483220fc60/1a74b274-7cd2-467d-848a-39483220fc60.ffdd6.png,8961359357506bacfa5103e9e2fef667d1dae259adf3feec18c8247574d4704b
Packaged,1b01ae52-bf3f-41dd-a98f-a350b6b26230,cc.Texture2D,,04_Assets/Packaged/Native/1b01ae52-bf3f-41dd-a98f-a350b6b26230/1b01ae52-bf3f-41dd-a98f-a350b6b26230.f38b0.png,5f7841d3caead4c5fda44d153e6ca5c6a8f5bc7fd3656855a434191a263f5321
Packaged,1b5f3d3f-ddcb-49d1-8f58-2cbd9d5b8db4,cc.Texture2D,,04_Assets/Packaged/Native/1b5f3d3f-ddcb-49d1-8f58-2cbd9d5b8db4/1b5f3d3f-ddcb-49d1-8f58-2cbd9d5b8db4.2f841.png,3371bcd24eb7d03f7992bc7bcb89df7a10f0997a8157eb24357c8878b4da029b
Packaged,1b7bc0b8-b9cd-458a-8fd8-992b29544979,cc.Texture2D,,04_Assets/Packaged/Native/1b7bc0b8-b9cd-458a-8fd8-992b29544979/1b7bc0b8-b9cd-458a-8fd8-992b29544979.db143.png,acceae1d5decc82ffa3c8afbdb5fc832d521f65f23e2a88a767c2f6c3b9f5537
Packaged,1e4d6150-2e90-4f47-b0ce-f51068dff40a,cc.Texture2D,,04_Assets/Packaged/Native/1e4d6150-2e90-4f47-b0ce-f51068dff40a/1e4d6150-2e90-4f47-b0ce-f51068dff40a.be08f.png,ef9e70a318dc27b94998e0406b05f9a45a81e7c4b7707e946c841205add1993d
Packaged,25b5ef86-c836-4f44-9f87-4a2939361d5f,cc.Texture2D,,04_Assets/Packaged/Native/25b5ef86-c836-4f44-9f87-4a2939361d5f/25b5ef86-c836-4f44-9f87-4a2939361d5f.4f529.png,09e1a15e4db69c29c3de9fc09fca0ed9fa7b3ed765abfb18fdfd17247c2ec987
Packaged,29a28790-787a-4936-ba3f-449db5cc2adc,cc.Texture2D,,04_Assets/Packaged/Native/29a28790-787a-4936-ba3f-449db5cc2adc/29a28790-787a-4936-ba3f-449db5cc2adc.ac861.png,0ca1cbe728c35898a3ac94387ba10a18c1209e1a92d85fdf23430d783008d251
Packaged,29f0032e-3c42-4348-956b-236804a13520,cc.Texture2D,,04_Assets/Packaged/Native/29f0032e-3c42-4348-956b-236804a13520/29f0032e-3c42-4348-956b-236804a13520.602c5.png,14baa4e16f914427a17257f8bc568675e7cc6ec2d925ec33b0033e8db4b7c9c6
Packaged,2d889576-61d3-4c6c-9a7e-baec25d19427,cc.Texture2D,,04_Assets/Packaged/Native/2d889576-61d3-4c6c-9a7e-baec25d19427/2d889576-61d3-4c6c-9a7e-baec25d19427.83964.png,4eded50c3cabcd19f0915a6b1efcab420ebfd6a0372bfa505c7a8ac2b9d9805e
Packaged,3198a1cc-a4fd-4024-9afa-7c79fbbf9cbd,cc.Texture2D,,04_Assets/Packaged/Native/3198a1cc-a4fd-4024-9afa-7c79fbbf9cbd/3198a1cc-a4fd-4024-9afa-7c79fbbf9cbd.f9b7d.png,879df5c7ecb9c0b362678a3edbd67c448e11088b672b47fc645e344f099de6bf
Packaged,35b639ec-f5e7-4908-a6e4-9efc102b0a81,cc.Texture2D,,04_Assets/Packaged/Native/35b639ec-f5e7-4908-a6e4-9efc102b0a81/35b639ec-f5e7-4908-a6e4-9efc102b0a81.f908e.png,fe41d604ba8f5de559ee1e9c6bae87aa6d633334d746a913226db5abd99f9b09
Packaged,36c6ac8d-0ca3-46a7-b1f1-74b05204de3b,cc.Texture2D,,04_Assets/Packaged/Native/36c6ac8d-0ca3-46a7-b1f1-74b05204de3b/36c6ac8d-0ca3-46a7-b1f1-74b05204de3b.b197a.png,139e46167e0c231aeb99e9e626c6623c33d04ebeb577daa8b94fafcc88e40546
Packaged,3781b850-9ec0-4d4e-affb-f854c9c7f28c,cc.AudioClip,Audio/button,04_Assets/Packaged/Native/3781b850-9ec0-4d4e-affb-f854c9c7f28c/3781b850-9ec0-4d4e-affb-f854c9c7f28c.e721e.mp3,45932c2d4114cae1b8b906769a2329eb9050517db1fb3faf1e948dbdd2b66c33
Packaged,3cd48c22-9f2c-47e4-a563-851a54f554c4,cc.Texture2D,,04_Assets/Packaged/Native/3cd48c22-9f2c-47e4-a563-851a54f554c4/3cd48c22-9f2c-47e4-a563-851a54f554c4.0c065.png,9a04d8be09dbe779a8274c6f06ce70824f37e9817f82a7611473f5be6b1d4c88
Packaged,4373950c-2d87-4519-a2bf-52a5d9ee95b5,cc.Texture2D,,04_Assets/Packaged/Native/4373950c-2d87-4519-a2bf-52a5d9ee95b5/4373950c-2d87-4519-a2bf-52a5d9ee95b5.6faaa.png,3acea94dde17ed6244db6e4ffc579f01c1d537ecdcd77a2ee6c5c2f9f9719b92
Packaged,4dfb3ed3-a28b-4cf1-89b9-f07981422932,cc.Texture2D,,04_Assets/Packaged/Native/4dfb3ed3-a28b-4cf1-89b9-f07981422932/4dfb3ed3-a28b-4cf1-89b9-f07981422932.9bfd9.png,1127e270cf737e1418b73dcba96b285319faa45e08b11a059d0357528b41fe04
Packaged,4ecd57de-75e8-4db3-a6dd-355871292995,cc.Texture2D,,04_Assets/Packaged/Native/4ecd57de-75e8-4db3-a6dd-355871292995/4ecd57de-75e8-4db3-a6dd-355871292995.4c08f.png,eec50b992f3b9dd2fc184ffb5cf3353ffd76e0e9087236234f37b1f4f53e268f
Packaged,56ccf369-757a-4707-9dbf-b5e1206d00a5,cc.Texture2D,,04_Assets/Packaged/Native/56ccf369-757a-4707-9dbf-b5e1206d00a5/56ccf369-757a-4707-9dbf-b5e1206d00a5.44552.png,ffd4175f9103541bce609af2cffedb9743bca4670ff67f8df9fb1bcc56cae167
Packaged,59b97112-c97b-48f6-811b-1e52d0f171ba,cc.Texture2D,,04_Assets/Packaged/Native/59b97112-c97b-48f6-811b-1e52d0f171ba/59b97112-c97b-48f6-811b-1e52d0f171ba.f71f3.png,e2d9206fb263767bca910fd09bf4430f75e2f216cd12cf78d663f93fa4fa5c17
Packaged,5d955491-fa76-4150-98ba-1cf425225dc4,cc.Texture2D,,04_Assets/Packaged/Native/5d955491-fa76-4150-98ba-1cf425225dc4/5d955491-fa76-4150-98ba-1cf425225dc4.50194.png,2c2d6e66856b17e13c8b7df5a39547bfbc3f797dd8818554084b482a3d2526ca
Packaged,60597400-aac0-4835-b539-f980b79fbe75,cc.Texture2D,,04_Assets/Packaged/Native/60597400-aac0-4835-b539-f980b79fbe75/60597400-aac0-4835-b539-f980b79fbe75.b5cc0.png,367382a49e675d4593ca579d1524579c3baba599a7c13971f597f7f776946e5c
Packaged,6218d65e-032b-4415-9bf5-d33c8f174e7a,cc.Texture2D,,04_Assets/Packaged/Native/6218d65e-032b-4415-9bf5-d33c8f174e7a/6218d65e-032b-4415-9bf5-d33c8f174e7a.a5b34.png,541dbd6984adc51df5ba92a653229fd6907d41ff5b8207d870da17aa83de7cd1
Packaged,65b056b9-cdb5-408f-b3d7-2c3ec2a0cf3e,cc.Texture2D,,04_Assets/Packaged/Native/65b056b9-cdb5-408f-b3d7-2c3ec2a0cf3e/65b056b9-cdb5-408f-b3d7-2c3ec2a0cf3e.dc98e.png,bda1ba631d898445a243bd2b6eb768773fd21af9aa536b81c76a7050b9ebd3c7
Packaged,678cc07f-5859-41da-8ec6-5ece36fd417c,cc.Texture2D,,04_Assets/Packaged/Native/678cc07f-5859-41da-8ec6-5ece36fd417c/678cc07f-5859-41da-8ec6-5ece36fd417c.19e38.png,15f5143d412432849d01d35134980c2accf37d64fb32511da545439cad52d36b
Packaged,6ab60de2-c2d7-4e1d-94d2-c98fa371032c,cc.Texture2D,,04_Assets/Packaged/Native/6ab60de2-c2d7-4e1d-94d2-c98fa371032c/6ab60de2-c2d7-4e1d-94d2-c98fa371032c.8b4b0.png,beeb36edb1c8b83488ce443ade7f084e830b9f941b3661991e161af65960ce8b
Packaged,6fe47eef-b74c-4864-91f8-70cf0c5aaf34,cc.Texture2D,,04_Assets/Packaged/Native/6fe47eef-b74c-4864-91f8-70cf0c5aaf34/6fe47eef-b74c-4864-91f8-70cf0c5aaf34.a7d63.png,4f5ec9db0d876d93c8bfa84f233cc966173f743daddde806a40b5a4f803963b8
Packaged,6feb7340-4213-4a37-834c-efddda9aaee3,cc.AudioClip,Audio/ShiBai,04_Assets/Packaged/Native/6feb7340-4213-4a37-834c-efddda9aaee3/6feb7340-4213-4a37-834c-efddda9aaee3.1fc44.mp3,d9aa3223df0d777ba0813d6f90c242687b7101b770d09c47920e9800bfd36551
Packaged,7064be55-434c-4cf9-933d-1f7224bee890,cc.Texture2D,,04_Assets/Packaged/Native/7064be55-434c-4cf9-933d-1f7224bee890/7064be55-434c-4cf9-933d-1f7224bee890.71e6f.png,b132801d2fed04471efe1b3e1b701b6c79fe40b79a02bef4238a1af48ff90333
Packaged,71f5ed3e-9902-49ad-b721-df84871778b0,cc.Texture2D,,04_Assets/Packaged/Native/71f5ed3e-9902-49ad-b721-df84871778b0/71f5ed3e-9902-49ad-b721-df84871778b0.4f060.png,4ba349eb1343460e5ba69b69c5bffde830b685a7ecd35b737dd406e30fbc74ef
Packaged,78df8588-335c-4127-ad79-36398bda94f1,cc.AudioClip,Audio/floor,04_Assets/Packaged/Native/78df8588-335c-4127-ad79-36398bda94f1/78df8588-335c-4127-ad79-36398bda94f1.a70d1.mp3,63dc457501bd541641966951fafe1cf5ead7b6cc03ee242e4d7bbde9b7734c30
Packaged,7fb630b4-bc08-4662-849d-5834736513c7,cc.Texture2D,,04_Assets/Packaged/Native/7fb630b4-bc08-4662-849d-5834736513c7/7fb630b4-bc08-4662-849d-5834736513c7.ffdd6.png,8961359357506bacfa5103e9e2fef667d1dae259adf3feec18c8247574d4704b
Packaged,86d577a2-9380-4a88-aac1-a8333961e0a9,cc.AudioClip,Audio/HeCheng,04_Assets/Packaged/Native/86d577a2-9380-4a88-aac1-a8333961e0a9/86d577a2-9380-4a88-aac1-a8333961e0a9.9cdbe.mp3,55b8ae8e5f2a27fcd2087347c4761d41d3da7295f049d69b2b9587f171a9b0e8
Packaged,9e93b639-81ca-4e67-b41c-714c8248bd22,cc.Texture2D,,04_Assets/Packaged/Native/9e93b639-81ca-4e67-b41c-714c8248bd22/9e93b639-81ca-4e67-b41c-714c8248bd22.c2d26.png,d5e2b378a652ba51786b4326dce55fe60018a1213f795bb3f3df02244587f406
Packaged,9ef925f0-eab0-4d13-a400-d91a9a67709b,cc.Texture2D,,04_Assets/Packaged/Native/9ef925f0-eab0-4d13-a400-d91a9a67709b/9ef925f0-eab0-4d13-a400-d91a9a67709b.1f2f6.png,d7f832924f4afbadd995b0b3adba8270ff032ca5054cb665a8e1ac8c2bc09675
Packaged,a25c2a9c-a437-4907-8457-50af4eb07838,cc.Texture2D,,04_Assets/Packaged/Native/a25c2a9c-a437-4907-8457-50af4eb07838/a25c2a9c-a437-4907-8457-50af4eb07838.e6b43.png,a0c0c0e6cb0c81dadccd537aa8289886d7af9f829f718f00afd8c1781f9a0b11
Packaged,a4282ff9-1acc-4eb0-8f6e-b6dbfdc6a136,cc.Texture2D,,04_Assets/Packaged/Native/a4282ff9-1acc-4eb0-8f6e-b6dbfdc6a136/a4282ff9-1acc-4eb0-8f6e-b6dbfdc6a136.f8c27.png,26002f29c6de48f582ba8132f748ad2acbbbb2577095ca17e6cd2562857ce1d0
Packaged,a45d185a-2114-47aa-b6b1-b06b5f2c1f8f,cc.Texture2D,,04_Assets/Packaged/Native/a45d185a-2114-47aa-b6b1-b06b5f2c1f8f/a45d185a-2114-47aa-b6b1-b06b5f2c1f8f.55b60.png,c91c466465809f9c6a6ba1b7dda74b8d8b32c1f4fd65bf52b8f7f8e2fe32bfcb
Packaged,a8027877-d8d6-4645-97a0-52d4a0123dba,cc.Texture2D,,04_Assets/Packaged/Native/a8027877-d8d6-4645-97a0-52d4a0123dba/a8027877-d8d6-4645-97a0-52d4a0123dba.cea68.png,83c9b8ce1937570a40bcedde29457a4ab7865ca1db23a46d2d68e6b1949f3c28
Packaged,a8ee947f-c1ab-4587-aef2-3e9bde6b6afd,cc.Texture2D,,04_Assets/Packaged/Native/a8ee947f-c1ab-4587-aef2-3e9bde6b6afd/a8ee947f-c1ab-4587-aef2-3e9bde6b6afd.532f5.png,b29905435fda3305f13289ac0b04a6e53077f8cddd215bed404ea2ea278eaa91
Packaged,ae9145d3-3dfd-4ea2-8ae4-8c520f0e6403,cc.Texture2D,,04_Assets/Packaged/Native/ae9145d3-3dfd-4ea2-8ae4-8c520f0e6403/ae9145d3-3dfd-4ea2-8ae4-8c520f0e6403.1f6be.png,f683765ea4032498a029fd809d9535aa1741817662214e5ae4f57a4c6499c36c
Packaged,b085cded-1179-40b0-bdc1-782d657ec739,cc.Texture2D,,04_Assets/Packaged/Native/b085cded-1179-40b0-bdc1-782d657ec739/b085cded-1179-40b0-bdc1-782d657ec739.07349.png,9ff33a650dae4f80299afdc47c6890e45bd33fc4f786e3ef0ddf62782f974f82
Packaged,b6574d93-b511-47b5-ac94-ea121ae3b44e,cc.Texture2D,,04_Assets/Packaged/Native/b6574d93-b511-47b5-ac94-ea121ae3b44e/b6574d93-b511-47b5-ac94-ea121ae3b44e.29803.png,5e463c4b3efcfebe0eaa702f2117b7326cc4ee8f9ec67fc9302f37bca448fdb0
Packaged,c44d8466-cd03-4175-9f8c-7fe5eaffbf5b,cc.Texture2D,,04_Assets/Packaged/Native/c44d8466-cd03-4175-9f8c-7fe5eaffbf5b/c44d8466-cd03-4175-9f8c-7fe5eaffbf5b.ddac0.png,a4d16b2f9d4d1bba5920926f5aa19d5c8cf2854384f6057051cb11f17de6325b
Packaged,d3c48559-bcaa-49fd-859a-a92b13b3e7f0,cc.Texture2D,,04_Assets/Packaged/Native/d3c48559-bcaa-49fd-859a-a92b13b3e7f0/d3c48559-bcaa-49fd-859a-a92b13b3e7f0.d08b2.png,3b23ba4cacdeb8ecc8ba42dbf3e90a1691ab6203043abb07844245ee0b0984c3
Packaged,d4d29c00-dc61-4461-ac59-bffb57e92801,cc.Texture2D,,04_Assets/Packaged/Native/d4d29c00-dc61-4461-ac59-bffb57e92801/d4d29c00-dc61-4461-ac59-bffb57e92801.af2b1.png,72f34fa2e5cb45ed52b6716356406480b3476fed8351a81a963b2ef16b4bb393
Packaged,d693e547-be89-4992-919b-b6c4b2b63734,cc.Texture2D,,04_Assets/Packaged/Native/d693e547-be89-4992-919b-b6c4b2b63734/d693e547-be89-4992-919b-b6c4b2b63734.9e1bc.png,e1795b832c8a2e63b22cde7e7b0cc07a7976640367b86e7f057ce45e3a852ea9
Packaged,d81ec8ad-247c-4e62-aa3c-d35c4193c7af,cc.Texture2D,,04_Assets/Packaged/Native/d81ec8ad-247c-4e62-aa3c-d35c4193c7af/d81ec8ad-247c-4e62-aa3c-d35c4193c7af.cdbc9.png,428698a9cd4c031962c9f5defd15057fd1f20273dc3cd6eddcbd2ce14c4057d8
Packaged,dd87d738-81cb-43ea-ad47-9a4dfde3662b,cc.Texture2D,,04_Assets/Packaged/Native/dd87d738-81cb-43ea-ad47-9a4dfde3662b/dd87d738-81cb-43ea-ad47-9a4dfde3662b.f8006.png,ec1785d996153f7c3bd33fa72617ce231049213c621cd9ef82348810a3bcc6a3
Packaged,ea137731-fc53-4306-a91e-cd3c50843228,cc.Texture2D,,04_Assets/Packaged/Native/ea137731-fc53-4306-a91e-cd3c50843228/ea137731-fc53-4306-a91e-cd3c50843228.c5999.png,ecb2dd5ae7221a854e3ef11b600dcdcea26f6e78118eb18f5333cd8a5999d3c4
Packaged,ee0c7220-a9a3-4dc8-ab38-e0b249b4d978,cc.Texture2D,,04_Assets/Packaged/Native/ee0c7220-a9a3-4dc8-ab38-e0b249b4d978/ee0c7220-a9a3-4dc8-ab38-e0b249b4d978.594e4.png,e65459fda00d9ec3442a7ff7bda75d45281e4b70b651a7001f837ba812b7ec55
Packaged,f19aa3fe-7a9c-4f27-99a9-a02d57a4da5e,cc.Texture2D,,04_Assets/Packaged/Native/f19aa3fe-7a9c-4f27-99a9-a02d57a4da5e/f19aa3fe-7a9c-4f27-99a9-a02d57a4da5e.ddb1f.png,5b5c79d5a19e4939530ecd2997e20ec3f6f6176a37274c4fb77e0f155c19f6a8
Packaged,f6d03e4b-1471-4a64-abea-da7c2b09aed9,cc.Texture2D,,04_Assets/Packaged/Native/f6d03e4b-1471-4a64-abea-da7c2b09aed9/f6d03e4b-1471-4a64-abea-da7c2b09aed9.ffdd6.png,8961359357506bacfa5103e9e2fef667d1dae259adf3feec18c8247574d4704b
Packaged,fd8d6602-e884-440e-a8d9-07a60d7b84fc,cc.Texture2D,,04_Assets/Packaged/Native/fd8d6602-e884-440e-a8d9-07a60d7b84fc/fd8d6602-e884-440e-a8d9-07a60d7b84fc.09de4.png,3b2e55ad066a85d4db4991cdbc560f320c73a7b715c222593593d57dc854946e
Packaged,00fccf83-940d-44aa-993f-b9dcfcdb9547,native without import root,,04_Assets/Packaged/Native/00fccf83-940d-44aa-993f-b9dcfcdb9547/00fccf83-940d-44aa-993f-b9dcfcdb9547.e40db,be3d048ffa3366c5d28dcdfe30ef784f9a4f906219a110b4e85ec4e3a010fef3
Packaged,0882284f-c97d-49d4-9405-94a3d4bc0dc3,native without import root,,04_Assets/Packaged/Native/0882284f-c97d-49d4-9405-94a3d4bc0dc3/0882284f-c97d-49d4-9405-94a3d4bc0dc3.08843,44613c9877f594a8fa4ac9053d82c97b8ad0efa1228182ec4b4940979a3415b9
Packaged,22552ec9-c470-4d5e-b578-09f9a4a44bd9,native without import root,,04_Assets/Packaged/Native/22552ec9-c470-4d5e-b578-09f9a4a44bd9/22552ec9-c470-4d5e-b578-09f9a4a44bd9.1222c,7c6dee197f600ce1ec23f20414029b3466709d1c5db43f01392beae43cead006
Packaged,282e855b-c003-41c4-9feb-66d6d74a2906,native without import root,,04_Assets/Packaged/Native/282e855b-c003-41c4-9feb-66d6d74a2906/282e855b-c003-41c4-9feb-66d6d74a2906.68f37,587cc7087dab25559fb266f995646c8d1275d42fd1dcd89ea88427c1f1728b77
Packaged,53604e51-aefe-42e5-9d1e-40cfad64cc87,native without import root,,04_Assets/Packaged/Native/53604e51-aefe-42e5-9d1e-40cfad64cc87/53604e51-aefe-42e5-9d1e-40cfad64cc87.d25a2,0cee74670d080f7e7900485970fbe464726e533b3838bd337ef92625f9c16f2c
Packaged,61e8148a-c2d2-42ed-a60a-0429eef4ffc3,native without import root,,04_Assets/Packaged/Native/61e8148a-c2d2-42ed-a60a-0429eef4ffc3/61e8148a-c2d2-42ed-a60a-0429eef4ffc3.c1ac1,edd2fcecb2fd269038c8cff59035bb1cf774d0cfa786c1624b73f4f15f0d23f3
Packaged,7de54adc-4e99-409b-8a6d-81b4b9a3f341,native without import root,,04_Assets/Packaged/Native/7de54adc-4e99-409b-8a6d-81b4b9a3f341/7de54adc-4e99-409b-8a6d-81b4b9a3f341.2f0b6,88b2599dbfb18e95b0210853d067148161da826c456a683e0d5859f8a8f51016
Packaged,a97af8f8-5d61-4ae6-8e99-45a0fe15664d,native without import root,,04_Assets/Packaged/Native/a97af8f8-5d61-4ae6-8e99-45a0fe15664d/a97af8f8-5d61-4ae6-8e99-45a0fe15664d,9b2e14d75cce313e039d1d1c92bab416d6cf4ec2cba58ddf8a810989491ab013
Packaged,babd05b5-63e3-4de7-bb61-dc02e3134078,native without import root,,04_Assets/Packaged/Native/babd05b5-63e3-4de7-bb61-dc02e3134078/babd05b5-63e3-4de7-bb61-dc02e3134078.16390,0264082994eaf38737782d25d083efda766d3a04599ea2186d5c2e6b7f029673
Packaged,c9b9211b-05c7-493b-bf09-83f59777527b,native without import root,,04_Assets/Packaged/Native/c9b9211b-05c7-493b-bf09-83f59777527b/c9b9211b-05c7-493b-bf09-83f59777527b.d0dae,2c768ea87e59324fb42b70497dcccba556a993eff417d3669815cd0a4e997f7c
Packaged,e099dc38-68f8-4eb5-8024-1900c29ed314,native without import root,,04_Assets/Packaged/Native/e099dc38-68f8-4eb5-8024-1900c29ed314/e099dc38-68f8-4eb5-8024-1900c29ed314.5c805,6b537380025fc6ea7c33671f19a39e807b0901b6a5ef6bc3cafc0ab5b313ed98
HotUpdate,0275e94c-56a7-410f-bd1a-fc7483f7d14a,cc.Texture2D,,04_Assets/HotUpdate/Native/0275e94c-56a7-410f-bd1a-fc7483f7d14a/0275e94c-56a7-410f-bd1a-fc7483f7d14a.cea68.png,83c9b8ce1937570a40bcedde29457a4ab7865ca1db23a46d2d68e6b1949f3c28
HotUpdate,600301aa-3357-4a10-b086-84f011fa32ba,cc.Texture2D,,04_Assets/HotUpdate/Native/600301aa-3357-4a10-b086-84f011fa32ba/600301aa-3357-4a10-b086-84f011fa32ba.c3a3a.png,2e96e6cfa06188f02c7dfac41b9e9e022a99f29a1a94a188ccae29db3bcdb327
HotUpdate,1ff8efd6-3a3a-4ae1-a672-d2465d7db4d1,cc.Texture2D,,04_Assets/HotUpdate/Native/1ff8efd6-3a3a-4ae1-a672-d2465d7db4d1/1ff8efd6-3a3a-4ae1-a672-d2465d7db4d1.58b7b.png,1f5d269208330b549f84edf0d97bda9979154187d12fb8cf4d572d5e11117a4a
HotUpdate,3ca9c65f-89a2-44fd-9c3f-d598d2a2e011,cc.Texture2D,,04_Assets/HotUpdate/Native/3ca9c65f-89a2-44fd-9c3f-d598d2a2e011/3ca9c65f-89a2-44fd-9c3f-d598d2a2e011.338a1.png,b96e16759e0c77af9e3ae1cab01c000a1949aae909a945e0c0e6906c508034c4
HotUpdate,43d2761d-f0f3-4f2f-9461-8ec1411ee58a,cc.Texture2D,,04_Assets/HotUpdate/Native/43d2761d-f0f3-4f2f-9461-8ec1411ee58a/43d2761d-f0f3-4f2f-9461-8ec1411ee58a.78d47.png,e24cb37036448622decc52e784fc81eab19894d2d683f1bef0a441120beca210
HotUpdate,517dd422-aa9a-4f29-afea-7d2a24a3dd62,cc.Texture2D,,04_Assets/HotUpdate/Native/517dd422-aa9a-4f29-afea-7d2a24a3dd62/517dd422-aa9a-4f29-afea-7d2a24a3dd62.b0fc0.png,d8cf79519adef07be522e306bb5648f7f1c8aae221f311ba2e3a77912f656fa1
HotUpdate,5385907d-a913-470b-b47a-22903cc7bb41,cc.Texture2D,,04_Assets/HotUpdate/Native/5385907d-a913-470b-b47a-22903cc7bb41/5385907d-a913-470b-b47a-22903cc7bb41.97b3a.png,e9b47fabbf631ab69a151bb27eb3f3b71e137348349df56b08d131d59e9a59ab
HotUpdate,555482e6-8fb9-44ed-a19c-3621ee75c04d,cc.Texture2D,,04_Assets/HotUpdate/Native/555482e6-8fb9-44ed-a19c-3621ee75c04d/555482e6-8fb9-44ed-a19c-3621ee75c04d.2b902.png,ca6ec48a02d1dcbb235cb09d46f01ed7739a7c08015794e9ed04de30ec9ad02d
HotUpdate,6491c232-7ee7-4a36-892f-a9273b263bc1,cc.Texture2D,,04_Assets/HotUpdate/Native/6491c232-7ee7-4a36-892f-a9273b263bc1/6491c232-7ee7-4a36-892f-a9273b263bc1.46426.png,83a11a9a590aed38bc73b6217ae1e4a2b7c5b0c9890c4b3a3cfa0ca481a2a098
HotUpdate,696ae94a-2fb3-4ef4-9446-e0bf67056be1,cc.Texture2D,,04_Assets/HotUpdate/Native/696ae94a-2fb3-4ef4-9446-e0bf67056be1/696ae94a-2fb3-4ef4-9446-e0bf67056be1.e03f8.png,87bd31ab5e5d0e37708528e16c67c088bd354c69818992f2a406038a6a551510
HotUpdate,6ab89565-9d79-423d-bb9a-62970dba6e13,cc.Texture2D,,04_Assets/HotUpdate/Native/6ab89565-9d79-423d-bb9a-62970dba6e13/6ab89565-9d79-423d-bb9a-62970dba6e13.e4c2c.png,422a1bf67007900db49caa6be95ad9da0b7d45058b7681414e47a2cd201901c0
HotUpdate,6e1e97a0-c4e9-458f-a207-5e406af79b6f,cc.Texture2D,,04_Assets/HotUpdate/Native/6e1e97a0-c4e9-458f-a207-5e406af79b6f/6e1e97a0-c4e9-458f-a207-5e406af79b6f.3455c.png,fad5cc979824cc7c81dcd740670a636e0d7c92421826dc38f1b9c612c27288d7
HotUpdate,987dcc3c-ef97-4341-8a91-e35db5d2ba8c,cc.Texture2D,,04_Assets/HotUpdate/Native/987dcc3c-ef97-4341-8a91-e35db5d2ba8c/987dcc3c-ef97-4341-8a91-e35db5d2ba8c.54a2d.png,5f2c4ba25cb5939ed60f8e09e1e4d198091f8a1e4dd52e6dd879404dd5df0ae5
HotUpdate,98f2795e-1b53-48c5-9e39-dce97ed1989e,cc.Texture2D,,04_Assets/HotUpdate/Native/98f2795e-1b53-48c5-9e39-dce97ed1989e/98f2795e-1b53-48c5-9e39-dce97ed1989e.d818d.png,e8ea6bae48601380507f5c1f11d12a7596bd18b4886c88ed6caffd316f64320d
HotUpdate,a35fa43f-600d-4041-8425-916cf5fe680a,cc.Texture2D,,04_Assets/HotUpdate/Native/a35fa43f-600d-4041-8425-916cf5fe680a/a35fa43f-600d-4041-8425-916cf5fe680a.064d4.png,e521bf550aa0a21cd225d02b1502dda29a41a7f1b4668ab6c45b72557356a3a2
HotUpdate,a5131f33-5e42-48f5-83ae-e6ee6146dc37,cc.Texture2D,,04_Assets/HotUpdate/Native/a5131f33-5e42-48f5-83ae-e6ee6146dc37/a5131f33-5e42-48f5-83ae-e6ee6146dc37.4e040.png,31f0050be6793a8c5e260672d431fd33238564e6cd294f31c7c326a075e7e577
HotUpdate,a66ab0b3-5ae7-4cb0-a41f-df0f72e96c98,cc.Texture2D,,04_Assets/HotUpdate/Native/a66ab0b3-5ae7-4cb0-a41f-df0f72e96c98/a66ab0b3-5ae7-4cb0-a41f-df0f72e96c98.4ee1c.png,018fed7b432235b0fb818cc046502af6e3ffc62224e6333645f1d908b034f779
HotUpdate,a8b06594-7cee-4ec7-afd4-b8dd75098ea6,cc.Texture2D,,04_Assets/HotUpdate/Native/a8b06594-7cee-4ec7-afd4-b8dd75098ea6/a8b06594-7cee-4ec7-afd4-b8dd75098ea6.c85a7.png,081bf827657f557d231d0b7d53e30f8ca63e423fd830ad8923ad5367b866d7e9
HotUpdate,b301afa3-f1ec-40c3-8045-bedd2e97915e,cc.Texture2D,,04_Assets/HotUpdate/Native/b301afa3-f1ec-40c3-8045-bedd2e97915e/b301afa3-f1ec-40c3-8045-bedd2e97915e.cfe45.png,24768f43e02ad3164228a64480e5440dc2fa1d79aa4edbac15dc8c2c961dbcfd
HotUpdate,b3efe63b-d728-4a7d-822a-5ab58aa9148b,cc.Texture2D,,04_Assets/HotUpdate/Native/b3efe63b-d728-4a7d-822a-5ab58aa9148b/b3efe63b-d728-4a7d-822a-5ab58aa9148b.35384.png,a6408e8685c0c5438ef7f5bb1839d7f005ce494222a3eef6b89f94e9bfe2c64a
HotUpdate,b4cccefa-7b5f-453a-9515-4421c489a312,cc.Texture2D,,04_Assets/HotUpdate/Native/b4cccefa-7b5f-453a-9515-4421c489a312/b4cccefa-7b5f-453a-9515-4421c489a312.1b5aa.png,a4eeaee48debb2b0f5746e27569865dc7c9783fdd1ddf3623ab2df4f772c99ad
HotUpdate,c41fc6f8-f43f-47f2-920b-9353e6b0cb99,cc.Texture2D,,04_Assets/HotUpdate/Native/c41fc6f8-f43f-47f2-920b-9353e6b0cb99/c41fc6f8-f43f-47f2-920b-9353e6b0cb99.7cef9.png,c9c76a78c6360e9b36fd73f2df0feabd733180949284d700d69966bca06937b3
HotUpdate,c7e25703-414c-4dc4-a9a6-f1339f9e2dfe,cc.Texture2D,,04_Assets/HotUpdate/Native/c7e25703-414c-4dc4-a9a6-f1339f9e2dfe/c7e25703-414c-4dc4-a9a6-f1339f9e2dfe.8e261.png,b8842638cb4632044440e055df1a2695a03e63eee67f6060d05e7e6227364339
HotUpdate,cc01e210-15b9-4e11-b8ff-8feeb276b570,cc.Texture2D,,04_Assets/HotUpdate/Native/cc01e210-15b9-4e11-b8ff-8feeb276b570/cc01e210-15b9-4e11-b8ff-8feeb276b570.632af.png,c491aba7dc7b02dc02e62e59e09693a2a6f91f24977d8b80cfa97e64fa9519f4
HotUpdate,cfa8a1e1-f026-4b36-bc6f-5659198f8688,cc.Texture2D,,04_Assets/HotUpdate/Native/cfa8a1e1-f026-4b36-bc6f-5659198f8688/cfa8a1e1-f026-4b36-bc6f-5659198f8688.9a25e.png,5ba31eb81f2495c9fe8b4d62384e9b9943c8822862dd85d3df30c776f00e6c72
HotUpdate,d4a7c814-4f4c-48d7-b577-55a84d3e3396,cc.Texture2D,,04_Assets/HotUpdate/Native/d4a7c814-4f4c-48d7-b577-55a84d3e3396/d4a7c814-4f4c-48d7-b577-55a84d3e3396.bc2dd.png,a3f19c956fa9f6364496c48a518850a358d3bc761d424429a8b14e19567eba84
HotUpdate,eb49922a-d853-44e5-afdc-a54158df9927,cc.Texture2D,,04_Assets/HotUpdate/Native/eb49922a-d853-44e5-afdc-a54158df9927/eb49922a-d853-44e5-afdc-a54158df9927.e382d.png,2de974ba8c9094ed0604a246f45228dc6dba6240693dedfd9b8c821ee2bfb755
HotUpdate,fd5e8749-9676-4675-832a-1dd4e202022c,cc.Texture2D,,04_Assets/HotUpdate/Native/fd5e8749-9676-4675-832a-1dd4e202022c/fd5e8749-9676-4675-832a-1dd4e202022c.99ea0.png,ea9d810031cf2d5332c4dae2d72c4ef12b18c8ea9257a548b6d1c354a6f9adf1
HotUpdate,fe7bd42f-2560-4ac9-8f32-ef94bc72d5a1,cc.Texture2D,,04_Assets/HotUpdate/Native/fe7bd42f-2560-4ac9-8f32-ef94bc72d5a1/fe7bd42f-2560-4ac9-8f32-ef94bc72d5a1.5c172.png,15a290fd7e65e9e10c739d9a33369f1f9c8f2105192cd52a9b17feb312615f63
HotUpdate,00586a0f-c04f-4ae8-aaa9-bbf0dd807957,cc.Texture2D,GameDialog/common/progressBar,04_Assets/HotUpdate/Native/00586a0f-c04f-4ae8-aaa9-bbf0dd807957/00586a0f-c04f-4ae8-aaa9-bbf0dd807957.3a787.png,f06b2732a18c368750a1d7d7f739c843b9caece5f83df5f78a25e757248fad8b
HotUpdate,0206b8c4-c6d6-4758-8ab0-6bb5c633c0bc,cc.Asset,texture/spine/LaoHuJ_TX/LaoHuJ_TX,04_Assets/HotUpdate/Native/0206b8c4-c6d6-4758-8ab0-6bb5c633c0bc/0206b8c4-c6d6-4758-8ab0-6bb5c633c0bc.7d2a0.atlas,84feff902e0d5fb5d0d56ba8891a4fed38e1c6c7cb738878790419a8c8501ecb
HotUpdate,02c5647f-fc1e-4497-95b2-dece47c161cd,cc.Texture2D,,04_Assets/HotUpdate/Native/02c5647f-fc1e-4497-95b2-dece47c161cd/02c5647f-fc1e-4497-95b2-dece47c161cd.6f260.png,f1217995889cd0549d63b1320790730a49c5fd06276f9d2406ccf9a7a671764d
HotUpdate,032fa651-550c-4dd1-afa8-de411ce244e3,cc.Texture2D,texture/CashPlat/Pagbank_1,04_Assets/HotUpdate/Native/032fa651-550c-4dd1-afa8-de411ce244e3/032fa651-550c-4dd1-afa8-de411ce244e3.7d0c5.png,fc6a73a41299f598a6a2f3ad8ac9936182b7d17c2f54ac948b293023d79d38c8
HotUpdate,03d07187-85fb-4cad-ae05-9362abe663c8,cc.Texture2D,texture/coin2/1,04_Assets/HotUpdate/Native/03d07187-85fb-4cad-ae05-9362abe663c8/03d07187-85fb-4cad-ae05-9362abe663c8.69e88.png,c42c3632a5597eb95102882f9bbbefcf28f7be6955cf53be4efacc5e5e462d92
HotUpdate,05b3fde5-db02-48ca-8946-b589eec571ef,cc.Texture2D,,04_Assets/HotUpdate/Native/05b3fde5-db02-48ca-8946-b589eec571ef/05b3fde5-db02-48ca-8946-b589eec571ef.3c726.png,13169ce16501599fb0247e10731fd51d3a19c4e5a7c938db234be5b2e55b2147
HotUpdate,05c49007-2186-4ec9-854d-dec5e07a5742,cc.AudioClip,Audio/ChouJiangJiangli,04_Assets/HotUpdate/Native/05c49007-2186-4ec9-854d-dec5e07a5742/05c49007-2186-4ec9-854d-dec5e07a5742.e8b94.mp3,3044168127a2563a9400c57f431494f56ecf939343a119a24cb9b10b8b7e4f3e
HotUpdate,06e98695-a200-4471-bb97-07f58b8be2cc,cc.AudioClip,Audio/sfx_merge_6,04_Assets/HotUpdate/Native/06e98695-a200-4471-bb97-07f58b8be2cc/06e98695-a200-4471-bb97-07f58b8be2cc.2e3b3.mp3,83cd3b3990b495d9a54d424efba4cdb315ae859209d9fea2143f5995048e7985
HotUpdate,07a56aa1-62dc-4d5a-84ff-f4e5e4119698,cc.AudioClip,Audio/sfx_merge_2,04_Assets/HotUpdate/Native/07a56aa1-62dc-4d5a-84ff-f4e5e4119698/07a56aa1-62dc-4d5a-84ff-f4e5e4119698.26fe1.mp3,a54fb41f2573ea6a50e01529e0039dbf5dd44be206fe5b94c3e55d31020ed518
HotUpdate,07fb0dd9-500e-4793-87d7-e1a868f6fb2c,cc.Texture2D,,04_Assets/HotUpdate/Native/07fb0dd9-500e-4793-87d7-e1a868f6fb2c/07fb0dd9-500e-4793-87d7-e1a868f6fb2c.cd69f.png,4f8198f9bcfcb6e2424351a71fa9ea17bddd76b53bc77d5ce9d88473e411c740
HotUpdate,085ba54c-aa68-45f1-91b8-e61799010e23,cc.AudioClip,Audio/sfx_merge_4,04_Assets/HotUpdate/Native/085ba54c-aa68-45f1-91b8-e61799010e23/085ba54c-aa68-45f1-91b8-e61799010e23.e14ca.mp3,bda3f4c9f443cf845ad6cd30c50636bfb0029afb946c5e8f088ac60a1a4eaa44
HotUpdate,0abf1807-89df-4f7b-95b3-3c5724573be4,cc.Texture2D,texture/spine/LaoHuJ_TX/LaoHuJ_TX,04_Assets/HotUpdate/Native/0abf1807-89df-4f7b-95b3-3c5724573be4/0abf1807-89df-4f7b-95b3-3c5724573be4.c5786.png,860b28fbbcfa0c6d94b0617edd6c74da071d3b2c74410eaef83ff841d4c7ad97
HotUpdate,0af43847-621b-416c-8498-c228084b3f15,cc.Texture2D,texture/spine/DJB_TX/DJB_TX,04_Assets/HotUpdate/Native/0af43847-621b-416c-8498-c228084b3f15/0af43847-621b-416c-8498-c228084b3f15.b6771.png,c9acb26f7c431fdadcd901433af24ed28bbd0ae972d768111771845756b4ef1f
HotUpdate,0b3927c9-e887-4073-8b3b-ba5d34b5c192,cc.Texture2D,texture/platform/SPEI,04_Assets/HotUpdate/Native/0b3927c9-e887-4073-8b3b-ba5d34b5c192/0b3927c9-e887-4073-8b3b-ba5d34b5c192.961da.png,0ea8c1e2d28b1358cdd028445594e24a32e82ac9bb904e6409f8397df39d13ce
HotUpdate,0b7600cb-5235-4192-a1ab-774844baa387,cc.Texture2D,GameDialog/common/htmlbg,04_Assets/HotUpdate/Native/0b7600cb-5235-4192-a1ab-774844baa387/0b7600cb-5235-4192-a1ab-774844baa387.5b9ec.png,8567095442fad8f2f453bbe48b267d386adfb31edeadc0a8a455b140a57f512b
HotUpdate,0ce0129c-f5f5-46ff-ba29-929759b228f1,cc.Texture2D,texture/coin1/20,04_Assets/HotUpdate/Native/0ce0129c-f5f5-46ff-ba29-929759b228f1/0ce0129c-f5f5-46ff-ba29-929759b228f1.28bff.png,9efa8d90addc1fae5023a54d5a21360c809915274efac900bbed9a58c07669b0
HotUpdate,1024d1eb-68bc-4347-b0d0-b02997f2cfe3,cc.Texture2D,texture/coin3/9,04_Assets/HotUpdate/Native/1024d1eb-68bc-4347-b0d0-b02997f2cfe3/1024d1eb-68bc-4347-b0d0-b02997f2cfe3.ac39e.png,d0a97c150022a4b17c0100595bcea8531a1f16b7969b20be60f44911d6b724e8
HotUpdate,1099c00c-3f12-48e9-8990-83528de1f866,cc.Texture2D,texture/CashPlat/TNG_2,04_Assets/HotUpdate/Native/1099c00c-3f12-48e9-8990-83528de1f866/1099c00c-3f12-48e9-8990-83528de1f866.c5076.png,acfe0779dd7c99e458351b1b269fc858a1a7c4e04fec7a6886b88bef4420d754
HotUpdate,1202ab1c-86c6-4b8d-9b96-a68c5410fb5d,cc.Texture2D,GameDialog/GameRealWDDialog11/jiantou,04_Assets/HotUpdate/Native/1202ab1c-86c6-4b8d-9b96-a68c5410fb5d/1202ab1c-86c6-4b8d-9b96-a68c5410fb5d.3523d.png,d447a6c2c1b7407c76fea25e626b4dc451a352212fded660dfd8421925528b1c
HotUpdate,134da679-2588-43e1-837e-a991158df399,cc.Texture2D,texture/coin1/34,04_Assets/HotUpdate/Native/134da679-2588-43e1-837e-a991158df399/134da679-2588-43e1-837e-a991158df399.dcd83.png,ec113695f0fe3660d55270abc2aad47470358440bb4d95c378bd8471552806a7
HotUpdate,13c996a9-7ce2-4605-8a55-6585c9791f06,cc.Texture2D,texture/CashPlat/PayPal_1,04_Assets/HotUpdate/Native/13c996a9-7ce2-4605-8a55-6585c9791f06/13c996a9-7ce2-4605-8a55-6585c9791f06.c4ef6.png,2b0ffd42b08c53ff3f2f96965af98cba881d18e300319288059926ec7d969009
HotUpdate,14b642d4-c488-4833-a289-e4e3c535d52f,cc.Texture2D,GameDialog/TaskDialog/btnGray,04_Assets/HotUpdate/Native/14b642d4-c488-4833-a289-e4e3c535d52f/14b642d4-c488-4833-a289-e4e3c535d52f.dc5a1.png,af0902ca10e009165081367a375db26a31d65adccf01643b2ef1d4c1acee3c44
HotUpdate,14ca5528-a7d2-417d-8034-9b1c02884626,cc.AudioClip,Audio/sfx_combo_3,04_Assets/HotUpdate/Native/14ca5528-a7d2-417d-8034-9b1c02884626/14ca5528-a7d2-417d-8034-9b1c02884626.e9634.mp3,ed0b59d6d470b30e9c86b30693310b9ccd8a224d0405a1e073dc1ab3408559d1
HotUpdate,157696c5-4a44-4e24-999c-b234d6c5e030,cc.AudioClip,Audio/bgm_game,04_Assets/HotUpdate/Native/157696c5-4a44-4e24-999c-b234d6c5e030/157696c5-4a44-4e24-999c-b234d6c5e030.fca4b.mp3,bfc52095b0710093d5ed7a6793300ddca6bbe81fdbd510aaffcaa8a12c88c95d
HotUpdate,157e6f05-e6a3-4262-bb24-8e3c0382fe05,cc.Texture2D,texture/coin3/28,04_Assets/HotUpdate/Native/157e6f05-e6a3-4262-bb24-8e3c0382fe05/157e6f05-e6a3-4262-bb24-8e3c0382fe05.6a4df.png,49355260bf5b6e403cd34ea31b3c3540b7dab9a29e9091cb4a75c6f3b21ebedb
HotUpdate,161c2821-9062-4078-b9c6-f880bc9a5cb0,cc.Texture2D,,04_Assets/HotUpdate/Native/161c2821-9062-4078-b9c6-f880bc9a5cb0/161c2821-9062-4078-b9c6-f880bc9a5cb0.0b501.png,e00ef208ce4648cade989051145f3ba6050cb8d36b8b84388a45c388ac595f1e
HotUpdate,16a850b7-4fac-4077-b410-7c8a4868289b,cc.Texture2D,texture/platform/MoMo,04_Assets/HotUpdate/Native/16a850b7-4fac-4077-b410-7c8a4868289b/16a850b7-4fac-4077-b410-7c8a4868289b.7c5c4.png,d86244f0d44afe668b88314d58080469b66df11be17bd06b3f73b699bbe0eb2d
HotUpdate,171fcd12-a0f5-4e68-a600-ac4af3fcb481,cc.Texture2D,GameDialog/common/manyCoin,04_Assets/HotUpdate/Native/171fcd12-a0f5-4e68-a600-ac4af3fcb481/171fcd12-a0f5-4e68-a600-ac4af3fcb481.1a42d.png,4446d58879577183079fc3052fdfd0b52ce06cf33ee8edf9ec9ceab9b2f5549c
HotUpdate,18aedae7-fc02-4437-b3c3-04ec4d422e11,cc.Texture2D,GameDialog/playerScore/btnClose,04_Assets/HotUpdate/Native/18aedae7-fc02-4437-b3c3-04ec4d422e11/18aedae7-fc02-4437-b3c3-04ec4d422e11.20060.png,45b061d9095e08d1e3da1cb1190ae2a24be615bfa44a3b3168eafa1f0a7f8319
HotUpdate,195855f3-6ce0-42df-97ad-dcde9e976f66,cc.Texture2D,,04_Assets/HotUpdate/Native/195855f3-6ce0-42df-97ad-dcde9e976f66/195855f3-6ce0-42df-97ad-dcde9e976f66.42aad.png,05052beffd7b052b8564413fe426be77f1a3b9cf4ae5e4971a499448f86f5788
HotUpdate,1a6a9105-bed5-4028-9154-069bc801e6f8,cc.Texture2D,GameDialog/gameView/getMoneyhelp,04_Assets/HotUpdate/Native/1a6a9105-bed5-4028-9154-069bc801e6f8/1a6a9105-bed5-4028-9154-069bc801e6f8.267d9.png,6347be26747a29f339ddf7504da869ef07331e3d6b71fbb1b6140661805afc03
HotUpdate,1b01c63f-6fad-4a9d-bf35-f03925583c07,cc.Texture2D,GameDialog/GameRealWDDialog11/btnRule,04_Assets/HotUpdate/Native/1b01c63f-6fad-4a9d-bf35-f03925583c07/1b01c63f-6fad-4a9d-bf35-f03925583c07.05571.png,a99cc5957f761b036272fef7c48cc55b96dcbb6d7d209adec43d6c1ca5efecc0
HotUpdate,1bff119b-9a15-4bc0-b0d3-851a752661eb,cc.Texture2D,texture/platform/PayPal,04_Assets/HotUpdate/Native/1bff119b-9a15-4bc0-b0d3-851a752661eb/1bff119b-9a15-4bc0-b0d3-851a752661eb.56a41.png,78b143e4cf80cab66d8bc783f7f5fb99f8d84ed6a6a559f7d8537f80483a54a6
HotUpdate,1c15b816-1821-44b1-adc6-469d26fe60f5,cc.Texture2D,texture/CashPlat/PIX,04_Assets/HotUpdate/Native/1c15b816-1821-44b1-adc6-469d26fe60f5/1c15b816-1821-44b1-adc6-469d26fe60f5.fd103.png,070dccec3799d3c74da902c031c376dc6c660f94fe1a919d22981175cae740f7
HotUpdate,1c4c35b4-5fad-4708-af9f-187dbf70676d,cc.Texture2D,texture/CashPlat/GCash_1,04_Assets/HotUpdate/Native/1c4c35b4-5fad-4708-af9f-187dbf70676d/1c4c35b4-5fad-4708-af9f-187dbf70676d.11ede.png,563b0dd997bf6b326ed68c97d3324c4f54caafc8bb817f6611b7477d38ede474
HotUpdate,1c96b1ef-04c0-4719-959f-4ffbddbc28be,cc.Texture2D,texture/coin2/16,04_Assets/HotUpdate/Native/1c96b1ef-04c0-4719-959f-4ffbddbc28be/1c96b1ef-04c0-4719-959f-4ffbddbc28be.8c871.png,b1ccb25b952b78a89379e5b65efd96e4067a0c12c3ae535d8dfe403e8fb05581
HotUpdate,1ec532c1-42a0-4f41-85c3-fcd74432d0ee,cc.Texture2D,texture/platform/PhonePe,04_Assets/HotUpdate/Native/1ec532c1-42a0-4f41-85c3-fcd74432d0ee/1ec532c1-42a0-4f41-85c3-fcd74432d0ee.25105.png,9be61872ebf7aef76e5e411e64011472b545457b4f1171bb03a4c15f85bc6107
HotUpdate,1f3c23e4-c902-41e6-9265-c63b6cb307b2,cc.Texture2D,GameDialog/GameRealWDDialog11/smallBg,04_Assets/HotUpdate/Native/1f3c23e4-c902-41e6-9265-c63b6cb307b2/1f3c23e4-c902-41e6-9265-c63b6cb307b2.cc717.png,3b7a97d239bad5743c9e227df9d5800af4df4a43e33d9d71ea44e0c44f910720
HotUpdate,1fa6c8d6-2c63-47e0-a089-2fca14bce77b,cc.Texture2D,GameDialog/UpdateDialog/close,04_Assets/HotUpdate/Native/1fa6c8d6-2c63-47e0-a089-2fca14bce77b/1fa6c8d6-2c63-47e0-a089-2fca14bce77b.24646.png,63a634c9214670b953514a546804149a2def99d2ab9f5f681ed018189e309395
HotUpdate,202e7c10-4b83-40af-aed1-f7e1080ca46c,cc.Texture2D,texture/CashPlat/Pagbank,04_Assets/HotUpdate/Native/202e7c10-4b83-40af-aed1-f7e1080ca46c/202e7c10-4b83-40af-aed1-f7e1080ca46c.4a96a.png,67b40db2442e4bada4aa2fad4f1e37d2da91cceacaf88385a5bc18d000df34e8
HotUpdate,208ca591-c94c-406b-96bf-3801afeb9982,cc.Texture2D,texture/CashPlat/Graboay_2,04_Assets/HotUpdate/Native/208ca591-c94c-406b-96bf-3801afeb9982/208ca591-c94c-406b-96bf-3801afeb9982.e0904.png,34d27afb1be32707e15672e1f4e88c042fd0a3f1d46c744cbd8a85a727b7ed1d
HotUpdate,20ec7624-692b-429c-964e-283df018c7ca,cc.Asset,texture/spine/XX_TX/XX_TX,04_Assets/HotUpdate/Native/20ec7624-692b-429c-964e-283df018c7ca/20ec7624-692b-429c-964e-283df018c7ca.d51a0.atlas,504f2203f00a347b37c35763f9e809e58f4ab4f1941f4ee6d0e5ae23d3e11d35
HotUpdate,213c9d22-92ca-4d24-a1fb-22f599137aee,cc.Texture2D,texture/coin1/8,04_Assets/HotUpdate/Native/213c9d22-92ca-4d24-a1fb-22f599137aee/213c9d22-92ca-4d24-a1fb-22f599137aee.7194d.png,05159937f96b17a6dc159818e9a921645dbd8caeb1d404e0cdab07b6ee1ef4fb
HotUpdate,21eba8b3-2304-47e7-b6bf-794759c9ad14,cc.Texture2D,texture/coin3/20,04_Assets/HotUpdate/Native/21eba8b3-2304-47e7-b6bf-794759c9ad14/21eba8b3-2304-47e7-b6bf-794759c9ad14.55c26.png,ce82976db616c5e1375695d279c642cb5de34550c38a0d1acdd6f5b31f92e8c0
HotUpdate,2294695a-2276-4310-a7d0-0ff55a56b26b,cc.Texture2D,GameDialog/hintDialog/User,04_Assets/HotUpdate/Native/2294695a-2276-4310-a7d0-0ff55a56b26b/2294695a-2276-4310-a7d0-0ff55a56b26b.fb15a.png,2702e22acdf0cbadb177e626753313c483f4d1d6fbfafbd64819ec2f6fa08e91
HotUpdate,22f0a5aa-8ddd-4ed7-92ff-222d27980b6b,cc.Texture2D,texture/coin1/4,04_Assets/HotUpdate/Native/22f0a5aa-8ddd-4ed7-92ff-222d27980b6b/22f0a5aa-8ddd-4ed7-92ff-222d27980b6b.03054.png,7ccaa9ec2d76eba47335e9aace1909e9abbb76b9776d78a33e9f73bbc29d5562
HotUpdate,231b9546-0e00-4adf-9f30-d91c7b1fdc2e,cc.Texture2D,texture/coin2/12,04_Assets/HotUpdate/Native/231b9546-0e00-4adf-9f30-d91c7b1fdc2e/231b9546-0e00-4adf-9f30-d91c7b1fdc2e.0d1a9.png,5ac32b7b142b09f1b7a1bd9f12b45a59018524de84106617fcae15522724e74c
HotUpdate,23913135-27a2-42c4-985c-0315848b12c1,cc.Texture2D,texture/coin3/30,04_Assets/HotUpdate/Native/23913135-27a2-42c4-985c-0315848b12c1/23913135-27a2-42c4-985c-0315848b12c1.ddb74.png,7732efcb128da37d76550c3ff50a504b22e326a9001d913abb9857b4f98063d5
HotUpdate,23cb996a-b651-4bba-9f61-5f81690542b3,cc.Texture2D,texture/coin3/6,04_Assets/HotUpdate/Native/23cb996a-b651-4bba-9f61-5f81690542b3/23cb996a-b651-4bba-9f61-5f81690542b3.6dc41.png,a4c8f43b76ad9d7bf3ad912a575cfb1857883f6ee93500fd13da07e67fbc3ffb
HotUpdate,244ae178-ee63-4a60-a2e1-719f5125e13e,cc.Texture2D,texture/platform/MBBank,04_Assets/HotUpdate/Native/244ae178-ee63-4a60-a2e1-719f5125e13e/244ae178-ee63-4a60-a2e1-719f5125e13e.915c6.png,5489e19b12151e01a5b90797d405c8acf6f4799b9c22c915d32cf23f0b54c8f1
HotUpdate,249eecc9-01b9-4c69-854a-3152e89e6739,cc.Texture2D,GameDialog/common/commonCoinTitle,04_Assets/HotUpdate/Native/249eecc9-01b9-4c69-854a-3152e89e6739/249eecc9-01b9-4c69-854a-3152e89e6739.fa8ee.png,c33d0a9a5075a3eb56d3ee3d23553cd2513ed7a0f7ef97d58ccf9fe5d5937b8f
HotUpdate,25220b58-ed68-44d2-9fa9-7006807f8a8a,cc.Texture2D,,04_Assets/HotUpdate/Native/25220b58-ed68-44d2-9fa9-7006807f8a8a/25220b58-ed68-44d2-9fa9-7006807f8a8a.ef332.png,a208749d18533709e060d257d3dfb950b67eeec7db08af2755a34414967625e5
HotUpdate,2555b6e3-ee49-4793-b603-1dbdeb19bfbb,cc.Texture2D,texture/platform/GCash,04_Assets/HotUpdate/Native/2555b6e3-ee49-4793-b603-1dbdeb19bfbb/2555b6e3-ee49-4793-b603-1dbdeb19bfbb.d7e6c.png,053d6f08ed18094cc062772c7ccd92cb9a21eb9a58af6a753b3700eec138ff02
HotUpdate,25621828-3796-447e-97fd-e6bce7f69077,cc.Texture2D,texture/coin3/13,04_Assets/HotUpdate/Native/25621828-3796-447e-97fd-e6bce7f69077/25621828-3796-447e-97fd-e6bce7f69077.1e563.png,dc00af63d64032f81f6daee938494ca823c34adac348a3cc0469a6803c4396dd
HotUpdate,262c07ef-5987-49fc-81f0-bd059baa8aa8,cc.Texture2D,texture/CashPlat/TNG,04_Assets/HotUpdate/Native/262c07ef-5987-49fc-81f0-bd059baa8aa8/262c07ef-5987-49fc-81f0-bd059baa8aa8.04ade.png,ba5429423ee3797049bffe2f50a3fc7dfe57339f3754c47f6c693429fab1fc39
HotUpdate,2748d4ec-0869-4507-9ca1-266c659ac73e,cc.Texture2D,texture/platform/Nubank,04_Assets/HotUpdate/Native/2748d4ec-0869-4507-9ca1-266c659ac73e/2748d4ec-0869-4507-9ca1-266c659ac73e.ba5fd.png,d591530017dd9d3b41614e308233b48c4780d17eb9f2d68158cd6e87ab1e807f
HotUpdate,27aeabe3-12ad-4428-a484-59cb1d17be43,cc.Texture2D,texture/coin2/20,04_Assets/HotUpdate/Native/27aeabe3-12ad-4428-a484-59cb1d17be43/27aeabe3-12ad-4428-a484-59cb1d17be43.acb6d.png,140a81333a75aba7b2b2a79c333a99a82806f1b184720643a7c5cc4d3b682310
HotUpdate,282c618c-3cdd-4dc8-a406-c85bde8f7252,cc.Texture2D,GameDialog/GameRealWDDialog11/icon1,04_Assets/HotUpdate/Native/282c618c-3cdd-4dc8-a406-c85bde8f7252/282c618c-3cdd-4dc8-a406-c85bde8f7252.57928.png,b84df8d67a36a2d0098e24599a026ab6165bd0aed76b2554dfa3184964929153
HotUpdate,283b33e3-a27c-47dd-9c07-5bca8ced7297,cc.Texture2D,GameDialog/playerScore/title,04_Assets/HotUpdate/Native/283b33e3-a27c-47dd-9c07-5bca8ced7297/283b33e3-a27c-47dd-9c07-5bca8ced7297.e9a15.png,73d2ea952d2c48691f97146d77f38a9a9de0a1fa6ab83216347fd3f21a68da1f
HotUpdate,28459be8-9921-47f8-9514-424771696d14,cc.Texture2D,texture/coin2/28,04_Assets/HotUpdate/Native/28459be8-9921-47f8-9514-424771696d14/28459be8-9921-47f8-9514-424771696d14.5e6f4.png,018476edb5d40cff265c4f13f39f8c1e8e669cfcb5cc707acd5457bbab61ee81
HotUpdate,28b2978f-9ae0-45ca-8b2f-8609aea1b50d,cc.Texture2D,texture/coin2/0,04_Assets/HotUpdate/Native/28b2978f-9ae0-45ca-8b2f-8609aea1b50d/28b2978f-9ae0-45ca-8b2f-8609aea1b50d.30439.png,98ee2600f751d052e12e2cb77e697336a8bcbdd662bd838501f87b8854578480
HotUpdate,28e74edf-6f12-4b46-9de6-9aa02ceb097b,cc.Texture2D,texture/spine/ND_00/ND_04,04_Assets/HotUpdate/Native/28e74edf-6f12-4b46-9de6-9aa02ceb097b/28e74edf-6f12-4b46-9de6-9aa02ceb097b.a5a82.png,704b4da3e830484691bfe008d8421b2cce2ec8808f4e8b7696a88e05f560686f
HotUpdate,29f635a5-b3c4-4ca8-b981-7b968878a221,cc.Asset,texture/spine/PZ_TX/PZ_TX,04_Assets/HotUpdate/Native/29f635a5-b3c4-4ca8-b981-7b968878a221/29f635a5-b3c4-4ca8-b981-7b968878a221.0623b.atlas,ddf39b0b770cbe4f777e2a67beab998d8d2aee3e4aa9ce260f334aabc2a6392b
HotUpdate,2a089b0d-0c58-4852-b031-dcfb3e6aefa3,cc.AudioClip,Audio/redbag_show,04_Assets/HotUpdate/Native/2a089b0d-0c58-4852-b031-dcfb3e6aefa3/2a089b0d-0c58-4852-b031-dcfb3e6aefa3.7863b.mp3,3d023c90d6fb3baabe8e9f13e0007500cbb2d61e5ee998eb9e49468687477250
HotUpdate,2a8cc108-297f-4d8f-ab9e-aca52cec7a5b,cc.Texture2D,texture/coin3/32,04_Assets/HotUpdate/Native/2a8cc108-297f-4d8f-ab9e-aca52cec7a5b/2a8cc108-297f-4d8f-ab9e-aca52cec7a5b.8351e.png,f05d9e6aea92f0de2a2b0bba4a18983b5cbe2712f2d3936f9d8bceab2cf7ad94
HotUpdate,2abbf8ea-bb4d-4558-aa6f-d1161eb704bb,cc.Texture2D,texture/coin3/23,04_Assets/HotUpdate/Native/2abbf8ea-bb4d-4558-aa6f-d1161eb704bb/2abbf8ea-bb4d-4558-aa6f-d1161eb704bb.44a83.png,29c1a973561dca665b8de8b585aa60cbb4e96a4568a37e82eb4d299f1e16ea34
HotUpdate,2b3aaf20-cfd9-4c7e-b398-7f8cef989381,cc.Texture2D,texture/CashPlat/Pagbank_2,04_Assets/HotUpdate/Native/2b3aaf20-cfd9-4c7e-b398-7f8cef989381/2b3aaf20-cfd9-4c7e-b398-7f8cef989381.d61ef.png,2a34ceedb27a38f570feeb04e80f4512cd351c0c550e5db886518ff402c48a0c
HotUpdate,2c8e6768-3b52-47e1-9f71-c6cc6a8320ff,cc.Texture2D,,04_Assets/HotUpdate/Native/2c8e6768-3b52-47e1-9f71-c6cc6a8320ff/2c8e6768-3b52-47e1-9f71-c6cc6a8320ff.22db7.png,3205fba7bb65951b51522ca901111eec6251031220d4a0eea7e93e4e6be3e64c
HotUpdate,2ced43d3-8dd8-449a-860b-4e19036e105c,cc.Texture2D,GameDialog/luckyDraw/redBg,04_Assets/HotUpdate/Native/2ced43d3-8dd8-449a-860b-4e19036e105c/2ced43d3-8dd8-449a-860b-4e19036e105c.ef983.png,46357c60dc4b59809faa76053daf9bd65f9ab383f140167f6460c56b56991306
HotUpdate,307e360b-615a-4831-9cdc-2eb14a810e05,cc.Texture2D,texture/CashPlat/Truemoney,04_Assets/HotUpdate/Native/307e360b-615a-4831-9cdc-2eb14a810e05/307e360b-615a-4831-9cdc-2eb14a810e05.5af49.png,14f44ff17e151bd8a949e33d427c84615e2d95c17d623e622b486a467f7d9cac
HotUpdate,30f4878e-f8e0-4924-a240-5305342f41d2,cc.Texture2D,texture/CashPlat/OVO_2,04_Assets/HotUpdate/Native/30f4878e-f8e0-4924-a240-5305342f41d2/30f4878e-f8e0-4924-a240-5305342f41d2.a315f.png,22dad7b51fa67cca9bd91fd3a9019f58d0698c8ddb6773ab0887e4f47f4d61c9
HotUpdate,31bdda63-a545-4e5b-bee2-938ed30063ea,cc.Texture2D,texture/CashPlat/Truemoney_2,04_Assets/HotUpdate/Native/31bdda63-a545-4e5b-bee2-938ed30063ea/31bdda63-a545-4e5b-bee2-938ed30063ea.1fbfc.png,725de285a75438c66e91c61f10521b2857b63246b39272fd0c4a504c5aa7e961
HotUpdate,3268668c-f5d7-495e-9b9e-c0559cf58529,cc.Texture2D,texture/platform/SberbankOnline,04_Assets/HotUpdate/Native/3268668c-f5d7-495e-9b9e-c0559cf58529/3268668c-f5d7-495e-9b9e-c0559cf58529.cc5f8.png,d6cd9d92bb5e27d80851aecfbe4d4dad1f1bd0b2f3f01ee8547e74d41c7af344
HotUpdate,3282681f-2e78-4e43-aa07-e04daab53f87,cc.AudioClip,Audio/sfx_combo_2,04_Assets/HotUpdate/Native/3282681f-2e78-4e43-aa07-e04daab53f87/3282681f-2e78-4e43-aa07-e04daab53f87.cadbf.mp3,16b2b0df1588010b2f1b3a7c2b4eeb5475b3b5f22d7dcda160ef54d2492b9869
HotUpdate,32e1e60b-cfc2-4751-8f07-5537edafd904,cc.Texture2D,texture/spine/CaiDai_TX/CaiDai_TX,04_Assets/HotUpdate/Native/32e1e60b-cfc2-4751-8f07-5537edafd904/32e1e60b-cfc2-4751-8f07-5537edafd904.5a9c3.png,91424a83b225fef880b52c25dccacd364013d8a13ad6f68b4175cf4e1070964e
HotUpdate,3316616d-6200-49cd-9606-56461b6d4267,cc.AudioClip,Audio/no_click,04_Assets/HotUpdate/Native/3316616d-6200-49cd-9606-56461b6d4267/3316616d-6200-49cd-9606-56461b6d4267.cd460.mp3,962521f72350b7653ca67701722c69eebdf037aad7f139629e4349bba4a0aba2
HotUpdate,346619c8-e3d5-409d-8788-5b36381b5c62,cc.Texture2D,texture/spine/XX_TX/XX_TX,04_Assets/HotUpdate/Native/346619c8-e3d5-409d-8788-5b36381b5c62/346619c8-e3d5-409d-8788-5b36381b5c62.19ecf.png,fec6882f5aa3f624892a88367aa77bfe1733e886cceb0118b7985631a03056e1
HotUpdate,3487c262-dd08-47ad-9b00-1fe3a00c4e4a,cc.Texture2D,texture/platform/OXXOPay,04_Assets/HotUpdate/Native/3487c262-dd08-47ad-9b00-1fe3a00c4e4a/3487c262-dd08-47ad-9b00-1fe3a00c4e4a.2e1fd.png,214b11a2dc8dee5a69972c0e23fe1488f52ec052a83869788658c032635691cb
HotUpdate,3511249d-972c-45fb-a8e7-dbbf1481a6aa,cc.Texture2D,texture/coin3/19,04_Assets/HotUpdate/Native/3511249d-972c-45fb-a8e7-dbbf1481a6aa/3511249d-972c-45fb-a8e7-dbbf1481a6aa.8eb03.png,74720d4839a9c58abf6c613ffe5fd80743ec5cb51a835102752c23759f945f5c
HotUpdate,3517b175-a829-4209-bf85-4756a1769de7,cc.Texture2D,texture/coin2/15,04_Assets/HotUpdate/Native/3517b175-a829-4209-bf85-4756a1769de7/3517b175-a829-4209-bf85-4756a1769de7.338bb.png,6258ad0ce83bf8b46886906ebd2f7c898aafdfea34ca72960dba28c22b22e05f
HotUpdate,373025c2-0472-4260-8731-2d2320f75c73,cc.Texture2D,texture/coin1/12,04_Assets/HotUpdate/Native/373025c2-0472-4260-8731-2d2320f75c73/373025c2-0472-4260-8731-2d2320f75c73.d4b0c.png,f2e62bd5020025bcc32a3c3fb3318982b3f0b8a75501c12a07eb4295f0ac1e06
HotUpdate,37449846-3dd5-4a6d-bde7-6b7ab558e4bd,cc.Texture2D,texture/CashPlat/Paymaya_2,04_Assets/HotUpdate/Native/37449846-3dd5-4a6d-bde7-6b7ab558e4bd/37449846-3dd5-4a6d-bde7-6b7ab558e4bd.b00da.png,909aeb18e8d0af039dcbdd8361af4648216a08d03c17e388e8de9e8b883491df
HotUpdate,37679b0b-a717-4693-ad8e-e119f9b94cc0,cc.Texture2D,texture/coin1/7,04_Assets/HotUpdate/Native/37679b0b-a717-4693-ad8e-e119f9b94cc0/37679b0b-a717-4693-ad8e-e119f9b94cc0.50a8b.png,28cdccf604bc317ef366e797bcfa387a0ff94f5fcca33a842dd54f25d9ae0c91
HotUpdate,389d314a-9283-4bf3-8486-4d08547347e4,cc.Texture2D,GameDialog/SettingDialog/off,04_Assets/HotUpdate/Native/389d314a-9283-4bf3-8486-4d08547347e4/389d314a-9283-4bf3-8486-4d08547347e4.f7314.png,7b845d9dc4fb3be9c5dd74c796ac3063b27e389425f361f898be26e27f16a32b
HotUpdate,38cd33ab-e885-4820-b8ac-6740f363a073,cc.Texture2D,GameDialog/FailDialog/bg2,04_Assets/HotUpdate/Native/38cd33ab-e885-4820-b8ac-6740f363a073/38cd33ab-e885-4820-b8ac-6740f363a073.c50e1.png,cf6a8650c2d84d4fbe75118ba9b836fc50baa62eea7bf3cd4e81021646181ef2
HotUpdate,38d9c1d5-51e6-4eef-af24-b00d9e573900,cc.Texture2D,GameDialog/common/btnClose,04_Assets/HotUpdate/Native/38d9c1d5-51e6-4eef-af24-b00d9e573900/38d9c1d5-51e6-4eef-af24-b00d9e573900.61fa6.png,5023cc926c8ee861e613c3ca670b82e9047b203bffc2b834605199b0a400f083
HotUpdate,3945182b-8fe5-4217-9267-de38c7ec46c4,cc.Texture2D,texture/platform/Maya,04_Assets/HotUpdate/Native/3945182b-8fe5-4217-9267-de38c7ec46c4/3945182b-8fe5-4217-9267-de38c7ec46c4.6c9fa.png,c0d626948fdb4eed7dd7729e80c8e48db0bf5300962ccbb343a4aa02095562df
HotUpdate,39921fd1-3e5b-40c0-a0ed-b445520f70db,cc.Texture2D,texture/platform/LINEPay,04_Assets/HotUpdate/Native/39921fd1-3e5b-40c0-a0ed-b445520f70db/39921fd1-3e5b-40c0-a0ed-b445520f70db.469cd.png,44bc0b53eb90d0d3444bc6b75adbf69513b69e7a8aad2657bf45c07408023716
HotUpdate,3b43d6d3-40ee-4db3-b178-8218db767beb,cc.Texture2D,GameDialog/common/btn_close_gray,04_Assets/HotUpdate/Native/3b43d6d3-40ee-4db3-b178-8218db767beb/3b43d6d3-40ee-4db3-b178-8218db767beb.8a78c.png,c70ba4fdff704ad53938924da7664f997a6350a11fbca7b53ad851d5ab56c375
HotUpdate,3cd28e45-5ac8-4769-83b0-199d011aa6b7,cc.Texture2D,texture/coin1/15,04_Assets/HotUpdate/Native/3cd28e45-5ac8-4769-83b0-199d011aa6b7/3cd28e45-5ac8-4769-83b0-199d011aa6b7.88e2e.png,f91d0ca3a09089507abdd68814497bb8834b47b84081483f01b8f72e3af7adc0
HotUpdate,3f35343b-ff5d-4505-a526-6dd06fdf73a4,cc.Texture2D,GameDialog/common/itemh,04_Assets/HotUpdate/Native/3f35343b-ff5d-4505-a526-6dd06fdf73a4/3f35343b-ff5d-4505-a526-6dd06fdf73a4.d9be7.png,aa8006b039b1725a2f66cddd0ce5f7739c06c52d832d7d3abe8242b3c8004a92
HotUpdate,3f4c189f-aea8-48b8-b6c3-d2d3f5ad322a,cc.Texture2D,texture/platform/Opay,04_Assets/HotUpdate/Native/3f4c189f-aea8-48b8-b6c3-d2d3f5ad322a/3f4c189f-aea8-48b8-b6c3-d2d3f5ad322a.87f98.png,96683671b822b01bf6903278f6ea87730a1b03cb8df4827725e73e0f7a57e69b
HotUpdate,3f57e63c-eede-4494-acdc-a600143dc78e,cc.Texture2D,,04_Assets/HotUpdate/Native/3f57e63c-eede-4494-acdc-a600143dc78e/3f57e63c-eede-4494-acdc-a600143dc78e.cb2b7.png,dcba3075612c33cadeb82332e7a3c572cd73d9744691de31c2a55456590b3ae9
HotUpdate,3f909b92-f192-46e2-b6ee-cd6418d1087f,cc.Texture2D,GameDialog/GameRealWDDialog11/btnHelp,04_Assets/HotUpdate/Native/3f909b92-f192-46e2-b6ee-cd6418d1087f/3f909b92-f192-46e2-b6ee-cd6418d1087f.56c83.png,da911e3a9e3c5f35f47720b87616d885889e4fa275d4c2b256a9d314c68ff1ee
HotUpdate,3f95ffbf-9305-4d7e-85ed-bb2f2a112f28,cc.Texture2D,GameDialog/playerScore/starBg,04_Assets/HotUpdate/Native/3f95ffbf-9305-4d7e-85ed-bb2f2a112f28/3f95ffbf-9305-4d7e-85ed-bb2f2a112f28.ccd46.png,e7304a70398c13a79b05893957f3c22403ea78f713cccce28851d9d3f6eca04d
HotUpdate,3f9ce5c2-ec1b-4cbe-904b-96d423f5edbb,cc.Texture2D,GameDialog/mergeRule/bg,04_Assets/HotUpdate/Native/3f9ce5c2-ec1b-4cbe-904b-96d423f5edbb/3f9ce5c2-ec1b-4cbe-904b-96d423f5edbb.16693.png,d00d8d1dab35a7d20d45b299946f16c669d4eb1be3ece76fa6522c47336aea5e
HotUpdate,3f9f2b43-ec6a-4feb-91f4-5e40219b6763,cc.Texture2D,texture/coin3/7,04_Assets/HotUpdate/Native/3f9f2b43-ec6a-4feb-91f4-5e40219b6763/3f9f2b43-ec6a-4feb-91f4-5e40219b6763.510e1.png,a1fb22a64a2b2abff3828f36a3a25adf132a69b1f604d6c0b712d2c7d0e15c1e
HotUpdate,3fa8e839-89df-4cac-b289-544ed10a969f,cc.Texture2D,GameDialog/GameRealWDDialog11/Unchecked,04_Assets/HotUpdate/Native/3fa8e839-89df-4cac-b289-544ed10a969f/3fa8e839-89df-4cac-b289-544ed10a969f.989c6.png,ffbddbc23bd985ff567a0c12c2bfb50546a89daf75b48adc6a62b0217978e319
HotUpdate,3fda254d-ea0d-457a-bae8-07377c89d2b4,cc.Texture2D,,04_Assets/HotUpdate/Native/3fda254d-ea0d-457a-bae8-07377c89d2b4/3fda254d-ea0d-457a-bae8-07377c89d2b4.44593.png,74f166e826bbe724a24dee8844b704aeecba0ecc7d2f692883000ad0b1025ab8
HotUpdate,40b93ed8-0f73-4bc3-9b75-91114c38ed2f,cc.Texture2D,texture/spine/ND_00/ND_01,04_Assets/HotUpdate/Native/40b93ed8-0f73-4bc3-9b75-91114c38ed2f/40b93ed8-0f73-4bc3-9b75-91114c38ed2f.0e0f2.png,934ac58d874fb527b721ae80f558c529d71b42043588db7f5d8d59f80fe3948e
HotUpdate,40cb6360-12bd-4d31-8332-435df0896708,cc.Texture2D,,04_Assets/HotUpdate/Native/40cb6360-12bd-4d31-8332-435df0896708/40cb6360-12bd-4d31-8332-435df0896708.b3188.png,6ce23969c93c2d83597951ed472ae4f63f8ff875af1d5989a786db9647c8381a
HotUpdate,41164baf-e55c-45f5-bd64-588e43f0fc19,cc.AudioClip,Audio/collect,04_Assets/HotUpdate/Native/41164baf-e55c-45f5-bd64-588e43f0fc19/41164baf-e55c-45f5-bd64-588e43f0fc19.fb7fe.mp3,84457d7ea95ced14b6fc4ba892941aeba8f7dae89fbfd2e8302ff5bddc86b413
HotUpdate,418ee8a4-e8bf-4ee0-bfdb-4da13d8f5f2b,cc.Texture2D,GameDialog/GameRealWDHelp/bg,04_Assets/HotUpdate/Native/418ee8a4-e8bf-4ee0-bfdb-4da13d8f5f2b/418ee8a4-e8bf-4ee0-bfdb-4da13d8f5f2b.46b19.png,78ab67a6fe62d66d814dcf7e49f3a5f39cca75a8a1c016d52b36453dc8882439
HotUpdate,41bf57de-ee87-4721-8c28-eb206b676673,cc.Texture2D,GameDialog/common/backBtn,04_Assets/HotUpdate/Native/41bf57de-ee87-4721-8c28-eb206b676673/41bf57de-ee87-4721-8c28-eb206b676673.020f3.png,86fbe3b53915cf64238b36dead2672a9f03e3d5c10c324daa055496d01378e7f
HotUpdate,42a8c669-864f-4445-b053-862cb94d2c99,cc.Texture2D,texture/coin2/23,04_Assets/HotUpdate/Native/42a8c669-864f-4445-b053-862cb94d2c99/42a8c669-864f-4445-b053-862cb94d2c99.685b4.png,d65fc03250b71676752ad712c351cc6b8a1c93b58a5d7e39fe74f9257eb26757
HotUpdate,433ac5ac-19be-4138-a9f6-0234a3fd7507,cc.Asset,texture/spine/HeChengSM_TX/HeChengSM_TX,04_Assets/HotUpdate/Native/433ac5ac-19be-4138-a9f6-0234a3fd7507/433ac5ac-19be-4138-a9f6-0234a3fd7507.241ca.atlas,890edc07538af6c3807449230acb56ebe0def4cc6a8daeccded09d27464d9d36
HotUpdate,43945ef1-2445-4ea7-81a8-ea3eb01fb192,cc.Texture2D,texture/platform/BBVAApp,04_Assets/HotUpdate/Native/43945ef1-2445-4ea7-81a8-ea3eb01fb192/43945ef1-2445-4ea7-81a8-ea3eb01fb192.8bdc2.png,43a98d9d510c7850a069fb92eb0c7131a71c928eea3e55738322f46d353f0721
HotUpdate,45cf5e2d-151e-4e91-bd8e-4d4a3486eb10,cc.Texture2D,texture/coin1/18,04_Assets/HotUpdate/Native/45cf5e2d-151e-4e91-bd8e-4d4a3486eb10/45cf5e2d-151e-4e91-bd8e-4d4a3486eb10.df1ff.png,857b25bccf729a13090184e0ed9258bc8b3e79f323abee7cc34110767a378385
HotUpdate,469a759e-7d9f-4bf9-8a1a-1ef856f0e68a,cc.Texture2D,texture/CashPlat/ZaloPay,04_Assets/HotUpdate/Native/469a759e-7d9f-4bf9-8a1a-1ef856f0e68a/469a759e-7d9f-4bf9-8a1a-1ef856f0e68a.8dd9f.png,d85d5b89605ee9ef1e74a5e932530b466d75f68ec3db6197f5c430f56902afd1
HotUpdate,470aae94-de2a-4db8-a6ff-e42266a03946,cc.AudioClip,Audio/ChouJiangTiaoDong,04_Assets/HotUpdate/Native/470aae94-de2a-4db8-a6ff-e42266a03946/470aae94-de2a-4db8-a6ff-e42266a03946.f5416.mp3,8509122d758837cea9cd231bf111551e2dfa198c0a58d8df249100c6c341e2b8
HotUpdate,47afe65f-9901-4412-9dce-ed349851d5e1,cc.AudioClip,Audio/sfx_merge_5,04_Assets/HotUpdate/Native/47afe65f-9901-4412-9dce-ed349851d5e1/47afe65f-9901-4412-9dce-ed349851d5e1.0b6dd.mp3,f0a42e064b66a4398573d7e92942772623e472dcb7bbafa49682e95acc903026
HotUpdate,4815f2f6-da31-4b25-bddf-c2515ba8b24e,cc.Texture2D,texture/CashPlat/TNG_1,04_Assets/HotUpdate/Native/4815f2f6-da31-4b25-bddf-c2515ba8b24e/4815f2f6-da31-4b25-bddf-c2515ba8b24e.9731d.png,6c693524c9e8aa9bd80fd9fc43b18568d6678cdf480201aa393001238f24799c
HotUpdate,48ccb66e-8407-435a-9ba9-eb9dbf4906fe,cc.Texture2D,,04_Assets/HotUpdate/Native/48ccb66e-8407-435a-9ba9-eb9dbf4906fe/48ccb66e-8407-435a-9ba9-eb9dbf4906fe.54b7a.png,60184f4f9a8cee99b11aac6c7762e6c84e93b164e9cd0f81bde43a8ffc61f6a5
HotUpdate,4a43ebbe-a907-41c8-a6de-f04d358ce02c,cc.Texture2D,GameDialog/SettingDialog/bg2,04_Assets/HotUpdate/Native/4a43ebbe-a907-41c8-a6de-f04d358ce02c/4a43ebbe-a907-41c8-a6de-f04d358ce02c.8e1ca.png,621cf16d60c035b0589320807dc799e3fe179c3b80f8b30986675df27b6e6d94
HotUpdate,4a4812f3-21db-42a8-a977-e2da0caf2567,cc.AudioClip,Audio/click,04_Assets/HotUpdate/Native/4a4812f3-21db-42a8-a977-e2da0caf2567/4a4812f3-21db-42a8-a977-e2da0caf2567.4d9b0.mp3,5e43392d745f64e1055560de95e3e57b5ef3927f4dcabf0c6cd43838c0c1302c
HotUpdate,4bfc51d1-cc77-49d8-b220-c6071e3b9953,cc.Texture2D,GameDialog/GameRealWDDialog11/progressBg,04_Assets/HotUpdate/Native/4bfc51d1-cc77-49d8-b220-c6071e3b9953/4bfc51d1-cc77-49d8-b220-c6071e3b9953.8a238.png,d2bb4b9f9de1fdbf6d5179ab846d0a5198cc474d709ed7a873bab314b39eede9
HotUpdate,4c919a12-6be4-42b7-ab74-2cb02843c31b,cc.Texture2D,texture/CashPlat/Paymaya,04_Assets/HotUpdate/Native/4c919a12-6be4-42b7-ab74-2cb02843c31b/4c919a12-6be4-42b7-ab74-2cb02843c31b.de491.png,d541b9ff417740febed47cda5bc35bd177916803a380c221cd132250bb13173a
HotUpdate,4d617c00-0f33-436a-a76e-aaa2a595ad86,cc.Texture2D,texture/coin2/14,04_Assets/HotUpdate/Native/4d617c00-0f33-436a-a76e-aaa2a595ad86/4d617c00-0f33-436a-a76e-aaa2a595ad86.64e82.png,8b2b45739af1a9fe35eb833a149a03c2ed977ba82f8fcc83a4861dff7d5acae9
HotUpdate,4e9d8790-6db3-44e6-a254-53850dc123ad,cc.Texture2D,texture/coin1/31,04_Assets/HotUpdate/Native/4e9d8790-6db3-44e6-a254-53850dc123ad/4e9d8790-6db3-44e6-a254-53850dc123ad.26197.png,154db7163ee72e9f038174d7791222e85163aeb3dfd47c05fbfa75ba915e6b9b
HotUpdate,4f0e2e27-a383-4b64-acc3-8bf8f8b28579,cc.Texture2D,texture/coin1/16,04_Assets/HotUpdate/Native/4f0e2e27-a383-4b64-acc3-8bf8f8b28579/4f0e2e27-a383-4b64-acc3-8bf8f8b28579.e49a1.png,b9b13a34a502e38220bb9042d92a726ded60104ee073fd31b5a3b8638b75e47c
HotUpdate,504c91b3-06d2-4b2f-9107-6dcd08146cc1,cc.Texture2D,GameDialog/GameRealWDHelp/矩形备份1,04_Assets/HotUpdate/Native/504c91b3-06d2-4b2f-9107-6dcd08146cc1/504c91b3-06d2-4b2f-9107-6dcd08146cc1.786d2.png,82fed88e7651d71d1d83601479dfd62a893dedf5b60603ac29d1ee60260289ba
HotUpdate,5050cf53-c59d-4235-842b-9ac96afa3225,cc.Texture2D,GameDialog/common/yellowbg,04_Assets/HotUpdate/Native/5050cf53-c59d-4235-842b-9ac96afa3225/5050cf53-c59d-4235-842b-9ac96afa3225.5a320.png,6dddd65774a24ee37b3e1a0d381d447c6902de0ecb4346147b6cf7487a6f15f3
HotUpdate,510096cb-d62c-4c7e-bcf7-70ac5edd3e82,cc.Texture2D,GameDialog/RealWDHintDialog/bg3,04_Assets/HotUpdate/Native/510096cb-d62c-4c7e-bcf7-70ac5edd3e82/510096cb-d62c-4c7e-bcf7-70ac5edd3e82.1e0b0.png,004a9819076bcb06db08b6a036dc022e5fdca2dfc0fdf821a8a45738a9c886f0
HotUpdate,517750e5-b25f-4b3a-8b96-4d590127ca85,cc.Texture2D,GameDialog/luckyDraw/guang1,04_Assets/HotUpdate/Native/517750e5-b25f-4b3a-8b96-4d590127ca85/517750e5-b25f-4b3a-8b96-4d590127ca85.b7efb.png,a73ab79d1e237c4069e3a82dda26d7c5d8ba8f5e9a2d47f7e75ec0cf15537471
HotUpdate,5203aceb-68f1-4753-9a75-a5a2b774c8e5,cc.Texture2D,texture/coin3/21,04_Assets/HotUpdate/Native/5203aceb-68f1-4753-9a75-a5a2b774c8e5/5203aceb-68f1-4753-9a75-a5a2b774c8e5.1ac99.png,e245df5ddae5bfd7f88f2bee22ac361d8d577f2b317ec2f8bb75fa9dba50728d
HotUpdate,5333626d-8920-4e3a-adca-3551ed60d1d9,cc.Texture2D,GameDialog/common/select,04_Assets/HotUpdate/Native/5333626d-8920-4e3a-adca-3551ed60d1d9/5333626d-8920-4e3a-adca-3551ed60d1d9.c0fd7.png,0f3d20a3ca24d263111292b3e88acd206f2270ca50d504f5f26b36c4e214bc23
HotUpdate,53c78abd-ac1e-4f54-9531-ec266c6de6ac,cc.Texture2D,GameDialog/luckyDraw/5554,04_Assets/HotUpdate/Native/53c78abd-ac1e-4f54-9531-ec266c6de6ac/53c78abd-ac1e-4f54-9531-ec266c6de6ac.eb05a.png,a1c7d192982704f5ce3e4b027831dde84b14f17e024248a0ba2c681e5c5c4603
HotUpdate,551080c3-bdf3-49bc-966b-fe19eeb66e8d,cc.Texture2D,texture/coin1/1,04_Assets/HotUpdate/Native/551080c3-bdf3-49bc-966b-fe19eeb66e8d/551080c3-bdf3-49bc-966b-fe19eeb66e8d.17dfc.png,77174fda569d033607f922cf1f697f8e4082dce5ca8bd56b62bb5cf7f21a509e
HotUpdate,5723193f-b78b-4fc0-92da-ea95409e503d,cc.Texture2D,texture/platform/ЮMoney,04_Assets/HotUpdate/Native/5723193f-b78b-4fc0-92da-ea95409e503d/5723193f-b78b-4fc0-92da-ea95409e503d.381cd.png,0f507960e26d106cbcf91c4ae11a33acde17abbf883b8abd43ad4ec9e4c94fb1
HotUpdate,574a34ad-c32a-4215-af1e-df8701ae5e6f,cc.Texture2D,texture/coin2/25,04_Assets/HotUpdate/Native/574a34ad-c32a-4215-af1e-df8701ae5e6f/574a34ad-c32a-4215-af1e-df8701ae5e6f.11c1e.png,943033315b80415929344af5e24b50e2ceacbd07c211a003ee623c8e1571e13d
HotUpdate,581699ae-73ba-45bb-8d3f-f01341d4dccb,cc.Texture2D,GameDialog/gameView/Terms of Service1,04_Assets/HotUpdate/Native/581699ae-73ba-45bb-8d3f-f01341d4dccb/581699ae-73ba-45bb-8d3f-f01341d4dccb.755f8.png,1c35988a82f17f9716c47b79c15e8f45a41210e4a82284ea259f6f5f05ba9081
HotUpdate,58dcac4f-a94f-4362-982e-d1bd2cf45a60,cc.Texture2D,GameDialog/common/coin,04_Assets/HotUpdate/Native/58dcac4f-a94f-4362-982e-d1bd2cf45a60/58dcac4f-a94f-4362-982e-d1bd2cf45a60.38373.png,8c453d5cc9d6136e925e7a776b4cd46e17e8a91297dca1b904efc2333366fdfa
HotUpdate,5963ed4a-dd82-4b29-84f1-5d26b0a9211e,cc.Texture2D,texture/coin2/30,04_Assets/HotUpdate/Native/5963ed4a-dd82-4b29-84f1-5d26b0a9211e/5963ed4a-dd82-4b29-84f1-5d26b0a9211e.84cee.png,60aa90ebb061288072158db342e7ef1e69535203094ee9b16391cab46610dea6
HotUpdate,5966bc66-96d7-4003-8144-ab74b0809de4,cc.Texture2D,GameDialog/mergeRule/btnSure,04_Assets/HotUpdate/Native/5966bc66-96d7-4003-8144-ab74b0809de4/5966bc66-96d7-4003-8144-ab74b0809de4.e689d.png,4df5209a4ff8e8e38ed307b6e94d00b24107f57232d14751058f5ea83cc8ca5d
HotUpdate,59d7a375-30a4-4658-ab58-e8148c79ab2c,cc.Texture2D,texture/coin3/26,04_Assets/HotUpdate/Native/59d7a375-30a4-4658-ab58-e8148c79ab2c/59d7a375-30a4-4658-ab58-e8148c79ab2c.77532.png,5a5f379240267dd4475ce72b94b30e9fa8629a7e3287dc3583b07aed0cc609e4
HotUpdate,5ace1a10-bfdf-41ad-a766-34ed98c5eca9,cc.Texture2D,texture/CashPlat/DANA_1,04_Assets/HotUpdate/Native/5ace1a10-bfdf-41ad-a766-34ed98c5eca9/5ace1a10-bfdf-41ad-a766-34ed98c5eca9.03759.png,4fe09c81af6913bbf8d706c762d4dbf36fc9c78c9b908a445bddb3cb778705b1
HotUpdate,5ba239c4-494b-4272-845f-72f93b88305c,cc.Texture2D,GameDialog/luckyDraw/rect,04_Assets/HotUpdate/Native/5ba239c4-494b-4272-845f-72f93b88305c/5ba239c4-494b-4272-845f-72f93b88305c.f138d.png,7e858a732fe84507b58a5170b6911024b8e6c26a96ab6fb720eed7c8e6099091
HotUpdate,5bc34550-f067-44f0-bd74-d3ecfa00248f,cc.Texture2D,texture/coin3/27,04_Assets/HotUpdate/Native/5bc34550-f067-44f0-bd74-d3ecfa00248f/5bc34550-f067-44f0-bd74-d3ecfa00248f.28af9.png,35568fb493042c1ef12a526c4c5e947056f9cb8f24eba96b263fda55aed2cc0e
HotUpdate,5c52a940-fc70-4012-a29d-8869bade96a6,cc.Texture2D,texture/coin2/5,04_Assets/HotUpdate/Native/5c52a940-fc70-4012-a29d-8869bade96a6/5c52a940-fc70-4012-a29d-8869bade96a6.4c12f.png,ed70a5a4643e96edd811da8ee97dd73be31f5ed4e64fe3b53c85bd934b1b0012
HotUpdate,5cdcd9b5-04e2-4ed3-841b-ebfda86c19b1,cc.Texture2D,texture/coin1/30,04_Assets/HotUpdate/Native/5cdcd9b5-04e2-4ed3-841b-ebfda86c19b1/5cdcd9b5-04e2-4ed3-841b-ebfda86c19b1.1cf8d.png,f2998f97831763a6d0ee90d7c9353641d99f35ce4044f98c5da4228e502481a1
HotUpdate,5d27aeb7-82bf-4647-bdb5-dd316ac7deb8,cc.Texture2D,texture/CashPlat/PayPal,04_Assets/HotUpdate/Native/5d27aeb7-82bf-4647-bdb5-dd316ac7deb8/5d27aeb7-82bf-4647-bdb5-dd316ac7deb8.45647.png,255baa7210c0c17edc9262ad845bf81ae9dc4cc36662f10a0a2bf0f7611dbcdf
HotUpdate,5d4c7052-40f2-435c-b1e9-9b6d41d13b74,cc.Texture2D,GameDialog/mergeRule/bg1,04_Assets/HotUpdate/Native/5d4c7052-40f2-435c-b1e9-9b6d41d13b74/5d4c7052-40f2-435c-b1e9-9b6d41d13b74.7a4b1.png,654ec13db39fa71e3c92aaee7f1a0b0562df30c1eb40543ac21f5ffd46a5f30c
HotUpdate,61e82c2b-e52d-4fe6-aebc-ac56a9d39968,cc.AudioClip,Audio/success,04_Assets/HotUpdate/Native/61e82c2b-e52d-4fe6-aebc-ac56a9d39968/61e82c2b-e52d-4fe6-aebc-ac56a9d39968.91b3a.mp3,1e2f6e9ee0319221a8dd791f3ce3e7671713277f5c1c1011c994cd90000fc12e
HotUpdate,62205896-c983-4527-8ef9-26badc20fd20,cc.Texture2D,texture/coin2/31,04_Assets/HotUpdate/Native/62205896-c983-4527-8ef9-26badc20fd20/62205896-c983-4527-8ef9-26badc20fd20.f3aaa.png,993ffe56feef6fd8e947d974e79ee5024c84f835c00d5d647f40dc1607d306ee
HotUpdate,62e12a2a-fbe5-412f-9bf4-c8e85c7fbead,cc.Texture2D,GameDialog/GameRealWDDialog11/topBg,04_Assets/HotUpdate/Native/62e12a2a-fbe5-412f-9bf4-c8e85c7fbead/62e12a2a-fbe5-412f-9bf4-c8e85c7fbead.3a2fb.png,819cc3b6d36836008045376b0a76560bec87dabc7f573d5ba552c0438d6b85d6
HotUpdate,62f14cbc-3936-4775-9ea1-7f66bdd29ca3,cc.Texture2D,texture/coin1/23,04_Assets/HotUpdate/Native/62f14cbc-3936-4775-9ea1-7f66bdd29ca3/62f14cbc-3936-4775-9ea1-7f66bdd29ca3.6b37d.png,759dd56a12f60897a6cd8435c386322e580deaca5a9c845ad1d218301a8f4d81
HotUpdate,633fb845-39be-4c96-8467-36585dc85222,cc.Texture2D,texture/CashPlat/ZaloPay_2,04_Assets/HotUpdate/Native/633fb845-39be-4c96-8467-36585dc85222/633fb845-39be-4c96-8467-36585dc85222.f6f81.png,9a4890cb7103c30c47e273d887515901c4977b6b219ac9cfb819cdc136411c21
HotUpdate,638d2abc-b04d-4543-aa98-9d4587f3d92e,cc.Texture2D,GameDialog/common/htred,04_Assets/HotUpdate/Native/638d2abc-b04d-4543-aa98-9d4587f3d92e/638d2abc-b04d-4543-aa98-9d4587f3d92e.146f4.png,25dbe5e5935480f42b48e9a07b819d9a1f5bf3001a8ad6aef6ce1b535b0644eb
HotUpdate,63c8f810-282c-4bb3-b9a3-5ddb3f7a120f,cc.Texture2D,texture/CashPlat/Truemoney_1,04_Assets/HotUpdate/Native/63c8f810-282c-4bb3-b9a3-5ddb3f7a120f/63c8f810-282c-4bb3-b9a3-5ddb3f7a120f.9ad3a.png,ab8e76095abf071c694b071b0532eadaf5db5642cd64c97dac7de1a523326fa5
HotUpdate,6403248e-0a19-48ad-bc9c-d8143487ff77,cc.Texture2D,GameDialog/TaskDialog/btnGreen,04_Assets/HotUpdate/Native/6403248e-0a19-48ad-bc9c-d8143487ff77/6403248e-0a19-48ad-bc9c-d8143487ff77.4d8dc.png,5c1f9c2fbf5a6f7777a5e03f3c7ff860f5d98f26e18808faa09a7c79de277840
HotUpdate,64b2f1d4-4b0a-485e-a37a-0256a65ef785,cc.TTFFont,,04_Assets/HotUpdate/Native/64b2f1d4-4b0a-485e-a37a-0256a65ef785/FZY4JW.ttf,7eb9d7ee6b0648b9af47e38d271b18bff1c187de768a3d95e861a01cf11e4ad7
HotUpdate,6602142f-c826-499b-acb4-e9ad00db1073,cc.Texture2D,GameDialog/GameFakeWDDialog/bottomBg,04_Assets/HotUpdate/Native/6602142f-c826-499b-acb4-e9ad00db1073/6602142f-c826-499b-acb4-e9ad00db1073.9ee81.png,c70d79362846f41d76e317572947f61b70afee702b63372eecda5e9f300708bf
HotUpdate,66220788-a230-46ec-9506-3dcccd8ed975,cc.Texture2D,texture/platform/amazon,04_Assets/HotUpdate/Native/66220788-a230-46ec-9506-3dcccd8ed975/66220788-a230-46ec-9506-3dcccd8ed975.9286d.png,1eae5bb85418c646ba151d382cb1074957017fcfd247c6ed2f2d7493224c376f
HotUpdate,6624ebc9-9afe-486d-896e-e1425e6d6cbf,cc.Texture2D,GameDialog/hintDialog/bg,04_Assets/HotUpdate/Native/6624ebc9-9afe-486d-896e-e1425e6d6cbf/6624ebc9-9afe-486d-896e-e1425e6d6cbf.035cb.png,2eb36b17f272cbcdae787b555c90613cb22b5d0580bbb52c842082194c6eaf91
HotUpdate,671ba69c-3366-4d9c-85c5-26243f904ada,cc.Texture2D,texture/coin1/5,04_Assets/HotUpdate/Native/671ba69c-3366-4d9c-85c5-26243f904ada/671ba69c-3366-4d9c-85c5-26243f904ada.a31ee.png,781c22a9ffc9cde351322f0a0cc0e3f4f79c4b700135611341c0616768bc594d
HotUpdate,688fe675-312c-4ef9-b79f-95119c346064,cc.Texture2D,texture/coin3/0,04_Assets/HotUpdate/Native/688fe675-312c-4ef9-b79f-95119c346064/688fe675-312c-4ef9-b79f-95119c346064.e9be1.png,23e165d076bf1855abfa19464351c654a3561e80f7e30b0faa21f0700798f7a1
HotUpdate,6dfee150-bd0f-40cc-8f1c-2da8e8a9df39,cc.Texture2D,GameDialog/playerScore/btnSure,04_Assets/HotUpdate/Native/6dfee150-bd0f-40cc-8f1c-2da8e8a9df39/6dfee150-bd0f-40cc-8f1c-2da8e8a9df39.1afcf.png,0f74f6a8a68c8687c2b4488b5e05692c3cedb46e410b436fac6719d56aefde62
HotUpdate,6e8db88d-f125-4b09-bff9-acc219c577d0,cc.Texture2D,GameDialog/luckyDraw/rect1,04_Assets/HotUpdate/Native/6e8db88d-f125-4b09-bff9-acc219c577d0/6e8db88d-f125-4b09-bff9-acc219c577d0.f6d67.png,83ffde422259ee178a84bbb8d9b0811c92a08d430509b15154386237c956d137
HotUpdate,6f3c59ef-1ada-48c0-b598-fe1ee24c3e66,cc.Texture2D,texture/CashPlat/Graboay_1,04_Assets/HotUpdate/Native/6f3c59ef-1ada-48c0-b598-fe1ee24c3e66/6f3c59ef-1ada-48c0-b598-fe1ee24c3e66.002e8.png,94b59870e5096c5aba204b872e417e73b416e1b384e3188c8f204b09b4d2f5c3
HotUpdate,6f9d0c20-7003-43d7-8703-c945d7f949ad,cc.Texture2D,texture/platform/OVO,04_Assets/HotUpdate/Native/6f9d0c20-7003-43d7-8703-c945d7f949ad/6f9d0c20-7003-43d7-8703-c945d7f949ad.9ef48.png,0880593b20ac0d4b5ab86ff7e1b215d0fec41e078efbb2bd85ac682d26e0c526
HotUpdate,71561142-4c83-4933-afca-cb7a17f67053,cc.Texture2D,,04_Assets/HotUpdate/Native/71561142-4c83-4933-afca-cb7a17f67053/71561142-4c83-4933-afca-cb7a17f67053.c06a9.png,44b670047e5d34fc09f3e8538e8945445bc1bb913d6f21d7ac4e06b18c2e172b
HotUpdate,719f1da6-b673-4322-b690-51c779c3a8b8,cc.Texture2D,texture/coin3/15,04_Assets/HotUpdate/Native/719f1da6-b673-4322-b690-51c779c3a8b8/719f1da6-b673-4322-b690-51c779c3a8b8.75aba.png,0b1145b7c9d579782e13da863013859f220918cb9064049ad3a3a53697837580
HotUpdate,73eda5d0-5095-469e-a754-4057cf25ed9a,cc.Texture2D,GameDialog/GameRealWDDialog11/middlebg,04_Assets/HotUpdate/Native/73eda5d0-5095-469e-a754-4057cf25ed9a/73eda5d0-5095-469e-a754-4057cf25ed9a.5dc6f.png,376efca87524ade13caef043beeed6afc788168624c06d843499872a464fa1e6
HotUpdate,74ff5e76-6393-4c2c-a6dc-cf8c17d3e9c1,cc.Texture2D,texture/platform/PIX,04_Assets/HotUpdate/Native/74ff5e76-6393-4c2c-a6dc-cf8c17d3e9c1/74ff5e76-6393-4c2c-a6dc-cf8c17d3e9c1.c6a36.png,e426bdc47e4d46d49bac0257766c910a9c53245368cac49e91f04652d27c8185
HotUpdate,764afd10-9805-4120-a7c1-676aa4122a69,cc.Texture2D,texture/coin1/36,04_Assets/HotUpdate/Native/764afd10-9805-4120-a7c1-676aa4122a69/764afd10-9805-4120-a7c1-676aa4122a69.9e8f6.png,98e3ee7a26ac5e663304202b249f9c28b5cb630060132a9f44a6793da025fd84
HotUpdate,7658fc81-45a4-4918-92b2-d92d84677f4f,cc.Texture2D,,04_Assets/HotUpdate/Native/7658fc81-45a4-4918-92b2-d92d84677f4f/7658fc81-45a4-4918-92b2-d92d84677f4f.107f2.png,6ab28867186d9059afd83b993e36a7925f70865a6c7aa39e29b1d20a46a3d9fb
HotUpdate,770915c0-646b-44cf-99f0-bc29c429f030,cc.Texture2D,texture/spine/loading/loading_4,04_Assets/HotUpdate/Native/770915c0-646b-44cf-99f0-bc29c429f030/770915c0-646b-44cf-99f0-bc29c429f030.d908c.png,6246b0e76f4d62b488a1af05d8f90317304118af2c552eb5ca43449e7056d2c0
HotUpdate,786fed12-b944-4239-b9d7-286cd6a5124d,cc.Texture2D,texture/coin2/29,04_Assets/HotUpdate/Native/786fed12-b944-4239-b9d7-286cd6a5124d/786fed12-b944-4239-b9d7-286cd6a5124d.2f3cb.png,24090b26c0590a262001edda4b83d9ea845104d900899ef756248d45e99895f0
HotUpdate,789f8721-b649-4b5b-9c51-da174f5408a7,cc.Texture2D,GameDialog/GameRealWDHelp/tixianhelp,04_Assets/HotUpdate/Native/789f8721-b649-4b5b-9c51-da174f5408a7/789f8721-b649-4b5b-9c51-da174f5408a7.0cf1d.png,536769637dfbecd34d16f284b4a9f7aa7bb65a52c9792c422ed66b4abd29eaa1
HotUpdate,78fcf843-c028-4305-b207-b622179b024e,cc.Asset,texture/spine/PiaoDai_TX/PiaoDai_TX,04_Assets/HotUpdate/Native/78fcf843-c028-4305-b207-b622179b024e/78fcf843-c028-4305-b207-b622179b024e.80bcc.atlas,57e755ed29973ffc81f30736aff33020a0b19d6fada1d6d4f298f0f52fa5d863
HotUpdate,7a117aeb-7ebd-4231-9e76-f643f7c62620,cc.Texture2D,GameDialog/RealWDHintDialog/bg4,04_Assets/HotUpdate/Native/7a117aeb-7ebd-4231-9e76-f643f7c62620/7a117aeb-7ebd-4231-9e76-f643f7c62620.f470b.png,cd8a53163634fd3a8f561277c369aed147bab19bf5f1b2a787c53ec7ec7ea012
HotUpdate,7acdac3e-1d1d-46e7-95e6-2ea8a20b6155,cc.Texture2D,GameDialog/GameRealWDHelp/helpbg,04_Assets/HotUpdate/Native/7acdac3e-1d1d-46e7-95e6-2ea8a20b6155/7acdac3e-1d1d-46e7-95e6-2ea8a20b6155.40c08.png,44d907d1e0dfad8f27f18f6edfdad26d1a266b200db07b3de45c8492f964eca8
HotUpdate,7b2f806d-3f4f-4785-9103-307fe52c74ba,cc.Texture2D,GameDialog/GameFakeWDDialog/coinIcon,04_Assets/HotUpdate/Native/7b2f806d-3f4f-4785-9103-307fe52c74ba/7b2f806d-3f4f-4785-9103-307fe52c74ba.47b4b.png,90ecde03d0e9bd6460a7a358839627bcca0468980fc9f8385a13aadfd8c16f0e
HotUpdate,7b538d02-48f5-4c86-955e-6c422e878a93,cc.Texture2D,GameDialog/RealWDHintDialog/bg1,04_Assets/HotUpdate/Native/7b538d02-48f5-4c86-955e-6c422e878a93/7b538d02-48f5-4c86-955e-6c422e878a93.dbee8.png,ee530ad20bcf9fb6efa12f776414f392c57b4facd1f7d873a4f2def7cec22856
HotUpdate,7b945bcb-387d-4857-9470-7842d12d380d,cc.Texture2D,GameDialog/common/图层 2,04_Assets/HotUpdate/Native/7b945bcb-387d-4857-9470-7842d12d380d/7b945bcb-387d-4857-9470-7842d12d380d.b3bca.png,f8d6fff827613f83652916f0bf21360bf41a25ccdf138527a4340e5698cf4874
HotUpdate,7bdc6036-7f29-4737-8d21-b60cc142bc34,cc.Texture2D,GameDialog/GameRealWDHelp/矩形备份2,04_Assets/HotUpdate/Native/7bdc6036-7f29-4737-8d21-b60cc142bc34/7bdc6036-7f29-4737-8d21-b60cc142bc34.fd440.png,49d579fe5ddbf004c1d19217cfec175632c553532668e7efba846f1755cebe18
HotUpdate,7d228045-c5cb-4201-b1b5-7259248040a2,cc.Texture2D,texture/CashPlat/DANA_2,04_Assets/HotUpdate/Native/7d228045-c5cb-4201-b1b5-7259248040a2/7d228045-c5cb-4201-b1b5-7259248040a2.fbd13.png,d5003390b09068e1dad6d25a6a71fd0ccf2f1b140d539d4a0300e8da91f82d19
HotUpdate,7d6a93d4-1a8f-4834-8795-cd57d5dbd546,cc.Texture2D,GameDialog/GameRealWDDialog11/titleicon,04_Assets/HotUpdate/Native/7d6a93d4-1a8f-4834-8795-cd57d5dbd546/7d6a93d4-1a8f-4834-8795-cd57d5dbd546.b0475.png,fd322e49c38b39482938ac1c1754f199b8ee07b61e70bf8513403020a96a0fea
HotUpdate,7f295cdf-d8fa-48c3-9bc5-d19940eb31e2,cc.Texture2D,texture/platform/Pagbank,04_Assets/HotUpdate/Native/7f295cdf-d8fa-48c3-9bc5-d19940eb31e2/7f295cdf-d8fa-48c3-9bc5-d19940eb31e2.76351.png,897b5d4f711ef1e2fda2a0c770cbcf3353793f905dc7be6c0121e1fd9368dcb2
HotUpdate,81269d22-4616-48e4-b32d-c3f98fa07dcb,cc.Texture2D,GameDialog/common/hand1,04_Assets/HotUpdate/Native/81269d22-4616-48e4-b32d-c3f98fa07dcb/81269d22-4616-48e4-b32d-c3f98fa07dcb.f07e6.png,7d62beeaed67708004fa46449c6a43c28fa4e9f7da3905d216dfc742fa0a9e16
HotUpdate,82206c04-2be0-4ad8-a859-0a86a26dd1dd,cc.Texture2D,texture/platform/PayPay,04_Assets/HotUpdate/Native/82206c04-2be0-4ad8-a859-0a86a26dd1dd/82206c04-2be0-4ad8-a859-0a86a26dd1dd.5d5d8.png,965384da96d0f27da52c1951de963dc52b814944c5b5badaf9194c5f536626e4
HotUpdate,827e9d1b-46d6-484d-8420-66e643c30457,cc.Texture2D,,04_Assets/HotUpdate/Native/827e9d1b-46d6-484d-8420-66e643c30457/827e9d1b-46d6-484d-8420-66e643c30457.34844.png,f6b5b2b1545407512fb7b795bc09d41b587a2a3bb852a36d0a380a9d9cd47c0b
HotUpdate,82bc51c7-93e2-4094-a3f3-2c4908f441a9,cc.AudioClip,Audio/guide_redbag_show,04_Assets/HotUpdate/Native/82bc51c7-93e2-4094-a3f3-2c4908f441a9/82bc51c7-93e2-4094-a3f3-2c4908f441a9.fe2ed.mp3,82f176c26a64a86ed9bf334dda2896fb41a3f9c50e45f1fecbf6d881cf410f35
HotUpdate,82d0a721-f35e-43e3-986e-302a6ae63b58,cc.Texture2D,GameDialog/GameRealWDDialog11/line,04_Assets/HotUpdate/Native/82d0a721-f35e-43e3-986e-302a6ae63b58/82d0a721-f35e-43e3-986e-302a6ae63b58.53a74.png,f4578814a083ec5d24e6e258ad7045af9f190853c28b5e19ac76ca8ff6119714
HotUpdate,8433e85e-7d2b-470a-af06-69dfd8cfa183,cc.Texture2D,texture/platform/ShopeePay,04_Assets/HotUpdate/Native/8433e85e-7d2b-470a-af06-69dfd8cfa183/8433e85e-7d2b-470a-af06-69dfd8cfa183.ab900.png,bfd5b9f18199146c03095f8e9344d8cecfc7191cce78c870450885f2d5008acd
HotUpdate,84b34faf-701b-4443-8a91-7d30209ad8e9,cc.Texture2D,texture/coin2/17,04_Assets/HotUpdate/Native/84b34faf-701b-4443-8a91-7d30209ad8e9/84b34faf-701b-4443-8a91-7d30209ad8e9.d4e57.png,50f4c75d5685a853f58780c7a43d7b2444d37521030437a5acf87dbc944a2fc3
HotUpdate,8522b931-0a36-420d-b7c3-73106915ccdb,cc.Texture2D,texture/coin2/6,04_Assets/HotUpdate/Native/8522b931-0a36-420d-b7c3-73106915ccdb/8522b931-0a36-420d-b7c3-73106915ccdb.3be3d.png,f67dfa18795e59d8f00e59681e7521e95e199598c0772efd687addcd6e58c0b8
HotUpdate,855884ae-3be5-43da-a4ff-59fb3213998d,cc.Texture2D,texture/platform/TinkoffBank,04_Assets/HotUpdate/Native/855884ae-3be5-43da-a4ff-59fb3213998d/855884ae-3be5-43da-a4ff-59fb3213998d.88fe5.png,c79af8559b1e0257193d24a05c6eb631d77f77c76de6bb7b62b4bb95c4398314
HotUpdate,85b69287-9571-4fc6-9d18-cf458cfa674d,cc.Texture2D,texture/coin2/13,04_Assets/HotUpdate/Native/85b69287-9571-4fc6-9d18-cf458cfa674d/85b69287-9571-4fc6-9d18-cf458cfa674d.03572.png,72b05802e481440942b2223b2fab39a57e9b9851e09ff8135c764635e1eae4be
HotUpdate,86a5f315-6462-42a4-84eb-dc815986983e,cc.Texture2D,texture/coin1/28,04_Assets/HotUpdate/Native/86a5f315-6462-42a4-84eb-dc815986983e/86a5f315-6462-42a4-84eb-dc815986983e.dbadd.png,1775c4024b74ea9f54bfa2fb494738221019911c3c57fb5208c459331a150dd4
HotUpdate,86ef5a4a-15e8-4512-a881-098b1fb4d006,cc.Texture2D,texture/coin3/18,04_Assets/HotUpdate/Native/86ef5a4a-15e8-4512-a881-098b1fb4d006/86ef5a4a-15e8-4512-a881-098b1fb4d006.eeba1.png,ce04f46447de162b1bf8ed03f7b22bdb83ee07bd2ccbaf4eb4412bb91d7ab033
HotUpdate,87caf1b4-9a34-45c4-8db7-cb36dfffbe09,cc.Texture2D,GameDialog/RealWDHintDialog/bg,04_Assets/HotUpdate/Native/87caf1b4-9a34-45c4-8db7-cb36dfffbe09/87caf1b4-9a34-45c4-8db7-cb36dfffbe09.01a93.png,85f91dcbf2ac7f20e5089641fba555589ca574dd1761512c1b49820a9c7f7e5d
HotUpdate,88addc0f-48b2-403c-879f-78b1f9b13134,cc.Asset,texture/spine/AnNiu_TX/AnNiu_TX,04_Assets/HotUpdate/Native/88addc0f-48b2-403c-879f-78b1f9b13134/88addc0f-48b2-403c-879f-78b1f9b13134.4df34.atlas,2e87e8d580290c6266c10b6d5c2e441728d31c7bf5ef6a2177d046739d700279
HotUpdate,88ffbeed-715a-4695-81c0-af6fb74920fb,cc.Texture2D,GameDialog/GameRealWDDialog11/bg,04_Assets/HotUpdate/Native/88ffbeed-715a-4695-81c0-af6fb74920fb/88ffbeed-715a-4695-81c0-af6fb74920fb.d710e.png,a3a6e3ca6ef10951ca25e9a7b12ab1ff3e25ab149e34443ecd48f6b7cdb2a2ba
HotUpdate,8aa6ca50-0519-41f7-b6af-7a0edabaced0,cc.Texture2D,texture/coin3/4,04_Assets/HotUpdate/Native/8aa6ca50-0519-41f7-b6af-7a0edabaced0/8aa6ca50-0519-41f7-b6af-7a0edabaced0.cbfa1.png,ef5e9bb0603a5013dea13e41d0892458aa6b2cd95ac19cb5f516d453744de361
HotUpdate,8ac5b5bd-1e25-45ad-8541-a0045603623e,cc.Texture2D,texture/coin2/10,04_Assets/HotUpdate/Native/8ac5b5bd-1e25-45ad-8541-a0045603623e/8ac5b5bd-1e25-45ad-8541-a0045603623e.477f1.png,8411fc7f40143339e224d35919675de5ff9608b0bf78e4379c88a4a8b772616f
HotUpdate,8b967798-445b-4147-b664-3f920ede46b3,cc.Texture2D,texture/coin3/10,04_Assets/HotUpdate/Native/8b967798-445b-4147-b664-3f920ede46b3/8b967798-445b-4147-b664-3f920ede46b3.999b3.png,6b52c34990f11a127d3001284486e7daa91b92f56f5e8831c8a61aea49cc1667
HotUpdate,8bac0bd2-854c-4b33-bd1c-20260d01dde3,cc.Texture2D,texture/coin1/32,04_Assets/HotUpdate/Native/8bac0bd2-854c-4b33-bd1c-20260d01dde3/8bac0bd2-854c-4b33-bd1c-20260d01dde3.357e0.png,5e5d4cbc0f54d4bd9f77e9f332e0ed6613cbea174f43e40476250d3e3293ad9f
HotUpdate,8ce82369-31d8-4d98-9014-a8f388ee24a1,cc.Texture2D,GameDialog/FailDialog/guang2,04_Assets/HotUpdate/Native/8ce82369-31d8-4d98-9014-a8f388ee24a1/8ce82369-31d8-4d98-9014-a8f388ee24a1.fdd51.png,b9cc366710638ccd0aee23c516cfb20413f56128cb009a72ac48eedf0a91ac43
HotUpdate,8dbcdfaa-d70a-48aa-a33c-7cebc14129ac,cc.Texture2D,texture/CashPlat/DANA,04_Assets/HotUpdate/Native/8dbcdfaa-d70a-48aa-a33c-7cebc14129ac/8dbcdfaa-d70a-48aa-a33c-7cebc14129ac.ef620.png,e7da3cf2fa60ee856c14e6d8fb1e719ff0698360606fb5991eccf5c5124b3887
HotUpdate,8e022273-2967-41c4-8a42-709de61c6601,cc.Texture2D,GameDialog/hintDialog/编组 3(1),04_Assets/HotUpdate/Native/8e022273-2967-41c4-8a42-709de61c6601/8e022273-2967-41c4-8a42-709de61c6601.cd951.png,cfb84168aa44f11af850d217f963be9d4b6031f951b0ee046a4db320369718c1
HotUpdate,8fd06efc-256e-4c6c-a97b-b61c0e153fb7,cc.Texture2D,GameDialog/SettingDialog/bg,04_Assets/HotUpdate/Native/8fd06efc-256e-4c6c-a97b-b61c0e153fb7/8fd06efc-256e-4c6c-a97b-b61c0e153fb7.dcc75.png,fbd2eb9ed1297cb07e2d2de3c7b5d716e4c5af3d106c5bcf502c0db50ef6ce14
HotUpdate,902e64f2-bbd5-4325-8d44-0d601f451f1a,cc.Texture2D,GameDialog/GameFakeWDDialog/bg,04_Assets/HotUpdate/Native/902e64f2-bbd5-4325-8d44-0d601f451f1a/902e64f2-bbd5-4325-8d44-0d601f451f1a.73f6e.png,c9c98b4b4834474fa9115a9fae9529a8408dc4a10040a901f3712ef02d73d330
HotUpdate,91151cdb-2888-4042-b283-982caafdf4ff,cc.Texture2D,texture/coin2/19,04_Assets/HotUpdate/Native/91151cdb-2888-4042-b283-982caafdf4ff/91151cdb-2888-4042-b283-982caafdf4ff.e47d0.png,53cda1e82f82ca3948372bc210fe4117ca42eca6637bd5d85eb17dd9956e474f
HotUpdate,912cc466-fd19-4d2d-b2b0-c613ab2b39f9,cc.Texture2D,GameDialog/GameRealWDDialog11/bg2,04_Assets/HotUpdate/Native/912cc466-fd19-4d2d-b2b0-c613ab2b39f9/912cc466-fd19-4d2d-b2b0-c613ab2b39f9.3eb54.png,21aa7924800b9eddc261f6a494e17529e3c792d8592c26206136f9a41530774f
HotUpdate,925072b1-0d66-4136-9bfb-92a5c743e9ee,cc.Texture2D,texture/coin2/4,04_Assets/HotUpdate/Native/925072b1-0d66-4136-9bfb-92a5c743e9ee/925072b1-0d66-4136-9bfb-92a5c743e9ee.255b9.png,2b5f2bb04b90b7a1cd7ae28e7a07f510be02d1ac6ca59078697d4dc6e785b5dc
HotUpdate,92a44d78-1e8e-491d-866d-65abf6b2147b,cc.AudioClip,Audio/sfx_merge_7,04_Assets/HotUpdate/Native/92a44d78-1e8e-491d-866d-65abf6b2147b/92a44d78-1e8e-491d-866d-65abf6b2147b.2e3b3.mp3,83cd3b3990b495d9a54d424efba4cdb315ae859209d9fea2143f5995048e7985
HotUpdate,92e79000-3027-4bb7-8bd1-7a80edcb78a1,cc.Texture2D,texture/coin2/22,04_Assets/HotUpdate/Native/92e79000-3027-4bb7-8bd1-7a80edcb78a1/92e79000-3027-4bb7-8bd1-7a80edcb78a1.e9899.png,4974e783ddf6af69f4a273944fa76807db98bb8c2eee0321e483301086d7fd39
HotUpdate,94071b2c-7f0c-4f62-bbdd-1d0e74c581a0,cc.Texture2D,GameDialog/GameRealWDHelp/矩形备份,04_Assets/HotUpdate/Native/94071b2c-7f0c-4f62-bbdd-1d0e74c581a0/94071b2c-7f0c-4f62-bbdd-1d0e74c581a0.d057a.png,bc31fd87dbfa7ac7fce112bdb59e8a1fae3c7f8445e2a528cc4b5d035d9f515c
HotUpdate,940bc251-ecae-49d1-b71b-07a11e55568f,cc.AudioClip,Audio/sfx_merge_3,04_Assets/HotUpdate/Native/940bc251-ecae-49d1-b71b-07a11e55568f/940bc251-ecae-49d1-b71b-07a11e55568f.fcc1a.mp3,57f913c854205b512c1de55a48bd0006ce41eed989c7d09b13215cff8039f66b
HotUpdate,94eedd69-ddb0-4526-b983-0bae4ca77d91,cc.Texture2D,GameDialog/common/mask,04_Assets/HotUpdate/Native/94eedd69-ddb0-4526-b983-0bae4ca77d91/94eedd69-ddb0-4526-b983-0bae4ca77d91.1ac8f.png,10248629132f44750c7616c7e06c085a1296e155e1d1a2cb1339bbf95178ac9d
HotUpdate,94fb8e0b-e76a-48f4-a217-f79103f3410c,cc.Texture2D,texture/coin3/1,04_Assets/HotUpdate/Native/94fb8e0b-e76a-48f4-a217-f79103f3410c/94fb8e0b-e76a-48f4-a217-f79103f3410c.c3f2f.png,2c89d4b21bdfd0a8f4ed92b8713105a5e6c9eb1915c3c891479a868c65776f83
HotUpdate,9522eb81-fb07-4783-be8a-e6d4174c7fd6,cc.Texture2D,texture/CashPlat/OVO_1,04_Assets/HotUpdate/Native/9522eb81-fb07-4783-be8a-e6d4174c7fd6/9522eb81-fb07-4783-be8a-e6d4174c7fd6.11c61.png,c2b9813209c5de7d8d27827fda75cf0259e50768256b7847e867f17fd40c60aa
HotUpdate,952f6da6-3f80-4317-ac9c-060a52ca303d,cc.Texture2D,texture/spine/ND_00/ND_00,04_Assets/HotUpdate/Native/952f6da6-3f80-4317-ac9c-060a52ca303d/952f6da6-3f80-4317-ac9c-060a52ca303d.66af3.png,0ef4cae49170451756d5cec0cc6961f3422484e9f09541124908d4752ea4acb2
HotUpdate,9547ad16-5cfe-4ff3-a325-62743e13422a,cc.Texture2D,texture/coin1/25,04_Assets/HotUpdate/Native/9547ad16-5cfe-4ff3-a325-62743e13422a/9547ad16-5cfe-4ff3-a325-62743e13422a.94aad.png,89899565749c71ae9656976b74ad3b8e415ebecac2470076d907eedf090a4b43
HotUpdate,9655016d-93fd-4701-94df-c2d35f2ed564,cc.Texture2D,GameDialog/gameView/Terms of Service3,04_Assets/HotUpdate/Native/9655016d-93fd-4701-94df-c2d35f2ed564/9655016d-93fd-4701-94df-c2d35f2ed564.7da4a.png,5eccce3a322f9069d6ac405d3b3182d58ddd5a1faa7713dccfa8961ba53f5133
HotUpdate,96c8ec86-eccf-457a-b660-72477e003e78,cc.Texture2D,GameDialog/GameRealWDDialog11/icon2,04_Assets/HotUpdate/Native/96c8ec86-eccf-457a-b660-72477e003e78/96c8ec86-eccf-457a-b660-72477e003e78.8be50.png,fca838f0aa80049aedaadd9755da8bc983f4e3c47fca42fb4bfbde08aa25633c
HotUpdate,9879b2ca-47e3-4474-a4ae-369d636322b3,cc.Texture2D,GameDialog/GameRealWDDialog11/unEnough,04_Assets/HotUpdate/Native/9879b2ca-47e3-4474-a4ae-369d636322b3/9879b2ca-47e3-4474-a4ae-369d636322b3.a10ec.png,9e989fcf62bee039c30ba7cd1fc723239e2388892c1c5769561605ba1d524727
HotUpdate,9935e644-1184-4c5b-a004-fa4b37026e0c,cc.Texture2D,GameDialog/GameRealWDDialog11/icon,04_Assets/HotUpdate/Native/9935e644-1184-4c5b-a004-fa4b37026e0c/9935e644-1184-4c5b-a004-fa4b37026e0c.d974b.png,5043cbda5b7a8510f281c36e05fbc8efb9a2e300761fac82e1504f82fa9ccb50
HotUpdate,993a1f48-6068-42f3-8d27-f494558ce29a,cc.Texture2D,texture/CashPlat/Graboay,04_Assets/HotUpdate/Native/993a1f48-6068-42f3-8d27-f494558ce29a/993a1f48-6068-42f3-8d27-f494558ce29a.8e4bd.png,e1e9d17942d0365dc09429a37913a3ceda169a983618efb31d2c090b5f85f153
HotUpdate,99d19228-b42e-4576-8831-f9781cb3ef72,cc.Texture2D,texture/coin1/6,04_Assets/HotUpdate/Native/99d19228-b42e-4576-8831-f9781cb3ef72/99d19228-b42e-4576-8831-f9781cb3ef72.530c0.png,bc71f604ea51bda7cfc69a2f0ecba7becc6c56ab4849041f1df68a69d1f4d2f4
HotUpdate,99e7583a-6d2c-460a-975b-8764d5bf0e4f,cc.Texture2D,texture/CashPlat/PIX_1,04_Assets/HotUpdate/Native/99e7583a-6d2c-460a-975b-8764d5bf0e4f/99e7583a-6d2c-460a-975b-8764d5bf0e4f.e2fdc.png,cb777af1cf4b7832bf5f32d236b8866faa337d90bb1ec6b88b595a448a7a823f
HotUpdate,99ee6bce-3945-4d2b-b7ac-2319f8e01a52,cc.Texture2D,GameDialog/GameRealWDHelp/矩形 2,04_Assets/HotUpdate/Native/99ee6bce-3945-4d2b-b7ac-2319f8e01a52/99ee6bce-3945-4d2b-b7ac-2319f8e01a52.48a22.png,c70e8568d80fd4bd6082cb290eefa3e68c0b89348aa6f7c4e025c093b372165e
HotUpdate,9a3957df-942a-4547-b7d3-5d5c453400db,cc.Asset,texture/spine/loading/loading_4,04_Assets/HotUpdate/Native/9a3957df-942a-4547-b7d3-5d5c453400db/9a3957df-942a-4547-b7d3-5d5c453400db.7933b.atlas,b41e42427d6a44f2969b5771ca0b22f982c1355008e0e3cf0751ca2cace1451a
HotUpdate,9ba98b8f-a29f-47a7-a5d8-44d436da61e3,cc.Texture2D,texture/coin3/3,04_Assets/HotUpdate/Native/9ba98b8f-a29f-47a7-a5d8-44d436da61e3/9ba98b8f-a29f-47a7-a5d8-44d436da61e3.c6547.png,3fab1468c1255c1efaa1a74f15e4bc1670250996e3028d31d1e461747ae90646
HotUpdate,9bafa911-0987-4d56-9634-5e35ec3925a1,cc.Texture2D,GameDialog/SettingDialog/btnClose,04_Assets/HotUpdate/Native/9bafa911-0987-4d56-9634-5e35ec3925a1/9bafa911-0987-4d56-9634-5e35ec3925a1.20060.png,45b061d9095e08d1e3da1cb1190ae2a24be615bfa44a3b3168eafa1f0a7f8319
HotUpdate,9bc3ed2e-c695-4823-8975-f84e60023357,cc.Texture2D,texture/spine/PiaoDai_TX/PiaoDai_TX,04_Assets/HotUpdate/Native/9bc3ed2e-c695-4823-8975-f84e60023357/9bc3ed2e-c695-4823-8975-f84e60023357.3681a.png,550dcc83e2fcd7912a4b106a87ef8b69a79bb1f6ea0a7548fee5da533b2df469
HotUpdate,9c88cd31-3870-4566-ae7d-ee1ae6e27216,cc.Texture2D,texture/coin2/11,04_Assets/HotUpdate/Native/9c88cd31-3870-4566-ae7d-ee1ae6e27216/9c88cd31-3870-4566-ae7d-ee1ae6e27216.2ba2a.png,8135784d7c97a259529d47a228f8428b382a0ddec7f9ed490e336ab8301cd9aa
HotUpdate,9cb41a1d-beb9-4f79-9f23-9507d08cb3f9,cc.Texture2D,texture/spine/PZ_TX/PZ_TX,04_Assets/HotUpdate/Native/9cb41a1d-beb9-4f79-9f23-9507d08cb3f9/9cb41a1d-beb9-4f79-9f23-9507d08cb3f9.994ba.png,fb6cf2fe4ae0759edd9af69429f00b190f1f0f6e5665724b88ba0aab2e9e0739
HotUpdate,9cc6da8b-80a5-467c-8af0-70eb2d7ff5ab,cc.Texture2D,GameDialog/common/btn1,04_Assets/HotUpdate/Native/9cc6da8b-80a5-467c-8af0-70eb2d7ff5ab/9cc6da8b-80a5-467c-8af0-70eb2d7ff5ab.1afcf.png,0f74f6a8a68c8687c2b4488b5e05692c3cedb46e410b436fac6719d56aefde62
HotUpdate,9cf5cbe8-1f28-4bd0-bcb5-73014cb1bd8a,cc.Texture2D,GameDialog/common/图层 26,04_Assets/HotUpdate/Native/9cf5cbe8-1f28-4bd0-bcb5-73014cb1bd8a/9cf5cbe8-1f28-4bd0-bcb5-73014cb1bd8a.0e4b9.png,0cd05374833ceb6fabf87775a2a89ede99c42b1ba4cd161365404bb6341d5515
HotUpdate,9d41cd25-aa8e-4f35-84fd-de2acccc4b4e,cc.Texture2D,GameDialog/gameView/Privacy Policy1,04_Assets/HotUpdate/Native/9d41cd25-aa8e-4f35-84fd-de2acccc4b4e/9d41cd25-aa8e-4f35-84fd-de2acccc4b4e.52fcd.png,1b8588f152154195aa1795295ee5a5871e57115e08e9f5a16bc60a35467b9f85
HotUpdate,9de5ca07-8c7f-4bd7-b5f7-5d5972b4e559,cc.AudioClip,Audio/fail,04_Assets/HotUpdate/Native/9de5ca07-8c7f-4bd7-b5f7-5d5972b4e559/9de5ca07-8c7f-4bd7-b5f7-5d5972b4e559.214db.mp3,c60229d9ba3515b46d595a80b2c73ef9f40a68b895edbb8d5b07ffd3fad0f018
HotUpdate,9e436e67-7145-4b6e-b747-2f4ebb7b3d84,cc.Texture2D,texture/coin3/24,04_Assets/HotUpdate/Native/9e436e67-7145-4b6e-b747-2f4ebb7b3d84/9e436e67-7145-4b6e-b747-2f4ebb7b3d84.ec445.png,26ddb64592c0ac6ab592d332712efc14dc8abf549e1e81602d716ee179be6890
HotUpdate,9e93f222-f554-41ff-9974-810ed1dd909d,cc.Texture2D,texture/coin1/14,04_Assets/HotUpdate/Native/9e93f222-f554-41ff-9974-810ed1dd909d/9e93f222-f554-41ff-9974-810ed1dd909d.2e624.png,c56203888b0187025603ee62b621e09be470b7459f6566cc31f796d347c980d2
HotUpdate,9fb5e2a5-891b-46f9-b94e-e91594cfa093,cc.AudioClip,Audio/reward,04_Assets/HotUpdate/Native/9fb5e2a5-891b-46f9-b94e-e91594cfa093/9fb5e2a5-891b-46f9-b94e-e91594cfa093.fe2ed.mp3,82f176c26a64a86ed9bf334dda2896fb41a3f9c50e45f1fecbf6d881cf410f35
HotUpdate,a07acf59-f8af-4617-8a1f-5d82d774d1bc,cc.Texture2D,texture/coin3/22,04_Assets/HotUpdate/Native/a07acf59-f8af-4617-8a1f-5d82d774d1bc/a07acf59-f8af-4617-8a1f-5d82d774d1bc.ff79d.png,23bfb9fac02b2b950989cf105501b9bc8e7dd1df98db4ed2876188047f10a996
HotUpdate,a07b6403-7a05-4475-854c-199bb1a5f7e2,cc.Texture2D,texture/coin3/11,04_Assets/HotUpdate/Native/a07b6403-7a05-4475-854c-199bb1a5f7e2/a07b6403-7a05-4475-854c-199bb1a5f7e2.73300.png,babfac403594efecc4d5bfb449de85bfff03e44f2fcf5bd5b722ed202f3653c4
HotUpdate,a40b3d81-b703-47b4-ad33-4f4dda194ba5,cc.Texture2D,texture/coin1/17,04_Assets/HotUpdate/Native/a40b3d81-b703-47b4-ad33-4f4dda194ba5/a40b3d81-b703-47b4-ad33-4f4dda194ba5.f71d0.png,ba69d64d2eea120e5ec3d4c265e501ac9bc17c6cd193c382f86d45b850b63b46
HotUpdate,a45fd447-8f22-475e-abac-c6a21926a7c2,cc.AudioClip,Audio/sfx_merge_8,04_Assets/HotUpdate/Native/a45fd447-8f22-475e-abac-c6a21926a7c2/a45fd447-8f22-475e-abac-c6a21926a7c2.2e3b3.mp3,83cd3b3990b495d9a54d424efba4cdb315ae859209d9fea2143f5995048e7985
HotUpdate,a494ae35-e395-45e9-906a-6906781b5c17,cc.Texture2D,texture/coin1/35,04_Assets/HotUpdate/Native/a494ae35-e395-45e9-906a-6906781b5c17/a494ae35-e395-45e9-906a-6906781b5c17.3e769.png,078495e1ad32c8ba8162369c305859751a4fa5f6e37dc5a81d7c7049c0779bd6
HotUpdate,a5856dda-7477-43b6-aec7-d91390584aca,cc.Texture2D,GameDialog/GameRealWDDialog11/coin,04_Assets/HotUpdate/Native/a5856dda-7477-43b6-aec7-d91390584aca/a5856dda-7477-43b6-aec7-d91390584aca.b1090.png,4c8f8bab5925a1b717a9bdb888b066ee3b35bdc625631efc5215213c0eead5e1
HotUpdate,a5cc2672-da8a-48be-849f-9c5c431913a2,cc.Texture2D,GameDialog/mergeRule/btnClose,04_Assets/HotUpdate/Native/a5cc2672-da8a-48be-849f-9c5c431913a2/a5cc2672-da8a-48be-849f-9c5c431913a2.20060.png,45b061d9095e08d1e3da1cb1190ae2a24be615bfa44a3b3168eafa1f0a7f8319
HotUpdate,a5dbbb08-bc69-4768-ac36-a1e3726b5c71,cc.AudioClip,Audio/sfx_merge,04_Assets/HotUpdate/Native/a5dbbb08-bc69-4768-ac36-a1e3726b5c71/a5dbbb08-bc69-4768-ac36-a1e3726b5c71.162a7.mp3,beef071489685364bf53ef22eb5c4d783d7775fb80d3f0fbfb782b1315477a1a
HotUpdate,a7e06987-f8db-4542-9a17-734c0b6ec1c9,cc.Texture2D,texture/CashPlat/GCash_2,04_Assets/HotUpdate/Native/a7e06987-f8db-4542-9a17-734c0b6ec1c9/a7e06987-f8db-4542-9a17-734c0b6ec1c9.d077e.png,e9983d33aca3ca316b5dcfb02836a574ad8d4911b5a5ad1fdb6749c04c7336f6
HotUpdate,a8ac38d4-bce6-40af-a131-6c85e2faa70b,cc.Texture2D,texture/coin3/8,04_Assets/HotUpdate/Native/a8ac38d4-bce6-40af-a131-6c85e2faa70b/a8ac38d4-bce6-40af-a131-6c85e2faa70b.0e16d.png,20f6a216e0319350da426f3c2ed2ddb9721ac10f53292fe5e02aa1ef84ba69ad
HotUpdate,a97ea43f-2609-4e22-8a45-cf2d4f19d0f2,cc.Texture2D,texture/coin1/21,04_Assets/HotUpdate/Native/a97ea43f-2609-4e22-8a45-cf2d4f19d0f2/a97ea43f-2609-4e22-8a45-cf2d4f19d0f2.acb7d.png,f05b0ef41f4c32450e7720b57e37a39e750a4f5c9812ac47d4ef882f087a921a
HotUpdate,aa425258-1a19-4c18-9aa4-8466eae68d2b,cc.Texture2D,texture/coin3/29,04_Assets/HotUpdate/Native/aa425258-1a19-4c18-9aa4-8466eae68d2b/aa425258-1a19-4c18-9aa4-8466eae68d2b.67678.png,078c7732fd8ee833ff57882d790ba0d9fad71753dc5621b6d831ab877c8eae83
HotUpdate,aa7b3788-4121-4f50-909f-5d948bf2a304,cc.Texture2D,GameDialog/FailDialog/title,04_Assets/HotUpdate/Native/aa7b3788-4121-4f50-909f-5d948bf2a304/aa7b3788-4121-4f50-909f-5d948bf2a304.287f2.png,59cb242d26a2a86f300c23477cc6f736b5501e832bdfee76ba21205ddd400a95
HotUpdate,aadc74bf-2ad8-4fcb-81f8-1a42f5dde80c,cc.Texture2D,GameDialog/GameRealWDDialog11/bar,04_Assets/HotUpdate/Native/aadc74bf-2ad8-4fcb-81f8-1a42f5dde80c/aadc74bf-2ad8-4fcb-81f8-1a42f5dde80c.f4623.png,ef8419ed14ebd71e56551ca64ebcb2c9a05dc273a9f029a59adb20cb13575a69
HotUpdate,aaf553f6-8a16-46a2-a272-355b343cde4a,cc.Texture2D,texture/coin1/27,04_Assets/HotUpdate/Native/aaf553f6-8a16-46a2-a272-355b343cde4a/aaf553f6-8a16-46a2-a272-355b343cde4a.a7b7b.png,76b0babec838dda357ad9a97b89b5c7df96394b6a51b4b3da3f9aaefb53f75c0
HotUpdate,ab36d7c1-1991-4caf-9ebe-987e05c2a37d,cc.Texture2D,,04_Assets/HotUpdate/Native/ab36d7c1-1991-4caf-9ebe-987e05c2a37d/ab36d7c1-1991-4caf-9ebe-987e05c2a37d.2cf85.png,864cafd476cc1578a0ae9aa8751ee201075f20a047ca1b1b83cb40cb2952d838
HotUpdate,ac6d3bb9-434e-4c22-9242-d91744bc0ee7,cc.Texture2D,texture/platform/CashApp,04_Assets/HotUpdate/Native/ac6d3bb9-434e-4c22-9242-d91744bc0ee7/ac6d3bb9-434e-4c22-9242-d91744bc0ee7.5ad5f.png,97acb9364336a3cff81f35c935559df61b1d135b72093fdb528f608fdb01f823
HotUpdate,ad13543c-0484-49cd-9e07-963effe9a1da,cc.Texture2D,texture/CashPlat/OVO,04_Assets/HotUpdate/Native/ad13543c-0484-49cd-9e07-963effe9a1da/ad13543c-0484-49cd-9e07-963effe9a1da.c1dba.png,d9dbed13fb519829a617ae32790c3c898f9210546762013586db29ebaa60967e
HotUpdate,ad187cf3-6ebe-4f5e-82fc-3db56aba135e,cc.Texture2D,GameDialog/gameView/Privacy Policy2,04_Assets/HotUpdate/Native/ad187cf3-6ebe-4f5e-82fc-3db56aba135e/ad187cf3-6ebe-4f5e-82fc-3db56aba135e.eea45.png,5c2eafa687b70afc3905c4a649f9cdcbe9f99b49773d4839dcc900c221b1ade2
HotUpdate,ad8d9498-050b-4c07-b799-4507effab1ea,cc.Texture2D,GameDialog/GameRealWDHelp/paypal,04_Assets/HotUpdate/Native/ad8d9498-050b-4c07-b799-4507effab1ea/ad8d9498-050b-4c07-b799-4507effab1ea.548dd.png,a2bbf4b5f608e06230b566464d946542415c271085ca44591a535910bf5f7188
HotUpdate,adc035b1-931d-493b-b587-81d704e83709,cc.Texture2D,GameDialog/RealWDHintDialog/位图,04_Assets/HotUpdate/Native/adc035b1-931d-493b-b587-81d704e83709/adc035b1-931d-493b-b587-81d704e83709.b6c7c.png,2a8afcb5cdde7ae050c207faa4fcd7f013cfb9862b44f01c891bd875dfe68801
HotUpdate,ae32c2fc-7f1a-4565-9d65-44c1cf3d8920,cc.Asset,texture/spine/DJB_TX/DJB_TX,04_Assets/HotUpdate/Native/ae32c2fc-7f1a-4565-9d65-44c1cf3d8920/ae32c2fc-7f1a-4565-9d65-44c1cf3d8920.c128d.atlas,ed6064dd70bb3591ae5d9f974157429b63c4293043f5f464196fe7d04b7c7c6b
HotUpdate,ae5e88ea-057b-4d86-a75d-6e7d05739d7a,cc.Texture2D,texture/coin1/2,04_Assets/HotUpdate/Native/ae5e88ea-057b-4d86-a75d-6e7d05739d7a/ae5e88ea-057b-4d86-a75d-6e7d05739d7a.1cc57.png,6418bf927857a557a13f3e64413d773f233404b68f82b1ce06894ae739c7e74e
HotUpdate,b02ba614-5d3c-4061-9443-699bbf7558b1,cc.AudioClip,Audio/ChouJiangOpen,04_Assets/HotUpdate/Native/b02ba614-5d3c-4061-9443-699bbf7558b1/b02ba614-5d3c-4061-9443-699bbf7558b1.1e87d.mp3,03a824969190ac0f47d41b18193ab215228b0e2f4517e80b2cb7dfbbd18688fd
HotUpdate,b0accc66-b674-4eed-ab20-8a2d49ad95c8,cc.Texture2D,texture/coin2/7,04_Assets/HotUpdate/Native/b0accc66-b674-4eed-ab20-8a2d49ad95c8/b0accc66-b674-4eed-ab20-8a2d49ad95c8.3dae2.png,cf47c26b0db59c1d79f1726266a66de3d378074f14119bd1e6a3ac3e18217e1f
HotUpdate,b0f3e395-6271-4dc4-82ea-a40f1931b96d,cc.Texture2D,GameDialog/GameRealWDHelp/矩形 1 拷贝 2,04_Assets/HotUpdate/Native/b0f3e395-6271-4dc4-82ea-a40f1931b96d/b0f3e395-6271-4dc4-82ea-a40f1931b96d.ae4e1.png,7bc3d05a4aef443d4925390854dab96138cf8481d86a12bcd68430014fcb079d
HotUpdate,b0ff76d9-546b-4564-a9bf-bcbeb176f581,cc.Texture2D,GameDialog/GameRealWDDialog11/bg_purple_long,04_Assets/HotUpdate/Native/b0ff76d9-546b-4564-a9bf-bcbeb176f581/b0ff76d9-546b-4564-a9bf-bcbeb176f581.cf3d5.png,59d41fba874ef54c6fd976fedec921af36d75659d5b9f920ba98a8cabe1cedc9
HotUpdate,b1922039-13bf-4a1a-8d25-5140ba4ac502,cc.Texture2D,texture/platform/QIWIWallet,04_Assets/HotUpdate/Native/b1922039-13bf-4a1a-8d25-5140ba4ac502/b1922039-13bf-4a1a-8d25-5140ba4ac502.9e4a6.png,10cda495a67f3c23331a0310cfcafbe699289ea275ce0a43576063b23b853d9e
HotUpdate,b1b7e697-fcde-40c6-b7c9-aef3973255bc,cc.Texture2D,GameDialog/GameRealWDDialog11/editbox,04_Assets/HotUpdate/Native/b1b7e697-fcde-40c6-b7c9-aef3973255bc/b1b7e697-fcde-40c6-b7c9-aef3973255bc.24ba6.png,6d9db8679ab68184583d73e9986c6b33f11989a0e693e3fe53e19e6880d11952
HotUpdate,b209eb26-fa31-4227-8ee1-0726b8b00e9b,cc.Texture2D,texture/spine/HeChengSM_TX/HeChengSM_TX,04_Assets/HotUpdate/Native/b209eb26-fa31-4227-8ee1-0726b8b00e9b/b209eb26-fa31-4227-8ee1-0726b8b00e9b.42e84.png,78e77616a1203f3da666ee2acf1312ee7155b8221b73af9b4c500911b2c0427f
HotUpdate,b2789684-61a0-4923-92da-ba0f8eb33053,cc.AudioClip,Audio/fly_red_bag,04_Assets/HotUpdate/Native/b2789684-61a0-4923-92da-ba0f8eb33053/b2789684-61a0-4923-92da-ba0f8eb33053.d53cd.mp3,dc268c163b1fe6e511ceb7feb79421eeb35331983214acb6d553e9d1c81ba372
HotUpdate,b30b0868-0818-47be-a3e4-c913dabae1fe,cc.Asset,texture/spine/CaiDai_TX/CaiDai_TX,04_Assets/HotUpdate/Native/b30b0868-0818-47be-a3e4-c913dabae1fe/b30b0868-0818-47be-a3e4-c913dabae1fe.6be83.atlas,d8f45d109ea1bd6eb3d295f0abf7bf013524c52e605106f4ca56f5a2c95104d8
HotUpdate,b3680aad-a71c-4adf-863b-b3ac71a0e940,cc.Texture2D,GameDialog/playerScore/bg,04_Assets/HotUpdate/Native/b3680aad-a71c-4adf-863b-b3ac71a0e940/b3680aad-a71c-4adf-863b-b3ac71a0e940.d4fde.png,1c36d79ce25e9a21882548365c974f71530fbd1b47b483edb9471ea96dd693c8
HotUpdate,b43ff3c2-02bb-4874-81f7-f2dea6970f18,cc.Texture2D,,04_Assets/HotUpdate/Native/b43ff3c2-02bb-4874-81f7-f2dea6970f18/b43ff3c2-02bb-4874-81f7-f2dea6970f18.83fcc.png,132fda6a4b38333dcb471f09be05aed43d01b83dcc7a09c168b5629cdee31865
HotUpdate,b4fafe24-c869-491e-885e-a0b667366ccf,cc.Texture2D,texture/coin2/24,04_Assets/HotUpdate/Native/b4fafe24-c869-491e-885e-a0b667366ccf/b4fafe24-c869-491e-885e-a0b667366ccf.cfb80.png,1cbe0cd3c1eab4bca03ad452d829c8de01732e041f1422b7e764c499380fe911
HotUpdate,b5e12702-d79d-4a5a-a1ba-ed654718a090,cc.AudioClip,Audio/sfx_bom,04_Assets/HotUpdate/Native/b5e12702-d79d-4a5a-a1ba-ed654718a090/b5e12702-d79d-4a5a-a1ba-ed654718a090.2fa60.wav,a069ca1023ac545d3f0b36e7f0b7c75590800169f2b4bacf67852638b1e75bc3
HotUpdate,b72f23f4-fabc-4fa0-89bc-f0f364a851cc,cc.Texture2D,texture/coin3/12,04_Assets/HotUpdate/Native/b72f23f4-fabc-4fa0-89bc-f0f364a851cc/b72f23f4-fabc-4fa0-89bc-f0f364a851cc.07ca9.png,ecf02835abe65faf805327040b8355cfd12cb43910780d987d43e177ad8a5960
HotUpdate,b76fe349-beed-41e3-aa49-d37b0b0873f7,cc.Texture2D,GameDialog/RealWDHintDialog/title,04_Assets/HotUpdate/Native/b76fe349-beed-41e3-aa49-d37b0b0873f7/b76fe349-beed-41e3-aa49-d37b0b0873f7.b12be.png,df6b46408c722c218f6a86b9e9150c53299fc3ae30db613de38c8859f9c8a3b0
HotUpdate,b828f446-bbd7-4385-a656-787de4635157,cc.Texture2D,GameDialog/GameRealWDDialog11/bg33,04_Assets/HotUpdate/Native/b828f446-bbd7-4385-a656-787de4635157/b828f446-bbd7-4385-a656-787de4635157.75bc4.png,3e4eb653f66b9a2fdf75a78b0c43595119d5296a94dacd6d37a080b23b875aeb
HotUpdate,b9877381-bf3b-413a-8614-c71c68089693,cc.Texture2D,,04_Assets/HotUpdate/Native/b9877381-bf3b-413a-8614-c71c68089693/b9877381-bf3b-413a-8614-c71c68089693.e3b60.png,24a6b0fc677a9d3de03349945b0deff516180d70c405be46a2a6cc040ad29208
HotUpdate,bb1c8bdb-6e1d-4d52-ad3c-05f0ca7b4ebd,cc.Texture2D,GameDialog/common/ad,04_Assets/HotUpdate/Native/bb1c8bdb-6e1d-4d52-ad3c-05f0ca7b4ebd/bb1c8bdb-6e1d-4d52-ad3c-05f0ca7b4ebd.8f872.png,93fc9b6b15ff8222e73c136b3e82bd03123c18a70c51e74b7b31cfe71badee5e
HotUpdate,bb3e9e50-e9df-4200-a234-d4886f908f5c,cc.Texture2D,texture/coin2/8,04_Assets/HotUpdate/Native/bb3e9e50-e9df-4200-a234-d4886f908f5c/bb3e9e50-e9df-4200-a234-d4886f908f5c.a735c.png,98c7a71c92d5847d2ccaea08a69b49978ce8f72cfc9715ab1917abbbe0ddbe62
HotUpdate,bcefb0cd-136e-43b4-8224-7082659fe72e,cc.Texture2D,GameDialog/hintDialog/编组 2(1),04_Assets/HotUpdate/Native/bcefb0cd-136e-43b4-8224-7082659fe72e/bcefb0cd-136e-43b4-8224-7082659fe72e.82144.png,fd53c8353d5568d29b5de245f987d3d6f74abaef72e0f35973a0c061a7cfbfa2
HotUpdate,bd9fe524-412b-481c-9d55-55338e112966,cc.Texture2D,,04_Assets/HotUpdate/Native/bd9fe524-412b-481c-9d55-55338e112966/bd9fe524-412b-481c-9d55-55338e112966.02f23.png,d81e9b09e40e59cf8fe949a62900efed92d2835fb010207318e6f1b612cdaec3
HotUpdate,be1d0bb4-ebeb-4293-a4b0-b1320fa718c2,cc.Texture2D,GameDialog/GameRealWDHelp/位图,04_Assets/HotUpdate/Native/be1d0bb4-ebeb-4293-a4b0-b1320fa718c2/be1d0bb4-ebeb-4293-a4b0-b1320fa718c2.e7f0a.png,84510ca012ae82cb80ab4f38037b4c6f709c38680abc92b47569875d4a2e7436
HotUpdate,be9e17fb-b5b4-4352-bd04-07f0ea38cfeb,cc.Texture2D,texture/coin1/10,04_Assets/HotUpdate/Native/be9e17fb-b5b4-4352-bd04-07f0ea38cfeb/be9e17fb-b5b4-4352-bd04-07f0ea38cfeb.edb24.png,9fd93a0bc1e6e7d78d241da2073691ab3c2ef9178b9c79ee78e4a662bcc107aa
HotUpdate,beeddf78-7220-4f0a-ac0c-91e5ae9e3bac,cc.Texture2D,GameDialog/TaskDialog/taskBg,04_Assets/HotUpdate/Native/beeddf78-7220-4f0a-ac0c-91e5ae9e3bac/beeddf78-7220-4f0a-ac0c-91e5ae9e3bac.85cd8.png,3cde13c69212aaad4097a01bed8d07923c9c55acfd554c58331ad0b0908f6b85
HotUpdate,c0944be6-bf96-46f6-8fbd-8d287390cb2d,cc.Texture2D,texture/CashPlat/GCash,04_Assets/HotUpdate/Native/c0944be6-bf96-46f6-8fbd-8d287390cb2d/c0944be6-bf96-46f6-8fbd-8d287390cb2d.eb02f.png,2b62aac399e0f970e472042048ca17721b270e8b89627be7dd0781260826c26d
HotUpdate,c106c6c9-bf67-4141-a4e6-46162dc7131e,cc.Texture2D,texture/spine/ND_00/ND_02,04_Assets/HotUpdate/Native/c106c6c9-bf67-4141-a4e6-46162dc7131e/c106c6c9-bf67-4141-a4e6-46162dc7131e.f9b32.png,13524ad38dcb7421612b2664602a13eb02c77ae0e3100314ffbc4e432181a9c4
HotUpdate,c13fc880-7a29-489a-be32-bfc4cc4accd4,cc.Texture2D,GameDialog/gameView/Privacy Policy3,04_Assets/HotUpdate/Native/c13fc880-7a29-489a-be32-bfc4cc4accd4/c13fc880-7a29-489a-be32-bfc4cc4accd4.6d447.png,725d09c42a4d482a88ffa1d6b6b04a08bd1bba7a3f64117287f8ad340fd1aab7
HotUpdate,c292251d-1b64-4f78-9233-fb9f1b5d4bf8,cc.Texture2D,GameDialog/GameRealWDHelp/phone,04_Assets/HotUpdate/Native/c292251d-1b64-4f78-9233-fb9f1b5d4bf8/c292251d-1b64-4f78-9233-fb9f1b5d4bf8.e803d.png,3830f1a7bf48a60a41d5f4ddf0396279bedd33a6aa0f0c2883c8e281031e18ab
HotUpdate,c2c190e5-5aa2-4678-b43e-c5223d2575b0,cc.Texture2D,texture/CashPlat/Paymaya_1,04_Assets/HotUpdate/Native/c2c190e5-5aa2-4678-b43e-c5223d2575b0/c2c190e5-5aa2-4678-b43e-c5223d2575b0.2f211.png,b994c70c6d22bccb1771b24b00cf0560855f2a4cc767b63a9ff544248d66ca48
HotUpdate,c357acda-e071-47e8-a989-a11fdb7285bb,cc.Texture2D,texture/coin3/5,04_Assets/HotUpdate/Native/c357acda-e071-47e8-a989-a11fdb7285bb/c357acda-e071-47e8-a989-a11fdb7285bb.4db00.png,4d2ae61d582a8ed36bc3a66761b6c8c9fc982ecefe52b1b5d06d3138fa44e471
HotUpdate,c36f733b-5254-4f8f-9197-78213af39d55,cc.Texture2D,texture/coin1/26,04_Assets/HotUpdate/Native/c36f733b-5254-4f8f-9197-78213af39d55/c36f733b-5254-4f8f-9197-78213af39d55.836fb.png,ddb3ab3efbf155a57bf3b74cf4ef0a0f5c91d35d7c7f649fbb3a5b3b02f25d64
HotUpdate,c467364f-fa90-4dca-b14a-7d8291ec80fd,cc.Texture2D,GameDialog/UpdateDialog/bg,04_Assets/HotUpdate/Native/c467364f-fa90-4dca-b14a-7d8291ec80fd/c467364f-fa90-4dca-b14a-7d8291ec80fd.08cbe.png,971df0112ff9bcfda85638881c5e29f2b207c10c6f806e2481a5d9c26ad20ffa
HotUpdate,c4db6e46-272d-412d-a0d3-29eeecf57223,cc.Texture2D,texture/coin1/24,04_Assets/HotUpdate/Native/c4db6e46-272d-412d-a0d3-29eeecf57223/c4db6e46-272d-412d-a0d3-29eeecf57223.3d097.png,2410611c20f7cebc5f192ebaf680197adcab009001264c0d9dd94173079de9f5
HotUpdate,c5aa18ba-d12b-4d74-8e32-a1cadf8c4f84,cc.Texture2D,GameDialog/FailDialog/2000备份 2,04_Assets/HotUpdate/Native/c5aa18ba-d12b-4d74-8e32-a1cadf8c4f84/c5aa18ba-d12b-4d74-8e32-a1cadf8c4f84.109f2.png,c2cb49d4770c2f6e5628e1f7e2607395db26cfed422280a91620a392723a8749
HotUpdate,c66deede-6ab6-4b4a-983a-1eeb6b7d183e,cc.Texture2D,texture/coin1/11,04_Assets/HotUpdate/Native/c66deede-6ab6-4b4a-983a-1eeb6b7d183e/c66deede-6ab6-4b4a-983a-1eeb6b7d183e.74db4.png,58a61c71c354aff00e3bdc28a69d2a6fec395f21a208063cec5511175fb17cac
HotUpdate,c68e5846-6add-4ffa-a896-2cc1de565ff8,cc.Texture2D,GameDialog/GameFakeWDDialog/icon_select,04_Assets/HotUpdate/Native/c68e5846-6add-4ffa-a896-2cc1de565ff8/c68e5846-6add-4ffa-a896-2cc1de565ff8.df32f.png,e2b8b8f8b00fb5ee5a3943bf713afd8016bda79b8a309956622a8251b9e2711f
HotUpdate,c73375c3-1069-478f-8ce0-88b304ad8306,cc.Texture2D,GameDialog/TaskDialog/title,04_Assets/HotUpdate/Native/c73375c3-1069-478f-8ce0-88b304ad8306/c73375c3-1069-478f-8ce0-88b304ad8306.7ae1b.png,3c35e6b83a77c2a88153c2da6e7bf324893f1c256a795fd7eddf33118abbf44b
HotUpdate,c82a57e5-740f-4903-aa16-1abc3458ee8c,cc.Texture2D,texture/coin1/29,04_Assets/HotUpdate/Native/c82a57e5-740f-4903-aa16-1abc3458ee8c/c82a57e5-740f-4903-aa16-1abc3458ee8c.10a34.png,ebae47c4ba70b44e5c2aa9341f2126d939148bc43582fcb7b464e740c17eb880
HotUpdate,c8486957-d89a-4018-b0c2-8556a6b0f0f6,cc.Texture2D,GameDialog/luckyDraw/bg,04_Assets/HotUpdate/Native/c8486957-d89a-4018-b0c2-8556a6b0f0f6/c8486957-d89a-4018-b0c2-8556a6b0f0f6.b1388.png,f2b7fac44af66634d787e45531a3cfb83b51743c67469f4489944001123fcbac
HotUpdate,c954d92b-d461-42cc-8cfb-d7d21c1fe264,cc.Texture2D,texture/coin1/13,04_Assets/HotUpdate/Native/c954d92b-d461-42cc-8cfb-d7d21c1fe264/c954d92b-d461-42cc-8cfb-d7d21c1fe264.c4b1b.png,d7ff535ea2a0b7192e53e006e48ba978d4fd2b64e421628d72e505d8aff8f963
HotUpdate,c95afd14-88c4-463f-96c9-4f09c4e8943f,cc.Texture2D,GameDialog/FailDialog/bg,04_Assets/HotUpdate/Native/c95afd14-88c4-463f-96c9-4f09c4e8943f/c95afd14-88c4-463f-96c9-4f09c4e8943f.0f154.png,91a137db629c71d9435689f6dc09e75a7902e3addc748cceeb2f9643ad445d17
HotUpdate,cb79c35b-ae48-4c2c-a19f-de0f534d3f6c,cc.Texture2D,GameDialog/FailDialog/btn_Close,04_Assets/HotUpdate/Native/cb79c35b-ae48-4c2c-a19f-de0f534d3f6c/cb79c35b-ae48-4c2c-a19f-de0f534d3f6c.1afcf.png,0f74f6a8a68c8687c2b4488b5e05692c3cedb46e410b436fac6719d56aefde62
HotUpdate,cbcd5bf2-d7c8-4fe0-99f4-57d7c6aeb065,cc.Texture2D,texture/platform/mastercard,04_Assets/HotUpdate/Native/cbcd5bf2-d7c8-4fe0-99f4-57d7c6aeb065/cbcd5bf2-d7c8-4fe0-99f4-57d7c6aeb065.5d783.png,79cd61d1ce5145ce30698cafaaa952eaa0d5d4423599e547d4619793ce9e8aad
HotUpdate,cc174075-2554-43a1-8f33-71fa44e4c898,cc.Asset,texture/spine/GuangH_TX/GuangH_TX,04_Assets/HotUpdate/Native/cc174075-2554-43a1-8f33-71fa44e4c898/cc174075-2554-43a1-8f33-71fa44e4c898.113e0.atlas,5c1cbb4f433c1c174c13d66ce363a26db5b4cbccc4ebf618d1c91268841d59a9
HotUpdate,cc3e57d5-8afd-49c2-88dd-3b0b40c12ab2,cc.Texture2D,texture/spine/GuangH_TX/GuangH_TX,04_Assets/HotUpdate/Native/cc3e57d5-8afd-49c2-88dd-3b0b40c12ab2/cc3e57d5-8afd-49c2-88dd-3b0b40c12ab2.3ea20.png,8d3c9fff0c8e16c323f577a3006cd0cd7276bb4a3306c3cd224a6d3b889092b1
HotUpdate,cce0a55e-72d5-49cb-a032-aa2dfd206276,cc.Texture2D,,04_Assets/HotUpdate/Native/cce0a55e-72d5-49cb-a032-aa2dfd206276/cce0a55e-72d5-49cb-a032-aa2dfd206276.52fc7.png,fe716c914caef7d2a19c5c251305517961c371713a7738076b1210c49fd735c6
HotUpdate,cd573cb9-0726-448d-954b-94e61a4f0b17,cc.Texture2D,texture/coin3/17,04_Assets/HotUpdate/Native/cd573cb9-0726-448d-954b-94e61a4f0b17/cd573cb9-0726-448d-954b-94e61a4f0b17.595ee.png,54289e918da64c27c16670f3ce6a8a58e050ec4b769d11701c1e26018a911359
HotUpdate,cd5be030-a105-4543-be7b-8ae62688690d,cc.Texture2D,GameDialog/SettingDialog/btnSet,04_Assets/HotUpdate/Native/cd5be030-a105-4543-be7b-8ae62688690d/cd5be030-a105-4543-be7b-8ae62688690d.f3910.png,4316db0f62dc99e5b9765f0338887d18d4b764d7e07462fb12764b5309f98135
HotUpdate,ceae34ab-d07d-4fb2-9e9c-346f28cb229c,cc.Texture2D,texture/coin3/14,04_Assets/HotUpdate/Native/ceae34ab-d07d-4fb2-9e9c-346f28cb229c/ceae34ab-d07d-4fb2-9e9c-346f28cb229c.79ebe.png,6a97b0939ec153d19b96f50d5fcc72462b1393ce72318f08203f74da0d96b088
HotUpdate,cfc794f5-2c7c-4ffb-acdf-fde6e4aef0fb,cc.Texture2D,GameDialog/GameRealWDDialog11/bg4,04_Assets/HotUpdate/Native/cfc794f5-2c7c-4ffb-acdf-fde6e4aef0fb/cfc794f5-2c7c-4ffb-acdf-fde6e4aef0fb.6b22b.png,8e097ef06fd8836a01551ac025f293993874aa0a570a314fb5eb43975d0c0585
HotUpdate,d08345c0-eedf-4162-97aa-6dcb9cf15c04,cc.Texture2D,texture/coin3/25,04_Assets/HotUpdate/Native/d08345c0-eedf-4162-97aa-6dcb9cf15c04/d08345c0-eedf-4162-97aa-6dcb9cf15c04.dd67f.png,43d5cd9ca7dca9c801aa385a81cef8698e7cc6e632ce588e6b35996cc8973330
HotUpdate,d0b0e310-19d7-44d5-973b-7c4d28dcca42,cc.Texture2D,GameDialog/common/btn_gary,04_Assets/HotUpdate/Native/d0b0e310-19d7-44d5-973b-7c4d28dcca42/d0b0e310-19d7-44d5-973b-7c4d28dcca42.cd2be.png,95634f27052267c72d00d29678d2c2bbf76aef2cd9240f62b7b33883b991e3fb
HotUpdate,d1f73056-1a53-4a6c-af4b-f4489993b50d,cc.Texture2D,GameDialog/FailDialog/icon_play,04_Assets/HotUpdate/Native/d1f73056-1a53-4a6c-af4b-f4489993b50d/d1f73056-1a53-4a6c-af4b-f4489993b50d.77aca.png,e7948a9c7bf6c5cfc07408068c84e59d5abb14e88f3640e6470a62f1b13e7d8c
HotUpdate,d1fd081a-f48d-4f67-808e-946d1facba73,cc.Texture2D,texture/platform/NaverPay,04_Assets/HotUpdate/Native/d1fd081a-f48d-4f67-808e-946d1facba73/d1fd081a-f48d-4f67-808e-946d1facba73.a7d38.png,2f77f5f777dd997a2af67f4ce142a4aba323bb63ba45cbac9227a9d87d30a4e7
HotUpdate,d25f5a55-5b2f-4ab2-b5cc-9e711852a29c,cc.Texture2D,texture/coin2/9,04_Assets/HotUpdate/Native/d25f5a55-5b2f-4ab2-b5cc-9e711852a29c/d25f5a55-5b2f-4ab2-b5cc-9e711852a29c.a6288.png,0ba4ea819bbfd152558fe26b0e90fcadaae961ef2bc082267f4099528eeadc09
HotUpdate,d2a39e2e-63f3-4012-9395-39e2b61ee679,cc.Texture2D,GameDialog/common/renwu,04_Assets/HotUpdate/Native/d2a39e2e-63f3-4012-9395-39e2b61ee679/d2a39e2e-63f3-4012-9395-39e2b61ee679.4186c.png,20af741f6be7c75d42bbc3dcd228edccf6981f2ba38e76a933af61c9dc4c1db9
HotUpdate,d2b97284-6dc8-45fd-85e1-739f0fd2979d,cc.Texture2D,texture/platform/Paytm,04_Assets/HotUpdate/Native/d2b97284-6dc8-45fd-85e1-739f0fd2979d/d2b97284-6dc8-45fd-85e1-739f0fd2979d.45b92.png,72fd7d86e105a957e36d196d40948607d1634451e3da49480cf23acfb9a4d596
HotUpdate,d4427092-834e-405c-ab0c-59abf97dbcbd,cc.Texture2D,texture/CashPlat/PayPal_2,04_Assets/HotUpdate/Native/d4427092-834e-405c-ab0c-59abf97dbcbd/d4427092-834e-405c-ab0c-59abf97dbcbd.c1caa.png,3dd37d54cc56b4effb9939b11c77fd887c49ac700991da380a6f8c11cf9d6cad
HotUpdate,d4d2059b-1aa1-4282-bfb2-4b3ac52c895b,cc.Texture2D,texture/platform/DANA,04_Assets/HotUpdate/Native/d4d2059b-1aa1-4282-bfb2-4b3ac52c895b/d4d2059b-1aa1-4282-bfb2-4b3ac52c895b.4068b.png,eb1794d51e22792eb6533156b2ce684ddc8378d827516ea1efc2fa35c64446f2
HotUpdate,d5e851d0-973a-40d9-86c2-43f6c11966d3,cc.Texture2D,texture/CashPlat/ZaloPay_1,04_Assets/HotUpdate/Native/d5e851d0-973a-40d9-86c2-43f6c11966d3/d5e851d0-973a-40d9-86c2-43f6c11966d3.65893.png,2dcc1b1be3966afef57791b18f8ccba0cf4bbad2fdfa909dd6e677b0dbda2824
HotUpdate,d6f0eade-1f0a-4a12-b263-0f3032fa2f3c,cc.Texture2D,GameDialog/SettingDialog/ON,04_Assets/HotUpdate/Native/d6f0eade-1f0a-4a12-b263-0f3032fa2f3c/d6f0eade-1f0a-4a12-b263-0f3032fa2f3c.e5c85.png,0b1a46a419c8b748df11359be3bb353fe25908130898e8b1d7333631a065cd82
HotUpdate,d6f7efa1-8413-4a05-8798-e9facda1ee47,cc.Texture2D,texture/coin1/22,04_Assets/HotUpdate/Native/d6f7efa1-8413-4a05-8798-e9facda1ee47/d6f7efa1-8413-4a05-8798-e9facda1ee47.bbcbe.png,17151c0b299a540648f267af4c8a6c5258c4f97406c207fd5bde2941c28836a9
HotUpdate,d7045568-a9a2-4f8a-9870-1bad8bbd9bf2,cc.Texture2D,texture/platform/KakaoPay,04_Assets/HotUpdate/Native/d7045568-a9a2-4f8a-9870-1bad8bbd9bf2/d7045568-a9a2-4f8a-9870-1bad8bbd9bf2.d18f3.png,cc7c70ffd7cb08b8a686b65939d71bff481666f34496d7caada0acda39762f25
HotUpdate,d8f9fb04-5d98-4422-abca-596f099bbac4,cc.Texture2D,GameDialog/GameFakeWDDialog/topBg,04_Assets/HotUpdate/Native/d8f9fb04-5d98-4422-abca-596f099bbac4/d8f9fb04-5d98-4422-abca-596f099bbac4.bfd33.png,307515af6c6f0b42a4fe42f1d7872dbc96d5c14af2cea87a2efc098c9165d205
HotUpdate,d96c068f-8509-4eb4-afb3-396bda576304,cc.Texture2D,texture/coin3/2,04_Assets/HotUpdate/Native/d96c068f-8509-4eb4-afb3-396bda576304/d96c068f-8509-4eb4-afb3-396bda576304.ca5d6.png,a2d0cbed6e4f44ff2e789b1fcea0b067eca583c2d41ee0be9d0a472f8c1646a3
HotUpdate,d9c09765-bb46-4fd4-b045-663473a461dd,cc.Texture2D,GameDialog/common/btn2,04_Assets/HotUpdate/Native/d9c09765-bb46-4fd4-b045-663473a461dd/d9c09765-bb46-4fd4-b045-663473a461dd.fea11.png,da1841ffe26fc1b5c586862af4f821e4e435668b679c35a327f2e397d2dd6535
HotUpdate,da634746-2403-477b-a608-f8fb1cd57f5d,cc.Texture2D,GameDialog/mergeRule/bg(1),04_Assets/HotUpdate/Native/da634746-2403-477b-a608-f8fb1cd57f5d/da634746-2403-477b-a608-f8fb1cd57f5d.72b01.png,74c55baf884b04f9d1cc9f19e91b04cb2b9b9e49a0a413ae9cf6735f73ae3221
HotUpdate,da843ddf-76b7-4e87-8a6e-3e433607b638,cc.Texture2D,GameDialog/luckyDraw/money1,04_Assets/HotUpdate/Native/da843ddf-76b7-4e87-8a6e-3e433607b638/da843ddf-76b7-4e87-8a6e-3e433607b638.4f85a.png,9a5260a4daae1f2bb7dcd591454fa64a7c248127b2443f4e85d4058050248538
HotUpdate,dbacd431-0193-43b2-827b-cce234061f5a,cc.Texture2D,,04_Assets/HotUpdate/Native/dbacd431-0193-43b2-827b-cce234061f5a/dbacd431-0193-43b2-827b-cce234061f5a.b23f1.png,8e75e5f9fcb0d8368e192d9127e4a08d34990a5cae498eae55e87ae2280d5bd6
HotUpdate,dd1ea4b4-1fd4-45a0-8a52-3857ce439dad,cc.Texture2D,GameDialog/GameFakeWDDialog/selectBg,04_Assets/HotUpdate/Native/dd1ea4b4-1fd4-45a0-8a52-3857ce439dad/dd1ea4b4-1fd4-45a0-8a52-3857ce439dad.a8ee3.png,2a261e6eca7cf525e6d2731127515c806772b727adb766fe6a07f6572ac6d75c
HotUpdate,ddc5a5d8-6449-425d-9832-e2a27d3f8309,cc.Texture2D,texture/coin3/16,04_Assets/HotUpdate/Native/ddc5a5d8-6449-425d-9832-e2a27d3f8309/ddc5a5d8-6449-425d-9832-e2a27d3f8309.da4af.png,7fdefdaefb5d9cfea5a4722cf6c3b16e3327a37697f1a9afa42b5ec376a67b4a
HotUpdate,df14ab68-08c4-4be4-80e3-e6530da03f49,cc.Texture2D,texture/coin1/3,04_Assets/HotUpdate/Native/df14ab68-08c4-4be4-80e3-e6530da03f49/df14ab68-08c4-4be4-80e3-e6530da03f49.3e3c9.png,984e30f8eb6b3d10895d3d6a1c4e8b72197f7189a7c5683b31e05ead02d8a432
HotUpdate,e29c28f5-31e1-4898-bc9d-e397a6d635f8,cc.Texture2D,GameDialog/GameRealWDDialog11/bg1,04_Assets/HotUpdate/Native/e29c28f5-31e1-4898-bc9d-e397a6d635f8/e29c28f5-31e1-4898-bc9d-e397a6d635f8.d99ee.png,e7e487971c02e058b400a2777858157f8e9e196fa7a3baed04d1c8eeba2f2f36
HotUpdate,e3e12a91-1a7c-4d9a-bc5c-970c3dbeee63,cc.Texture2D,texture/coin2/32,04_Assets/HotUpdate/Native/e3e12a91-1a7c-4d9a-bc5c-970c3dbeee63/e3e12a91-1a7c-4d9a-bc5c-970c3dbeee63.85dbd.png,bd3720c41eb1f1f57f996db4dace2642b18ccc687680f3c92be92691cc2dd107
HotUpdate,e42fa6d4-db22-4030-8c7d-0c53a4f54677,cc.Texture2D,texture/coin1/0,04_Assets/HotUpdate/Native/e42fa6d4-db22-4030-8c7d-0c53a4f54677/e42fa6d4-db22-4030-8c7d-0c53a4f54677.5cd15.png,3f897fbd2b6b548ebd8a7f019a0393371942849da3952fcb05810cdc00fc8d90
HotUpdate,e44ce00a-1ca1-4173-a46f-31170bea152a,cc.Texture2D,GameDialog/GameFakeWDDialog/unselectBg,04_Assets/HotUpdate/Native/e44ce00a-1ca1-4173-a46f-31170bea152a/e44ce00a-1ca1-4173-a46f-31170bea152a.e6dea.png,dc1a7aa21318cb5f7af183298c7639a761ee94fbe05b8261680f38f81e1b9055
HotUpdate,e5297da9-705c-4488-835d-2519450a2699,cc.Texture2D,texture/CashPlat/PIX_2,04_Assets/HotUpdate/Native/e5297da9-705c-4488-835d-2519450a2699/e5297da9-705c-4488-835d-2519450a2699.ea5b5.png,f894685ad76359b8bbd5e2d72d430eaef89dc8f5fba5a001c25e7bad76c444a4
HotUpdate,e60b6c2e-2b9d-43e4-9675-ccbafa3fa25f,cc.Texture2D,GameDialog/common/2000,04_Assets/HotUpdate/Native/e60b6c2e-2b9d-43e4-9675-ccbafa3fa25f/e60b6c2e-2b9d-43e4-9675-ccbafa3fa25f.ec28d.png,149fbe1ea019137e0402816d9895ff1d1b52a265432a73d975d859b53118d19a
HotUpdate,e617f87b-4c7a-4a93-80fa-0cd30685c387,cc.AudioClip,Audio/sfx_combo_5,04_Assets/HotUpdate/Native/e617f87b-4c7a-4a93-80fa-0cd30685c387/e617f87b-4c7a-4a93-80fa-0cd30685c387.f1274.mp3,47ddb4a1604953c635f0e40085570db066edb04511ce61fcc9bda4a7faeb37c4
HotUpdate,e62b98f6-7d19-4091-acac-d98357fc5a92,cc.Texture2D,GameDialog/GameRealWDHelp/ads,04_Assets/HotUpdate/Native/e62b98f6-7d19-4091-acac-d98357fc5a92/e62b98f6-7d19-4091-acac-d98357fc5a92.af6cf.png,c62de010685a5e6ce8dc68e186170b6cfcf6360152e34b3138592392da10e5c2
HotUpdate,e67b0276-1c23-449d-a03f-01c4316e93ff,cc.Texture2D,GameDialog/GameRealWDDialog11/selectBg,04_Assets/HotUpdate/Native/e67b0276-1c23-449d-a03f-01c4316e93ff/e67b0276-1c23-449d-a03f-01c4316e93ff.21b90.png,485601da46c1b480963c89aed3975ffc8434f085caf5c8d8263d0a7d3fb3743e
HotUpdate,e6e32258-d974-4795-a3e7-76a07f526a4a,cc.Texture2D,texture/coin2/21,04_Assets/HotUpdate/Native/e6e32258-d974-4795-a3e7-76a07f526a4a/e6e32258-d974-4795-a3e7-76a07f526a4a.9f0cc.png,4d6bdaaae1c23eba52d2c3db408417e764dc0032c5928a81d85c50410aab2bb1
HotUpdate,e7df34a7-df89-4e81-8edb-17dee2859649,cc.Texture2D,GameDialog/GameRealWDDialog11/编组 15(2),04_Assets/HotUpdate/Native/e7df34a7-df89-4e81-8edb-17dee2859649/e7df34a7-df89-4e81-8edb-17dee2859649.7623e.png,b1c2de6361e2ac0298dc4ff71359999116705270ec08b316e265cb33e681c856
HotUpdate,e81cce84-1ab1-4794-aacd-8894e5bf048d,cc.Texture2D,GameDialog/GameRealWDDialog11/smallTitleBg,04_Assets/HotUpdate/Native/e81cce84-1ab1-4794-aacd-8894e5bf048d/e81cce84-1ab1-4794-aacd-8894e5bf048d.0019c.png,685fc819059550a3cb3d0e570395d6e4eb0ce5dc898c1432ced039df9e1fc58b
HotUpdate,e851e89b-faa2-4484-bea6-5c01dd9f06e2,cc.Texture2D,,04_Assets/HotUpdate/Native/e851e89b-faa2-4484-bea6-5c01dd9f06e2/e851e89b-faa2-4484-bea6-5c01dd9f06e2.90cf4.png,5e3e931db260d0f43c2f5fd0ea791fbdc25923a8c14fcd6b0912581cd893f96d
HotUpdate,ea83411d-02a9-47cd-9e5d-79975a8fdc30,cc.Texture2D,GameDialog/GameRealWDDialog11/bottomBg,04_Assets/HotUpdate/Native/ea83411d-02a9-47cd-9e5d-79975a8fdc30/ea83411d-02a9-47cd-9e5d-79975a8fdc30.8d25b.png,72d50617bf653dde083d8158efbe46bf6f6be867fc1685e9b795116abe92a9d6
HotUpdate,eb63956d-e09e-458c-a5b1-37a0abc1ce48,cc.Texture2D,texture/spine/AnNiu_TX/AnNiu_TX,04_Assets/HotUpdate/Native/eb63956d-e09e-458c-a5b1-37a0abc1ce48/eb63956d-e09e-458c-a5b1-37a0abc1ce48.d4866.png,473c577208304d2435b0a34a53132af332d0e43e950308aaf7684592a51b1f76
HotUpdate,eb9b4234-35ef-4110-b928-f524d4b2fc32,cc.Texture2D,GameDialog/common/progressBg,04_Assets/HotUpdate/Native/eb9b4234-35ef-4110-b928-f524d4b2fc32/eb9b4234-35ef-4110-b928-f524d4b2fc32.1dbaa.png,caf335c21ef195678dec45ef275966293a1cddbcc1de1f603a5d3d0c46eabcda
HotUpdate,ebf8db8c-9357-469f-a560-31f57d3350bc,cc.Texture2D,,04_Assets/HotUpdate/Native/ebf8db8c-9357-469f-a560-31f57d3350bc/ebf8db8c-9357-469f-a560-31f57d3350bc.63807.png,43a0aacfb8ff8e47a52b77fded6c91086177e1b3bf8310cc963c58d86fdae55f
HotUpdate,ed5e836c-edbc-469c-8cdf-185931c33894,cc.Texture2D,texture/coin3/31,04_Assets/HotUpdate/Native/ed5e836c-edbc-469c-8cdf-185931c33894/ed5e836c-edbc-469c-8cdf-185931c33894.ad385.png,736364a6cb764d2ef8198931d34e0b8e65dcc20127fc0cdf1946db84efd5773a
HotUpdate,ed907295-f80c-4f3e-aa04-46a7607b3fe4,cc.Texture2D,texture/spine/ND_00/ND_03,04_Assets/HotUpdate/Native/ed907295-f80c-4f3e-aa04-46a7607b3fe4/ed907295-f80c-4f3e-aa04-46a7607b3fe4.9b9d0.png,91334928d98a5c7cafb103811d72e9b33ae49d9cd1bd287a647c07778cacfe23
HotUpdate,eee84c65-e4b2-4c77-9b79-129956fcf47b,cc.Texture2D,texture/coin1/19,04_Assets/HotUpdate/Native/eee84c65-e4b2-4c77-9b79-129956fcf47b/eee84c65-e4b2-4c77-9b79-129956fcf47b.39578.png,10fadd01a0dfaf006959d3c49bb424bb9babd12ba812150d65d0b9ad98a72b2e
HotUpdate,f0fe2d66-3b55-4cff-9758-b15157da8dda,cc.Texture2D,texture/platform/SamsungPay,04_Assets/HotUpdate/Native/f0fe2d66-3b55-4cff-9758-b15157da8dda/f0fe2d66-3b55-4cff-9758-b15157da8dda.46788.png,389ecee8366791158ba21dec7dc1f088b2314499023ddbd5561e3f5288ee87a1
HotUpdate,f1579cf0-c149-491b-ae76-4f349bc89521,cc.Texture2D,GameDialog/playerScore/star,04_Assets/HotUpdate/Native/f1579cf0-c149-491b-ae76-4f349bc89521/f1579cf0-c149-491b-ae76-4f349bc89521.de7fd.png,d03a52f201c8ba49d68d7488f507c6adf26271cec840875b9e3daeb90f6367a6
HotUpdate,f230e1ca-06cc-44f3-8e29-d05ff4be8721,cc.AudioClip,Audio/sfx_combo_4,04_Assets/HotUpdate/Native/f230e1ca-06cc-44f3-8e29-d05ff4be8721/f230e1ca-06cc-44f3-8e29-d05ff4be8721.68303.mp3,b6336eae7958f163b58b8d259fbadb0b705e05a8271d8ceb5618a9f5c75860de
HotUpdate,f236a1f9-bc2c-4f42-b0ef-8747936c6488,cc.Texture2D,GameDialog/luckyDraw/编组 4,04_Assets/HotUpdate/Native/f236a1f9-bc2c-4f42-b0ef-8747936c6488/f236a1f9-bc2c-4f42-b0ef-8747936c6488.bacbc.png,4c95409b6639cac8fe693257616b05fce2a711c652b8ccc25586ca820ee8f33d
HotUpdate,f35a8eae-43b5-43a1-a433-7e4cbcc39885,cc.Texture2D,,04_Assets/HotUpdate/Native/f35a8eae-43b5-43a1-a433-7e4cbcc39885/f35a8eae-43b5-43a1-a433-7e4cbcc39885.72aa9.png,a2c7eb2bad95eb51467061036e8020e63851dc95a883c04d15b2d499a898fcc8
HotUpdate,f373dd88-db52-4268-afca-32e24a796e3a,cc.Texture2D,GameDialog/RealWDHintDialog/line,04_Assets/HotUpdate/Native/f373dd88-db52-4268-afca-32e24a796e3a/f373dd88-db52-4268-afca-32e24a796e3a.d8817.png,a246aa6290caafc33dc50d6e6fc6b9d28ded47e5209882d784c8c6a39c47c920
HotUpdate,f3e2cdd4-a3b8-42fb-9f5b-cda59458c6dc,cc.Texture2D,texture/coin2/2,04_Assets/HotUpdate/Native/f3e2cdd4-a3b8-42fb-9f5b-cda59458c6dc/f3e2cdd4-a3b8-42fb-9f5b-cda59458c6dc.36a30.png,344a5450c7265db029f64aaeb0d2ce954e0790b34f5622c8fadb01b03e31c41f
HotUpdate,f444675c-4489-4710-b7ec-5d45cdb01006,cc.Texture2D,texture/coin1/9,04_Assets/HotUpdate/Native/f444675c-4489-4710-b7ec-5d45cdb01006/f444675c-4489-4710-b7ec-5d45cdb01006.ab2dc.png,67253e33c83554e8fe9152d8bcb06f9e2f7cb19967d0b51d00ded53202dae8f8
HotUpdate,f4711a6a-5be5-4467-81e8-60000cd2de70,cc.Texture2D,GameDialog/common/title,04_Assets/HotUpdate/Native/f4711a6a-5be5-4467-81e8-60000cd2de70/f4711a6a-5be5-4467-81e8-60000cd2de70.b9f9a.png,00946f731d9ec70319211daf3c99da11d2a5f2bff4bbb4786a6aa4462d13db24
HotUpdate,f5042cbd-72ca-4ce0-9778-43a63e3fa8f7,cc.Texture2D,texture/coin2/3,04_Assets/HotUpdate/Native/f5042cbd-72ca-4ce0-9778-43a63e3fa8f7/f5042cbd-72ca-4ce0-9778-43a63e3fa8f7.d80da.png,93a3e4d54e28bbc0c0dc3dbc62b93eddd094f9607e4ea2ae6e2ddc45012538ad
HotUpdate,f5a7b3c2-1ccd-4bda-bf46-df7e7b4078f7,cc.Texture2D,texture/coin2/27,04_Assets/HotUpdate/Native/f5a7b3c2-1ccd-4bda-bf46-df7e7b4078f7/f5a7b3c2-1ccd-4bda-bf46-df7e7b4078f7.9ba83.png,9310d0f51e70af3908b6f031cc0116d8350f8336b965cd97d98dc204913bde00
HotUpdate,f81ef140-0c6d-420a-978d-6a2e1b3a6de3,cc.Texture2D,GameDialog/TaskDialog/itemBg,04_Assets/HotUpdate/Native/f81ef140-0c6d-420a-978d-6a2e1b3a6de3/f81ef140-0c6d-420a-978d-6a2e1b3a6de3.06504.png,9271aa5993a454c5937d3fb2d3d7ad0851cd6c0cafc4575b887df97e27fbe7e8
HotUpdate,f8b65a39-2d3f-406b-8bb1-e5afc70ea9bd,cc.AudioClip,Audio/zhuangji,04_Assets/HotUpdate/Native/f8b65a39-2d3f-406b-8bb1-e5afc70ea9bd/f8b65a39-2d3f-406b-8bb1-e5afc70ea9bd.b3f51.mp3,e2507798e2c3f2a343b671b2299047c9c56910663e4b7fa8efd874b54693a8ca
HotUpdate,f968b4fb-d672-42f2-88d8-965f261edfb9,cc.Texture2D,GameDialog/gameView/Terms of Service2,04_Assets/HotUpdate/Native/f968b4fb-d672-42f2-88d8-965f261edfb9/f968b4fb-d672-42f2-88d8-965f261edfb9.704ee.png,68b0d37e721b3e3c6b8e935f65250b43fb536de9942d052d2965d24ee5bd9ba5
HotUpdate,f97816d7-a831-4a3f-be47-c0b187931f1a,cc.Texture2D,GameDialog/GameRealWDHelp/编组 3,04_Assets/HotUpdate/Native/f97816d7-a831-4a3f-be47-c0b187931f1a/f97816d7-a831-4a3f-be47-c0b187931f1a.84e38.png,a26cbcd6a680768581521ef6a0835a165d29872e1b699dab8f385e5e1959bf61
HotUpdate,fc08f2b3-c1fa-413d-81da-ef3e85dcb0cc,cc.Texture2D,GameDialog/RealWDHintDialog/icon,04_Assets/HotUpdate/Native/fc08f2b3-c1fa-413d-81da-ef3e85dcb0cc/fc08f2b3-c1fa-413d-81da-ef3e85dcb0cc.0348f.png,6b0b58000e95600fba07dc7ee35fd483aac0eae11b4b90fc299bdebfb9527918
HotUpdate,fd42070b-837d-475c-8d06-bbe1f6140759,cc.Texture2D,texture/coin2/18,04_Assets/HotUpdate/Native/fd42070b-837d-475c-8d06-bbe1f6140759/fd42070b-837d-475c-8d06-bbe1f6140759.1cb9b.png,8885273c34c96d0b5322d09033dbe075247f5c5e54ad27b205a9fd7f041f3432
HotUpdate,fd5bc93e-8595-4186-ac90-f719abee7ceb,cc.Texture2D,texture/coin2/26,04_Assets/HotUpdate/Native/fd5bc93e-8595-4186-ac90-f719abee7ceb/fd5bc93e-8595-4186-ac90-f719abee7ceb.76b44.png,08fdfbabdde41b50ddbb8ac84c242ce6c8d416814c51730fbc704ececc4c0b2f
HotUpdate,ff6f4d2c-eded-4e17-86ec-2a58bef81239,cc.Texture2D,GameDialog/TaskDialog/btn,04_Assets/HotUpdate/Native/ff6f4d2c-eded-4e17-86ec-2a58bef81239/ff6f4d2c-eded-4e17-86ec-2a58bef81239.65868.png,433f89d5a7266814e04ae686475b98b4e45649595009b8b6a9b984ce27b1b173
